Customer_ID,Name,City,Premium_Member
1,Saanvi Sharma,Mumbai,False
2,Vihaan Verma,Bangalore,False
3,Saanvi Patel,Delhi,False
4,Aarav Sharma,Delhi,False
5,Advik Patel,Mumbai,False
6,Saanvi Patel,Noida,False
7,Advik Gupta,Mumbai,False
8,Vihaan Singh,Chennai,False
9,Vihaan Gupta,Delhi,True
10,Aarav Gupta,Chennai,False
11,Aarav Singh,Ahmedabad,False
12,Diya Sharma,Ahmedabad,False
13,Saanvi Patel,Chennai,False
14,Saanvi Sharma,Mumbai,False
15,Ananya Sharma,Hyderabad,False
16,Diya Gupta,Gurgaon,False
17,Ananya Verma,Chennai,False
18,Saanvi Gupta,Jaipur,False
19,Saanvi Sharma,Kolkata,False
20,Advik Verma,Bangalore,False
21,Ananya Patel,Hyderabad,False
22,Aarav Verma,Mumbai,False
23,Diya Gupta,Delhi,False
24,Advik Gupta,Hyderabad,False
25,Diya Singh,Bangalore,False
26,Vihaan Patel,Ahmedabad,False
27,Advik Singh,Kolkata,False
28,Vihaan Verma,Ahmedabad,False
29,Aarav Sharma,Bangalore,False
30,Saanvi Singh,Kolkata,True
31,Diya Patel,Gurgaon,False
32,Advik Sharma,Lucknow,False
33,Saanvi Patel,Pune,False
34,Ananya Sharma,Pune,False
35,Diya Sharma,Jaipur,False
36,Ananya Patel,Bangalore,False
37,Aarav Gupta,Lucknow,False
38,Vihaan Verma,Chennai,False
39,Advik Patel,Mumbai,False
40,Diya Sharma,Delhi,False
41,Ananya Verma,Mumbai,False
42,Advik Sharma,Delhi,False
43,Aarav Patel,Bangalore,False
44,Diya Patel,Bangalore,False
45,Advik Singh,Hyderabad,False
46,Saanvi Verma,Jaipur,False
47,Saanvi Gupta,Gurgaon,False
48,Diya Sharma,Hyderabad,False
49,Ananya Sharma,Kolkata,False
50,Advik Verma,Mumbai,True
51,Saanvi Sharma,Hyderabad,True
52,Aarav Gupta,Delhi,False
53,Ananya Singh,Hyderabad,False
54,Saanvi Patel,Kolkata,False
55,Diya Singh,Hyderabad,True
56,Saanvi Singh,Chennai,False
57,Diya Sharma,Lucknow,False
58,Saanvi Sharma,Mumbai,False
59,Ananya Sharma,Hyderabad,False
60,Advik Singh,Bangalore,False
61,Ananya Singh,Hyderabad,False
62,Aarav Singh,Ahmedabad,True
63,Saanvi Patel,Mumbai,False
64,Vihaan Verma,Noida,False
65,Vihaan Singh,Mumbai,False
66,Aarav Singh,Pune,False
67,Diya Gupta,Noida,False
68,Saanvi Patel,Lucknow,False
69,Vihaan Verma,Pune,False
70,Aarav Patel,Jaipur,False
71,Saanvi Gupta,Mumbai,True
72,Diya Patel,Ahmedabad,False
73,Advik Sharma,Bangalore,True
74,Aarav Verma,Noida,False
75,Advik Verma,Kolkata,False
76,Advik Sharma,Noida,False
77,Advik Patel,Chennai,False
78,Vihaan Gupta,Hyderabad,False
79,Vihaan Gupta,Gurgaon,False
80,Aarav Sharma,Gurgaon,False
81,Advik Sharma,Delhi,False
82,Advik Gupta,Bangalore,False
83,Aarav Verma,Chennai,False
84,Diya Patel,Jaipur,False
85,Saanvi Patel,Mumbai,False
86,Advik Gupta,Lucknow,False
87,Vihaan Gupta,Delhi,False
88,Saanvi Patel,Bangalore,False
89,Advik Verma,Jaipur,False
90,Saanvi Gupta,Ahmedabad,False
91,Aarav Sharma,Lucknow,False
92,Ananya Sharma,Mumbai,False
93,Vihaan Gupta,Bangalore,False
94,Advik Singh,Ahmedabad,True
95,Aarav Verma,Ahmedabad,True
96,Ananya Patel,Ahmedabad,False
97,Vihaan Sharma,Pune,False
98,Aarav Gupta,Hyderabad,False
99,Saanvi Sharma,Chennai,False
100,Diya Patel,Jaipur,False
101,Vihaan Verma,Bangalore,False
102,Aarav Verma,Jaipur,False
103,Diya Verma,Pune,False
104,Saanvi Sharma,Noida,False
105,Diya Verma,Hyderabad,False
106,Diya Gupta,Pune,False
107,Vihaan Verma,Mumbai,False
108,Diya Gupta,Pune,False
109,Ananya Gupta,Lucknow,False
110,Saanvi Patel,Chennai,False
111,Aarav Gupta,Bangalore,False
112,Ananya Sharma,Delhi,False
113,Ananya Gupta,Noida,False
114,Advik Sharma,Noida,False
115,Vihaan Gupta,Mumbai,False
116,Aarav Patel,Ahmedabad,False
117,Saanvi Verma,Chennai,False
118,Saanvi Gupta,Kolkata,False
119,Aarav Gupta,Ahmedabad,False
120,Diya Gupta,Noida,False
121,Advik Verma,Hyderabad,False
122,Diya Verma,Kolkata,False
123,Diya Patel,Mumbai,False
124,Vihaan Singh,Kolkata,False
125,Ananya Singh,Gurgaon,False
126,Vihaan Patel,Gurgaon,False
127,Saanvi Verma,Lucknow,True
128,Advik Patel,Chennai,True
129,Vihaan Gupta,Hyderabad,False
130,Vihaan Sharma,Mumbai,False
131,Diya Patel,Delhi,False
132,Saanvi Patel,Hyderabad,False
133,Diya Singh,Noida,False
134,Saanvi Sharma,Delhi,False
135,Vihaan Verma,Jaipur,False
136,Aarav Patel,Hyderabad,False
137,Aarav Singh,Bangalore,False
138,Saanvi Patel,Ahmedabad,False
139,Diya Patel,Jaipur,False
140,Diya Patel,Gurgaon,False
141,Saanvi Singh,Gurgaon,False
142,Vihaan Gupta,Ahmedabad,False
143,Vihaan Gupta,Gurgaon,True
144,Ananya Verma,Pune,False
145,Advik Sharma,Bangalore,False
146,Diya Verma,Jaipur,False
147,Diya Singh,Chennai,False
148,Diya Sharma,Hyderabad,False
149,Diya Patel,Jaipur,True
150,Advik Singh,Gurgaon,True
151,Ananya Gupta,Noida,False
152,Diya Patel,Jaipur,False
153,Advik Verma,Gurgaon,False
154,Diya Singh,Mumbai,False
155,Saanvi Singh,Jaipur,False
156,Diya Verma,Kolkata,False
157,Diya Patel,Kolkata,False
158,Aarav Singh,Bangalore,False
159,Vihaan Sharma,Pune,False
160,Vihaan Singh,Chennai,False
161,Diya Gupta,Noida,False
162,Aarav Singh,Mumbai,False
163,Aarav Gupta,Hyderabad,False
164,Saanvi Sharma,Mumbai,False
165,Vihaan Sharma,Kolkata,False
166,Vihaan Singh,Lucknow,False
167,Vihaan Singh,Jaipur,False
168,Ananya Verma,Kolkata,False
169,Saanvi Sharma,Bangalore,False
170,Aarav Patel,Mumbai,False
171,Advik Singh,Noida,False
172,Vihaan Sharma,Kolkata,False
173,Saanvi Verma,Delhi,False
174,Ananya Patel,Delhi,False
175,Advik Sharma,Chennai,False
176,Saanvi Gupta,Delhi,False
177,Ananya Sharma,Noida,False
178,Aarav Singh,Chennai,False
179,Diya Verma,Noida,False
180,Advik Gupta,Kolkata,False
181,Advik Singh,Gurgaon,False
182,Saanvi Patel,Pune,False
183,Vihaan Sharma,Pune,False
184,Vihaan Singh,Kolkata,False
185,Diya Gupta,Mumbai,False
186,Ananya Verma,Gurgaon,False
187,Ananya Gupta,Pune,False
188,Saanvi Gupta,Ahmedabad,True
189,Vihaan Sharma,Hyderabad,False
190,Diya Patel,Hyderabad,False
191,Saanvi Singh,Gurgaon,False
192,Aarav Gupta,Hyderabad,False
193,Vihaan Gupta,Lucknow,False
194,Diya Patel,Ahmedabad,False
195,Saanvi Patel,Chennai,False
196,Diya Gupta,Pune,False
197,Aarav Verma,Chennai,False
198,Advik Verma,Hyderabad,False
199,Diya Gupta,Jaipur,False
200,Advik Patel,Pune,False
201,Vihaan Gupta,Hyderabad,False
202,Ananya Sharma,Jaipur,False
203,Ananya Sharma,Mumbai,False
204,Saanvi Verma,Lucknow,False
205,Diya Sharma,Mumbai,False
206,Diya Singh,Gurgaon,False
207,Aarav Gupta,Gurgaon,False
208,Aarav Singh,Gurgaon,True
209,Saanvi Sharma,Bangalore,False
210,Advik Gupta,Delhi,False
211,Aarav Patel,Noida,False
212,Advik Verma,Ahmedabad,False
213,Diya Gupta,Kolkata,False
214,Ananya Patel,Kolkata,True
215,Saanvi Sharma,Hyderabad,False
216,Ananya Sharma,Bangalore,False
217,Advik Sharma,Bangalore,True
218,Diya Patel,Gurgaon,False
219,Vihaan Gupta,Jaipur,False
220,Diya Sharma,Lucknow,False
221,Ananya Patel,Lucknow,False
222,Vihaan Singh,Delhi,False
223,Saanvi Verma,Pune,False
224,Aarav Sharma,Bangalore,False
225,Advik Patel,Pune,False
226,Diya Gupta,Jaipur,False
227,Ananya Patel,Ahmedabad,False
228,Aarav Patel,Mumbai,False
229,Saanvi Gupta,Kolkata,False
230,Aarav Verma,Lucknow,False
231,Advik Patel,Mumbai,False
232,Saanvi Gupta,Kolkata,True
233,Vihaan Singh,Ahmedabad,False
234,Ananya Verma,Kolkata,False
235,Diya Sharma,Gurgaon,False
236,Ananya Gupta,Lucknow,False
237,Vihaan Gupta,Noida,False
238,Ananya Singh,Ahmedabad,True
239,Aarav Gupta,Pune,False
240,Diya Patel,Mumbai,False
241,Advik Singh,Noida,True
242,Advik Gupta,Kolkata,False
243,Saanvi Singh,Mumbai,False
244,Advik Verma,Pune,False
245,Saanvi Singh,Delhi,True
246,Saanvi Patel,Hyderabad,False
247,Ananya Patel,Mumbai,False
248,Aarav Verma,Delhi,False
249,Aarav Verma,Gurgaon,False
250,Ananya Patel,Jaipur,False
251,Diya Singh,Hyderabad,False
252,Vihaan Singh,Hyderabad,False
253,Advik Verma,Delhi,False
254,Diya Gupta,Ahmedabad,False
255,Aarav Gupta,Jaipur,False
256,Advik Patel,Lucknow,False
257,Vihaan Singh,Ahmedabad,False
258,Ananya Patel,Ahmedabad,False
259,Ananya Verma,Jaipur,False
260,Diya Verma,Noida,True
261,Saanvi Singh,Jaipur,False
262,Diya Singh,Lucknow,False
263,Saanvi Verma,Gurgaon,False
264,Vihaan Patel,Kolkata,False
265,Aarav Singh,Delhi,False
266,Diya Sharma,Jaipur,False
267,Saanvi Verma,Delhi,False
268,Ananya Gupta,Kolkata,False
269,Saanvi Sharma,Chennai,False
270,Advik Singh,Chennai,False
271,Diya Patel,Mumbai,False
272,Vihaan Gupta,Hyderabad,False
273,Diya Sharma,Lucknow,False
274,Aarav Singh,Bangalore,False
275,Aarav Sharma,Chennai,False
276,Ananya Gupta,Chennai,False
277,Vihaan Patel,Noida,False
278,Vihaan Verma,Bangalore,True
279,Diya Patel,Lucknow,False
280,Advik Verma,Hyderabad,False
281,Ananya Singh,Pune,False
282,Diya Gupta,Lucknow,False
283,Aarav Singh,Chennai,False
284,Ananya Singh,Jaipur,False
285,Ananya Verma,Noida,False
286,Aarav Verma,Noida,False
287,Advik Gupta,Jaipur,False
288,Saanvi Singh,Pune,True
289,Saanvi Sharma,Kolkata,False
290,Ananya Verma,Kolkata,False
291,Vihaan Verma,Kolkata,False
292,Saanvi Verma,Lucknow,True
293,Saanvi Sharma,Pune,False
294,Aarav Patel,Chennai,False
295,Aarav Gupta,Chennai,False
296,Vihaan Verma,Bangalore,False
297,Ananya Patel,Ahmedabad,False
298,Vihaan Gupta,Gurgaon,False
299,Ananya Gupta,Delhi,False
300,Aarav Verma,Hyderabad,False
301,Saanvi Singh,Ahmedabad,False
302,Diya Sharma,Pune,False
303,Diya Gupta,Lucknow,False
304,Ananya Patel,Noida,False
305,Ananya Sharma,Lucknow,False
306,Aarav Patel,Ahmedabad,False
307,Advik Verma,Lucknow,True
308,Diya Gupta,Lucknow,False
309,Vihaan Sharma,Mumbai,False
310,Diya Sharma,Delhi,False
311,Advik Verma,Noida,False
312,Saanvi Patel,Noida,False
313,Saanvi Verma,Noida,False
314,Diya Patel,Noida,False
315,Ananya Sharma,Jaipur,False
316,Diya Singh,Hyderabad,False
317,Aarav Gupta,Ahmedabad,False
318,Saanvi Gupta,Mumbai,False
319,Vihaan Sharma,Gurgaon,True
320,Vihaan Patel,Mumbai,True
321,Ananya Verma,Bangalore,False
322,Vihaan Sharma,Ahmedabad,False
323,Vihaan Verma,Chennai,False
324,Advik Sharma,Pune,False
325,Vihaan Verma,Ahmedabad,False
326,Vihaan Sharma,Lucknow,False
327,Vihaan Sharma,Chennai,False
328,Vihaan Patel,Chennai,True
329,Ananya Sharma,Bangalore,False
330,Advik Sharma,Jaipur,True
331,Diya Gupta,Ahmedabad,False
332,Diya Patel,Hyderabad,False
333,Aarav Patel,Pune,False
334,Aarav Sharma,Gurgaon,False
335,Diya Sharma,Gurgaon,False
336,Diya Sharma,Delhi,False
337,Vihaan Sharma,Bangalore,False
338,Saanvi Patel,Ahmedabad,False
339,Diya Patel,Ahmedabad,False
340,Advik Patel,Noida,True
341,Saanvi Sharma,Lucknow,False
342,Advik Verma,Noida,False
343,Vihaan Singh,Chennai,False
344,Diya Singh,Jaipur,True
345,Diya Gupta,Lucknow,False
346,Vihaan Singh,Delhi,True
347,Aarav Sharma,Noida,True
348,Saanvi Gupta,Bangalore,False
349,Advik Patel,Ahmedabad,False
350,Aarav Singh,Chennai,False
351,Diya Sharma,Pune,False
352,Ananya Sharma,Kolkata,False
353,Vihaan Singh,Hyderabad,False
354,Ananya Patel,Chennai,False
355,Ananya Patel,Hyderabad,False
356,Advik Patel,Kolkata,False
357,Advik Sharma,Kolkata,False
358,Saanvi Gupta,Mumbai,False
359,Saanvi Gupta,Chennai,False
360,Vihaan Verma,Kolkata,False
361,Aarav Verma,Jaipur,False
362,Aarav Sharma,Jaipur,False
363,Diya Singh,Gurgaon,False
364,Ananya Gupta,Jaipur,False
365,Advik Patel,Delhi,False
366,Vihaan Verma,Kolkata,True
367,Aarav Gupta,Gurgaon,False
368,Diya Patel,Gurgaon,False
369,Vihaan Patel,Delhi,False
370,Aarav Gupta,Lucknow,False
371,Diya Patel,Lucknow,False
372,Vihaan Singh,Kolkata,True
373,Vihaan Gupta,Hyderabad,False
374,Ananya Gupta,Chennai,False
375,Diya Singh,Bangalore,False
376,Advik Verma,Ahmedabad,False
377,Saanvi Gupta,Delhi,False
378,Saanvi Sharma,Noida,True
379,Aarav Gupta,Kolkata,False
380,Diya Singh,Pune,False
381,Aarav Gupta,Bangalore,False
382,Advik Singh,Jaipur,False
383,Aarav Singh,Delhi,False
384,Advik Singh,Ahmedabad,True
385,Ananya Gupta,Hyderabad,False
386,Vihaan Sharma,Ahmedabad,False
387,Advik Patel,Hyderabad,False
388,Ananya Gupta,Jaipur,False
389,Saanvi Verma,Hyderabad,False
390,Ananya Verma,Bangalore,False
391,Saanvi Sharma,Bangalore,False
392,Saanvi Singh,Gurgaon,False
393,Advik Singh,Lucknow,False
394,Advik Patel,Chennai,False
395,Saanvi Gupta,Bangalore,False
396,Diya Singh,Lucknow,False
397,Ananya Patel,Mumbai,False
398,Aarav Gupta,Gurgaon,False
399,Aarav Gupta,Pune,True
400,Aarav Patel,Kolkata,False
401,Diya Patel,Ahmedabad,False
402,Saanvi Sharma,Gurgaon,False
403,Advik Verma,Chennai,False
404,Advik Verma,Mumbai,False
405,Ananya Sharma,Ahmedabad,False
406,Aarav Verma,Jaipur,False
407,Diya Patel,Ahmedabad,False
408,Ananya Gupta,Pune,False
409,Ananya Patel,Mumbai,False
410,Saanvi Gupta,Delhi,False
411,Advik Singh,Pune,False
412,Saanvi Patel,Bangalore,False
413,Advik Verma,Chennai,False
414,Saanvi Singh,Bangalore,False
415,Aarav Gupta,Ahmedabad,False
416,Ananya Verma,Lucknow,False
417,Saanvi Patel,Delhi,False
418,Diya Patel,Chennai,True
419,Ananya Verma,Hyderabad,False
420,Diya Verma,Hyderabad,False
421,Vihaan Sharma,Pune,False
422,Aarav Patel,Ahmedabad,False
423,Advik Sharma,Lucknow,False
424,Advik Verma,Kolkata,False
425,Vihaan Verma,Jaipur,False
426,Vihaan Singh,Mumbai,False
427,Saanvi Verma,Gurgaon,False
428,Saanvi Singh,Hyderabad,False
429,Ananya Singh,Hyderabad,False
430,Advik Singh,Gurgaon,False
431,Diya Patel,Ahmedabad,False
432,Vihaan Verma,Kolkata,False
433,Ananya Sharma,Lucknow,False
434,Ananya Patel,Delhi,False
435,Advik Sharma,Pune,True
436,Vihaan Gupta,Gurgaon,False
437,Vihaan Singh,Delhi,False
438,Vihaan Singh,Chennai,False
439,Diya Sharma,Noida,False
440,Vihaan Singh,Delhi,False
441,Aarav Gupta,Delhi,False
442,Saanvi Gupta,Bangalore,False
443,Ananya Singh,Jaipur,False
444,Saanvi Singh,Gurgaon,False
445,Aarav Sharma,Pune,False
446,Vihaan Patel,Jaipur,False
447,Diya Sharma,Pune,False
448,Aarav Sharma,Hyderabad,False
449,Advik Singh,Delhi,False
450,Diya Patel,Ahmedabad,True
451,Advik Patel,Hyderabad,False
452,Ananya Singh,Mumbai,False
453,Vihaan Patel,Noida,False
454,Saanvi Sharma,Ahmedabad,False
455,Aarav Patel,Ahmedabad,False
456,Advik Patel,Mumbai,False
457,Diya Sharma,Lucknow,False
458,Ananya Gupta,Jaipur,True
459,Aarav Gupta,Hyderabad,False
460,Saanvi Sharma,Kolkata,False
461,Ananya Verma,Mumbai,False
462,Ananya Verma,Lucknow,False
463,Saanvi Singh,Lucknow,False
464,Vihaan Sharma,Jaipur,False
465,Diya Sharma,Pune,False
466,Vihaan Sharma,Chennai,False
467,Advik Singh,Ahmedabad,False
468,Aarav Verma,Pune,False
469,Aarav Gupta,Pune,False
470,Ananya Singh,Noida,False
471,Diya Gupta,Bangalore,False
472,Diya Gupta,Ahmedabad,False
473,Aarav Singh,Delhi,False
474,Vihaan Patel,Pune,False
475,Aarav Gupta,Lucknow,False
476,Diya Patel,Jaipur,False
477,Saanvi Singh,Chennai,False
478,Saanvi Gupta,Kolkata,False
479,Ananya Sharma,Delhi,False
480,Diya Gupta,Ahmedabad,False
481,Saanvi Verma,Mumbai,False
482,Advik Singh,Mumbai,False
483,Vihaan Gupta,Chennai,False
484,Advik Sharma,Kolkata,False
485,Diya Gupta,Chennai,False
486,Aarav Patel,Bangalore,False
487,Diya Gupta,Lucknow,False
488,Aarav Sharma,Jaipur,False
489,Advik Singh,Ahmedabad,False
490,Ananya Singh,Hyderabad,False
491,Ananya Singh,Hyderabad,False
492,Aarav Singh,Bangalore,False
493,Diya Sharma,Lucknow,False
494,Ananya Gupta,Jaipur,True
495,Advik Gupta,Pune,False
496,Saanvi Verma,Chennai,False
497,Aarav Verma,Bangalore,False
498,Diya Sharma,Chennai,False
499,Ananya Singh,Ahmedabad,False
500,Aarav Sharma,Pune,False
501,Saanvi Singh,Ahmedabad,False
502,Diya Patel,Delhi,False
503,Ananya Sharma,Gurgaon,False
504,Advik Gupta,Bangalore,False
505,Advik Patel,Bangalore,False
506,Vihaan Singh,Ahmedabad,False
507,Aarav Sharma,Ahmedabad,False
508,Vihaan Verma,Chennai,False
509,Vihaan Gupta,Ahmedabad,False
510,Aarav Gupta,Hyderabad,False
511,Advik Gupta,Bangalore,False
512,Advik Patel,Delhi,False
513,Vihaan Patel,Kolkata,False
514,Saanvi Patel,Jaipur,False
515,Ananya Patel,Mumbai,False
516,Aarav Sharma,Mumbai,False
517,Advik Gupta,Lucknow,False
518,Advik Singh,Kolkata,False
519,Diya Patel,Pune,False
520,Ananya Singh,Hyderabad,False
521,Saanvi Singh,Pune,False
522,Saanvi Sharma,Bangalore,False
523,Diya Singh,Hyderabad,False
524,Vihaan Gupta,Jaipur,False
525,Ananya Singh,Bangalore,False
526,Advik Patel,Delhi,False
527,Diya Sharma,Pune,False
528,Vihaan Sharma,Mumbai,False
529,Diya Patel,Noida,False
530,Vihaan Gupta,Kolkata,False
531,Vihaan Verma,Gurgaon,False
532,Diya Singh,Pune,False
533,Aarav Singh,Ahmedabad,False
534,Vihaan Verma,Kolkata,False
535,Aarav Gupta,Gurgaon,False
536,Saanvi Singh,Pune,False
537,Aarav Singh,Bangalore,False
538,Saanvi Gupta,Noida,False
539,Diya Sharma,Kolkata,False
540,Ananya Patel,Pune,True
541,Advik Singh,Ahmedabad,False
542,Advik Patel,Delhi,False
543,Aarav Singh,Chennai,False
544,Ananya Patel,Chennai,False
545,Vihaan Patel,Ahmedabad,False
546,Aarav Sharma,Mumbai,False
547,Ananya Singh,Ahmedabad,False
548,Advik Patel,Bangalore,False
549,Advik Gupta,Bangalore,False
550,Advik Gupta,Kolkata,False
551,Advik Patel,Gurgaon,False
552,Ananya Singh,Mumbai,False
553,Saanvi Sharma,Noida,False
554,Saanvi Sharma,Kolkata,False
555,Saanvi Patel,Kolkata,False
556,Aarav Patel,Gurgaon,False
557,Saanvi Patel,Noida,False
558,Saanvi Verma,Mumbai,False
559,Saanvi Sharma,Hyderabad,True
560,Ananya Singh,Bangalore,False
561,Vihaan Singh,Ahmedabad,False
562,Diya Sharma,Jaipur,False
563,Vihaan Patel,Chennai,False
564,Diya Patel,Noida,False
565,Vihaan Singh,Ahmedabad,False
566,Ananya Gupta,Kolkata,False
567,Vihaan Gupta,Ahmedabad,False
568,Ananya Gupta,Jaipur,False
569,Saanvi Singh,Chennai,False
570,Advik Gupta,Pune,False
571,Saanvi Patel,Noida,False
572,Diya Gupta,Bangalore,False
573,Ananya Sharma,Chennai,False
574,Saanvi Gupta,Jaipur,False
575,Vihaan Patel,Pune,False
576,Saanvi Gupta,Bangalore,False
577,Saanvi Patel,Hyderabad,False
578,Saanvi Patel,Hyderabad,False
579,Aarav Sharma,Noida,False
580,Diya Sharma,Lucknow,False
581,Aarav Patel,Bangalore,False
582,Diya Singh,Lucknow,False
583,Ananya Gupta,Pune,False
584,Aarav Patel,Hyderabad,False
585,Saanvi Sharma,Bangalore,False
586,Vihaan Sharma,Noida,False
587,Vihaan Gupta,Mumbai,True
588,Advik Patel,Delhi,False
589,Ananya Gupta,Gurgaon,False
590,Advik Patel,Gurgaon,False
591,Vihaan Patel,Gurgaon,False
592,Aarav Gupta,Bangalore,False
593,Saanvi Gupta,Jaipur,False
594,Saanvi Gupta,Pune,False
595,Vihaan Verma,Kolkata,False
596,Diya Singh,Ahmedabad,False
597,Diya Sharma,Bangalore,False
598,Diya Gupta,Hyderabad,True
599,Diya Verma,Gurgaon,False
600,Ananya Gupta,Kolkata,False
601,Aarav Gupta,Lucknow,False
602,Vihaan Sharma,Lucknow,False
603,Ananya Verma,Noida,False
604,Saanvi Gupta,Jaipur,False
605,Ananya Gupta,Kolkata,False
606,Vihaan Singh,Bangalore,False
607,Advik Gupta,Noida,False
608,Diya Patel,Lucknow,False
609,Vihaan Patel,Delhi,False
610,Advik Gupta,Delhi,False
611,Aarav Sharma,Ahmedabad,False
612,Vihaan Patel,Ahmedabad,False
613,Ananya Patel,Gurgaon,False
614,Vihaan Patel,Gurgaon,True
615,Advik Singh,Mumbai,False
616,Advik Singh,Gurgaon,False
617,Advik Singh,Lucknow,False
618,Saanvi Sharma,Noida,False
619,Aarav Verma,Kolkata,True
620,Diya Gupta,Jaipur,True
621,Aarav Sharma,Gurgaon,True
622,Diya Verma,Bangalore,False
623,Saanvi Singh,Chennai,False
624,Diya Singh,Noida,False
625,Saanvi Patel,Bangalore,False
626,Ananya Sharma,Bangalore,False
627,Diya Patel,Bangalore,False
628,Vihaan Sharma,Mumbai,False
629,Diya Patel,Noida,False
630,Vihaan Verma,Gurgaon,False
631,Ananya Verma,Jaipur,False
632,Aarav Singh,Kolkata,False
633,Aarav Verma,Hyderabad,True
634,Advik Sharma,Gurgaon,False
635,Saanvi Sharma,Hyderabad,False
636,Diya Singh,Hyderabad,False
637,Aarav Verma,Ahmedabad,False
638,Vihaan Patel,Chennai,False
639,Saanvi Gupta,Hyderabad,False
640,Vihaan Patel,Hyderabad,False
641,Ananya Sharma,Ahmedabad,False
642,Saanvi Verma,Lucknow,False
643,Advik Singh,Mumbai,False
644,Saanvi Singh,Ahmedabad,False
645,Diya Singh,Bangalore,False
646,Vihaan Patel,Gurgaon,False
647,Vihaan Gupta,Jaipur,False
648,Diya Sharma,Ahmedabad,False
649,Diya Patel,Ahmedabad,False
650,Vihaan Gupta,Hyderabad,False
651,Aarav Singh,Chennai,True
652,Saanvi Verma,Mumbai,False
653,Saanvi Patel,Kolkata,True
654,Aarav Verma,Kolkata,False
655,Advik Verma,Gurgaon,False
656,Ananya Gupta,Mumbai,False
657,Vihaan Sharma,Jaipur,False
658,Diya Verma,Jaipur,False
659,Vihaan Singh,Hyderabad,False
660,Ananya Singh,Gurgaon,False
661,Ananya Gupta,Pune,False
662,Diya Singh,Delhi,False
663,Saanvi Singh,Chennai,False
664,Ananya Gupta,Noida,True
665,Vihaan Verma,Mumbai,False
666,Advik Patel,Jaipur,False
667,Vihaan Verma,Chennai,False
668,Advik Verma,Gurgaon,False
669,Saanvi Gupta,Pune,False
670,Diya Singh,Gurgaon,False
671,Ananya Verma,Bangalore,False
672,Diya Verma,Ahmedabad,False
673,Aarav Patel,Mumbai,False
674,Aarav Sharma,Mumbai,False
675,Saanvi Verma,Delhi,False
676,Aarav Verma,Ahmedabad,False
677,Aarav Patel,Lucknow,False
678,Advik Singh,Lucknow,False
679,Aarav Patel,Ahmedabad,False
680,Aarav Patel,Jaipur,False
681,Ananya Sharma,Ahmedabad,False
682,Saanvi Singh,Bangalore,False
683,Aarav Patel,Bangalore,False
684,Advik Patel,Pune,False
685,Ananya Singh,Delhi,False
686,Diya Singh,Kolkata,False
687,Saanvi Verma,Pune,False
688,Aarav Sharma,Delhi,False
689,Diya Patel,Gurgaon,True
690,Aarav Verma,Delhi,False
691,Diya Gupta,Kolkata,False
692,Aarav Patel,Mumbai,False
693,Saanvi Patel,Gurgaon,False
694,Aarav Gupta,Ahmedabad,False
695,Aarav Verma,Chennai,True
696,Vihaan Patel,Bangalore,False
697,Saanvi Singh,Delhi,False
698,Advik Verma,Kolkata,False
699,Diya Patel,Chennai,False
700,Saanvi Verma,Jaipur,False
701,Advik Gupta,Mumbai,True
702,Vihaan Sharma,Chennai,False
703,Advik Patel,Noida,False
704,Ananya Sharma,Lucknow,False
705,Diya Singh,Hyderabad,False
706,Diya Singh,Bangalore,False
707,Saanvi Singh,Delhi,False
708,Ananya Verma,Jaipur,True
709,Ananya Verma,Noida,False
710,Saanvi Verma,Jaipur,False
711,Ananya Sharma,Delhi,True
712,Ananya Singh,Chennai,False
713,Aarav Verma,Delhi,False
714,Diya Patel,Ahmedabad,False
715,Aarav Sharma,Delhi,False
716,Aarav Patel,Kolkata,False
717,Diya Sharma,Pune,False
718,Aarav Patel,Hyderabad,False
719,Vihaan Singh,Bangalore,False
720,Ananya Gupta,Gurgaon,False
721,Vihaan Singh,Pune,False
722,Diya Sharma,Chennai,False
723,Vihaan Singh,Kolkata,False
724,Diya Sharma,Bangalore,False
725,Diya Gupta,Kolkata,False
726,Ananya Singh,Chennai,False
727,Saanvi Patel,Bangalore,False
728,Advik Verma,Gurgaon,False
729,Diya Gupta,Pune,False
730,Saanvi Singh,Kolkata,False
731,Ananya Singh,Pune,False
732,Diya Gupta,Delhi,False
733,Vihaan Patel,Ahmedabad,False
734,Advik Sharma,Jaipur,False
735,Saanvi Verma,Gurgaon,False
736,Saanvi Sharma,Noida,False
737,Vihaan Gupta,Hyderabad,False
738,Vihaan Singh,Noida,True
739,Advik Singh,Kolkata,False
740,Advik Singh,Ahmedabad,True
741,Ananya Patel,Kolkata,False
742,Aarav Sharma,Hyderabad,False
743,Ananya Verma,Lucknow,False
744,Advik Singh,Chennai,False
745,Diya Sharma,Mumbai,True
746,Vihaan Patel,Jaipur,False
747,Advik Patel,Hyderabad,False
748,Diya Singh,Lucknow,False
749,Advik Verma,Chennai,False
750,Diya Sharma,Pune,False
751,Aarav Sharma,Jaipur,False
752,Ananya Gupta,Gurgaon,False
753,Advik Singh,Chennai,False
754,Diya Singh,Chennai,True
755,Aarav Sharma,Mumbai,False
756,Saanvi Sharma,Lucknow,False
757,Saanvi Verma,Ahmedabad,False
758,Vihaan Gupta,Ahmedabad,False
759,Diya Verma,Noida,False
760,Vihaan Singh,Noida,True
761,Advik Verma,Gurgaon,False
762,Diya Sharma,Jaipur,False
763,Ananya Sharma,Kolkata,False
764,Advik Verma,Chennai,False
765,Diya Sharma,Pune,False
766,Diya Patel,Lucknow,False
767,Diya Patel,Noida,False
768,Ananya Gupta,Gurgaon,False
769,Saanvi Gupta,Kolkata,False
770,Saanvi Verma,Chennai,False
771,Ananya Sharma,Bangalore,False
772,Vihaan Patel,Noida,False
773,Vihaan Patel,Noida,False
774,Diya Patel,Jaipur,False
775,Vihaan Patel,Bangalore,False
776,Vihaan Verma,Chennai,False
777,Advik Sharma,Chennai,False
778,Diya Verma,Hyderabad,False
779,Advik Patel,Lucknow,False
780,Saanvi Singh,Noida,False
781,Diya Singh,Bangalore,True
782,Aarav Verma,Pune,True
783,Vihaan Patel,Pune,False
784,Diya Patel,Jaipur,False
785,Diya Patel,Ahmedabad,False
786,Aarav Gupta,Ahmedabad,False
787,Ananya Patel,Mumbai,False
788,Diya Patel,Hyderabad,False
789,Aarav Verma,Pune,False
790,Aarav Singh,Pune,False
791,Aarav Singh,Delhi,False
792,Vihaan Verma,Jaipur,False
793,Ananya Patel,Lucknow,False
794,Advik Verma,Hyderabad,False
795,Aarav Patel,Chennai,False
796,Advik Patel,Bangalore,False
797,Saanvi Gupta,Pune,False
798,Advik Sharma,Bangalore,False
799,Diya Sharma,Pune,False
800,Vihaan Verma,Hyderabad,False
801,Ananya Verma,Lucknow,False
802,Vihaan Patel,Lucknow,False
803,Diya Singh,Gurgaon,True
804,Aarav Singh,Ahmedabad,False
805,Saanvi Gupta,Gurgaon,False
806,Ananya Patel,Mumbai,False
807,Saanvi Sharma,Jaipur,False
808,Saanvi Gupta,Delhi,False
809,Diya Verma,Noida,False
810,Diya Gupta,Chennai,False
811,Ananya Patel,Kolkata,False
812,Diya Gupta,Lucknow,False
813,Aarav Sharma,Lucknow,False
814,Diya Sharma,Delhi,False
815,Vihaan Singh,Gurgaon,True
816,Diya Verma,Jaipur,False
817,Saanvi Gupta,Bangalore,False
818,Ananya Sharma,Lucknow,False
819,Aarav Gupta,Lucknow,False
820,Vihaan Sharma,Noida,False
821,Saanvi Verma,Noida,False
822,Saanvi Sharma,Mumbai,False
823,Aarav Verma,Kolkata,False
824,Saanvi Singh,Mumbai,True
825,Ananya Sharma,Noida,False
826,Diya Sharma,Hyderabad,False
827,Saanvi Sharma,Delhi,False
828,Ananya Verma,Noida,False
829,Vihaan Verma,Delhi,False
830,Aarav Patel,Lucknow,False
831,Ananya Verma,Lucknow,False
832,Diya Patel,Lucknow,False
833,Vihaan Sharma,Delhi,False
834,Aarav Patel,Jaipur,False
835,Diya Gupta,Bangalore,False
836,Saanvi Sharma,Hyderabad,False
837,Advik Patel,Pune,False
838,Saanvi Sharma,Lucknow,False
839,Vihaan Patel,Kolkata,False
840,Saanvi Singh,Pune,False
841,Vihaan Singh,Noida,False
842,Diya Patel,Delhi,False
843,Aarav Gupta,Chennai,False
844,Advik Singh,Chennai,False
845,Vihaan Singh,Delhi,True
846,Aarav Sharma,Pune,False
847,Aarav Singh,Ahmedabad,False
848,Saanvi Patel,Noida,False
849,Diya Sharma,Lucknow,False
850,Advik Verma,Pune,True
851,Aarav Patel,Hyderabad,False
852,Vihaan Patel,Chennai,False
853,Saanvi Sharma,Pune,False
854,Saanvi Verma,Mumbai,False
855,Diya Sharma,Gurgaon,False
856,Aarav Gupta,Lucknow,False
857,Saanvi Verma,Delhi,True
858,Vihaan Sharma,Bangalore,False
859,Ananya Patel,Ahmedabad,False
860,Saanvi Gupta,Bangalore,False
861,Saanvi Gupta,Jaipur,False
862,Aarav Gupta,Noida,False
863,Aarav Gupta,Jaipur,False
864,Saanvi Sharma,Gurgaon,False
865,Ananya Sharma,Gurgaon,False
866,Vihaan Gupta,Bangalore,False
867,Aarav Patel,Lucknow,False
868,Vihaan Patel,Mumbai,True
869,Aarav Verma,Mumbai,False
870,Diya Verma,Bangalore,False
871,Aarav Patel,Jaipur,False
872,Diya Verma,Chennai,False
873,Saanvi Gupta,Pune,False
874,Advik Gupta,Delhi,False
875,Aarav Verma,Hyderabad,False
876,Aarav Singh,Delhi,False
877,Ananya Gupta,Chennai,True
878,Diya Sharma,Chennai,False
879,Advik Gupta,Jaipur,False
880,Diya Gupta,Kolkata,False
881,Vihaan Patel,Hyderabad,False
882,Diya Sharma,Hyderabad,False
883,Saanvi Sharma,Chennai,True
884,Saanvi Singh,Jaipur,False
885,Aarav Verma,Ahmedabad,False
886,Diya Singh,Mumbai,False
887,Vihaan Gupta,Delhi,True
888,Vihaan Patel,Noida,False
889,Ananya Singh,Jaipur,True
890,Aarav Patel,Bangalore,False
891,Diya Sharma,Kolkata,False
892,Diya Verma,Hyderabad,False
893,Ananya Singh,Jaipur,False
894,Ananya Gupta,Gurgaon,False
895,Aarav Verma,Bangalore,False
896,Advik Sharma,Bangalore,False
897,Diya Singh,Chennai,False
898,Advik Gupta,Hyderabad,False
899,Diya Gupta,Delhi,True
900,Saanvi Gupta,Jaipur,False
901,Aarav Verma,Chennai,False
902,Saanvi Verma,Chennai,False
903,Aarav Gupta,Pune,False
904,Vihaan Sharma,Noida,False
905,Advik Patel,Hyderabad,True
906,Aarav Verma,Delhi,True
907,Vihaan Verma,Hyderabad,False
908,Ananya Sharma,Kolkata,False
909,Aarav Sharma,Delhi,False
910,Saanvi Singh,Bangalore,True
911,Ananya Sharma,Mumbai,False
912,Aarav Verma,Kolkata,False
913,Saanvi Singh,Gurgaon,True
914,Saanvi Singh,Bangalore,False
915,Vihaan Gupta,Pune,False
916,Vihaan Sharma,Kolkata,False
917,Vihaan Gupta,Gurgaon,False
918,Advik Singh,Mumbai,True
919,Diya Verma,Noida,False
920,Advik Verma,Lucknow,False
921,Advik Sharma,Noida,False
922,Ananya Singh,Ahmedabad,False
923,Ananya Patel,Ahmedabad,False
924,Ananya Verma,Mumbai,False
925,Vihaan Sharma,Pune,True
926,Diya Patel,Chennai,False
927,Vihaan Verma,Delhi,False
928,Vihaan Gupta,Ahmedabad,False
929,Saanvi Sharma,Hyderabad,False
930,Diya Gupta,Bangalore,False
931,Advik Gupta,Jaipur,False
932,Advik Sharma,Jaipur,False
933,Advik Patel,Bangalore,False
934,Vihaan Singh,Ahmedabad,False
935,Diya Sharma,Delhi,True
936,Advik Verma,Mumbai,False
937,Aarav Gupta,Kolkata,False
938,Vihaan Gupta,Jaipur,False
939,Ananya Sharma,Mumbai,False
940,Saanvi Verma,Delhi,False
941,Ananya Sharma,Chennai,False
942,Saanvi Singh,Kolkata,False
943,Ananya Gupta,Bangalore,False
944,Saanvi Singh,Lucknow,False
945,Saanvi Gupta,Bangalore,False
946,Advik Patel,Chennai,False
947,Advik Verma,Noida,False
948,Saanvi Gupta,Bangalore,False
949,Aarav Patel,Noida,False
950,Advik Sharma,Bangalore,False
951,Advik Verma,Lucknow,False
952,Diya Verma,Chennai,False
953,Vihaan Gupta,Chennai,False
954,Aarav Gupta,Gurgaon,True
955,Vihaan Verma,Jaipur,True
956,Ananya Sharma,Jaipur,True
957,Diya Singh,Jaipur,False
958,Vihaan Singh,Gurgaon,False
959,Ananya Patel,Noida,False
960,Diya Patel,Lucknow,False
961,Vihaan Verma,Gurgaon,True
962,Aarav Gupta,Mumbai,False
963,Aarav Sharma,Chennai,False
964,Diya Verma,Jaipur,True
965,Aarav Gupta,Kolkata,False
966,Diya Sharma,Noida,False
967,Vihaan Patel,Noida,False
968,Aarav Gupta,Hyderabad,False
969,Diya Patel,Jaipur,False
970,Advik Gupta,Lucknow,False
971,Vihaan Sharma,Mumbai,False
972,Advik Singh,Bangalore,True
973,Aarav Singh,Delhi,False
974,Saanvi Patel,Gurgaon,False
975,Aarav Verma,Bangalore,False
976,Aarav Singh,Delhi,False
977,Diya Singh,Gurgaon,False
978,Ananya Sharma,Lucknow,False
979,Vihaan Gupta,Noida,False
980,Diya Sharma,Pune,False
981,Ananya Verma,Pune,False
982,Vihaan Sharma,Delhi,False
983,Advik Singh,Kolkata,False
984,Aarav Singh,Ahmedabad,False
985,Advik Singh,Kolkata,False
986,Diya Gupta,Delhi,False
987,Saanvi Sharma,Ahmedabad,False
988,Advik Patel,Lucknow,False
989,Vihaan Sharma,Gurgaon,False
990,Vihaan Verma,Hyderabad,False
991,Diya Sharma,Lucknow,False
992,Saanvi Verma,Kolkata,False
993,Saanvi Sharma,Delhi,False
994,Diya Patel,Chennai,False
995,Advik Singh,Mumbai,False
996,Advik Patel,Ahmedabad,False
997,Aarav Singh,Bangalore,False
998,Advik Patel,Delhi,False
999,Advik Sharma,Pune,False
1000,Ananya Singh,Pune,False
1001,Diya Patel,Kolkata,False
1002,Vihaan Gupta,Noida,False
1003,Advik Singh,Mumbai,False
1004,Ananya Verma,Mumbai,False
1005,Ananya Gupta,Mumbai,False
1006,Ananya Gupta,Pune,False
1007,Saanvi Sharma,Hyderabad,False
1008,Saanvi Singh,Chennai,False
1009,Diya Patel,Lucknow,True
1010,Diya Verma,Noida,False
1011,Advik Gupta,Mumbai,False
1012,Vihaan Sharma,Pune,False
1013,Diya Verma,Ahmedabad,False
1014,Aarav Verma,Hyderabad,False
1015,Vihaan Sharma,Hyderabad,True
1016,Aarav Gupta,Jaipur,False
1017,Ananya Singh,Ahmedabad,False
1018,Aarav Sharma,Hyderabad,False
1019,Advik Singh,Bangalore,False
1020,Diya Patel,Ahmedabad,False
1021,Vihaan Gupta,Jaipur,False
1022,Aarav Gupta,Mumbai,False
1023,Vihaan Patel,Hyderabad,False
1024,Saanvi Verma,Lucknow,False
1025,Saanvi Singh,Ahmedabad,True
1026,Saanvi Sharma,Gurgaon,False
1027,Saanvi Verma,Kolkata,False
1028,Vihaan Gupta,Kolkata,False
1029,Ananya Gupta,Noida,False
1030,Ananya Singh,Pune,False
1031,Ananya Patel,Kolkata,False
1032,Aarav Sharma,Ahmedabad,False
1033,Ananya Patel,Lucknow,False
1034,Ananya Gupta,Lucknow,False
1035,Aarav Gupta,Pune,False
1036,Ananya Gupta,Lucknow,False
1037,Saanvi Gupta,Hyderabad,False
1038,Vihaan Sharma,Kolkata,False
1039,Ananya Verma,Jaipur,True
1040,Diya Gupta,Pune,False
1041,Diya Singh,Jaipur,True
1042,Saanvi Patel,Hyderabad,False
1043,Saanvi Verma,Lucknow,False
1044,Diya Gupta,Ahmedabad,False
1045,Vihaan Patel,Bangalore,False
1046,Diya Verma,Jaipur,False
1047,Advik Verma,Lucknow,False
1048,Saanvi Sharma,Hyderabad,False
1049,Saanvi Gupta,Noida,False
1050,Ananya Gupta,Pune,False
1051,Diya Sharma,Gurgaon,True
1052,Saanvi Patel,Kolkata,False
1053,Aarav Singh,Hyderabad,False
1054,Saanvi Singh,Ahmedabad,False
1055,Aarav Verma,Bangalore,False
1056,Ananya Singh,Kolkata,False
1057,Diya Verma,Chennai,False
1058,Vihaan Sharma,Gurgaon,False
1059,Vihaan Gupta,Lucknow,True
1060,Diya Gupta,Hyderabad,False
1061,Vihaan Patel,Bangalore,False
1062,Aarav Verma,Kolkata,False
1063,Diya Singh,Noida,False
1064,Diya Sharma,Mumbai,False
1065,Saanvi Gupta,Mumbai,False
1066,Advik Verma,Mumbai,False
1067,Saanvi Verma,Hyderabad,False
1068,Ananya Gupta,Bangalore,False
1069,Advik Patel,Pune,False
1070,Aarav Gupta,Pune,False
1071,Advik Patel,Ahmedabad,False
1072,Saanvi Verma,Chennai,False
1073,Diya Gupta,Hyderabad,False
1074,Diya Sharma,Hyderabad,False
1075,Vihaan Verma,Jaipur,True
1076,Advik Verma,Delhi,False
1077,Saanvi Sharma,Noida,False
1078,Ananya Patel,Kolkata,True
1079,Aarav Sharma,Lucknow,False
1080,Aarav Sharma,Noida,False
1081,Aarav Patel,Pune,False
1082,Vihaan Verma,Jaipur,False
1083,Aarav Gupta,Noida,False
1084,Saanvi Patel,Pune,False
1085,Saanvi Verma,Noida,False
1086,Aarav Patel,Jaipur,False
1087,Ananya Sharma,Delhi,False
1088,Advik Verma,Pune,False
1089,Vihaan Gupta,Jaipur,False
1090,Vihaan Sharma,Ahmedabad,False
1091,Vihaan Singh,Chennai,False
1092,Aarav Sharma,Delhi,False
1093,Saanvi Singh,Bangalore,False
1094,Advik Sharma,Jaipur,False
1095,Ananya Verma,Gurgaon,False
1096,Ananya Gupta,Gurgaon,True
1097,Vihaan Sharma,Pune,False
1098,Saanvi Gupta,Noida,False
1099,Aarav Sharma,Mumbai,False
1100,Saanvi Verma,Chennai,False
1101,Diya Patel,Pune,False
1102,Aarav Gupta,Chennai,False
1103,Diya Singh,Gurgaon,False
1104,Diya Singh,Noida,False
1105,Vihaan Sharma,Bangalore,False
1106,Aarav Verma,Delhi,False
1107,Advik Singh,Kolkata,False
1108,Vihaan Patel,Noida,False
1109,Advik Sharma,Lucknow,False
1110,Saanvi Verma,Gurgaon,False
1111,Aarav Singh,Gurgaon,True
1112,Ananya Gupta,Mumbai,False
1113,Saanvi Patel,Jaipur,False
1114,Advik Verma,Lucknow,False
1115,Advik Patel,Jaipur,False
1116,Aarav Singh,Lucknow,False
1117,Diya Gupta,Lucknow,False
1118,Diya Verma,Ahmedabad,False
1119,Advik Sharma,Mumbai,False
1120,Vihaan Patel,Gurgaon,False
1121,Vihaan Sharma,Gurgaon,False
1122,Ananya Gupta,Mumbai,False
1123,Advik Singh,Noida,False
1124,Aarav Singh,Gurgaon,False
1125,Diya Sharma,Gurgaon,False
1126,Aarav Singh,Jaipur,False
1127,Aarav Singh,Noida,True
1128,Advik Sharma,Delhi,False
1129,Advik Gupta,Ahmedabad,False
1130,Saanvi Singh,Chennai,False
1131,Aarav Verma,Gurgaon,False
1132,Advik Patel,Gurgaon,False
1133,Ananya Singh,Delhi,True
1134,Saanvi Verma,Mumbai,False
1135,Saanvi Gupta,Ahmedabad,False
1136,Saanvi Sharma,Mumbai,False
1137,Diya Verma,Jaipur,False
1138,Diya Sharma,Pune,False
1139,Vihaan Sharma,Noida,False
1140,Vihaan Gupta,Delhi,False
1141,Aarav Patel,Delhi,False
1142,Diya Singh,Lucknow,False
1143,Advik Verma,Gurgaon,True
1144,Saanvi Sharma,Ahmedabad,False
1145,Advik Singh,Ahmedabad,False
1146,Vihaan Patel,Bangalore,False
1147,Vihaan Sharma,Noida,False
1148,Advik Gupta,Ahmedabad,False
1149,Diya Patel,Jaipur,False
1150,Ananya Singh,Chennai,False
1151,Diya Verma,Bangalore,False
1152,Saanvi Patel,Pune,False
1153,Advik Gupta,Jaipur,False
1154,Advik Verma,Hyderabad,False
1155,Saanvi Gupta,Lucknow,False
1156,Saanvi Verma,Jaipur,False
1157,Vihaan Patel,Ahmedabad,False
1158,Ananya Sharma,Chennai,False
1159,Advik Patel,Lucknow,False
1160,Saanvi Patel,Pune,False
1161,Diya Sharma,Ahmedabad,False
1162,Diya Verma,Mumbai,False
1163,Vihaan Gupta,Bangalore,False
1164,Saanvi Gupta,Bangalore,False
1165,Saanvi Gupta,Hyderabad,False
1166,Aarav Gupta,Gurgaon,False
1167,Saanvi Patel,Hyderabad,False
1168,Advik Singh,Hyderabad,False
1169,Saanvi Gupta,Jaipur,False
1170,Diya Singh,Noida,False
1171,Saanvi Gupta,Ahmedabad,True
1172,Saanvi Gupta,Hyderabad,False
1173,Diya Verma,Lucknow,False
1174,Saanvi Gupta,Kolkata,False
1175,Advik Verma,Jaipur,False
1176,Ananya Singh,Bangalore,False
1177,Aarav Verma,Bangalore,False
1178,Aarav Singh,Mumbai,False
1179,Advik Gupta,Bangalore,False
1180,Ananya Sharma,Chennai,False
1181,Vihaan Sharma,Bangalore,False
1182,Advik Sharma,Lucknow,False
1183,Saanvi Gupta,Gurgaon,False
1184,Advik Gupta,Delhi,False
1185,Ananya Patel,Hyderabad,False
1186,Advik Sharma,Ahmedabad,False
1187,Advik Patel,Noida,True
1188,Vihaan Verma,Lucknow,False
1189,Ananya Gupta,Hyderabad,False
1190,Advik Patel,Gurgaon,False
1191,Saanvi Sharma,Delhi,False
1192,Diya Verma,Lucknow,False
1193,Advik Verma,Mumbai,False
1194,Ananya Singh,Delhi,False
1195,Advik Gupta,Mumbai,False
1196,Ananya Patel,Ahmedabad,False
1197,Aarav Gupta,Lucknow,False
1198,Advik Sharma,Delhi,False
1199,Advik Patel,Mumbai,False
1200,Vihaan Verma,Lucknow,False
1201,Aarav Verma,Ahmedabad,False
1202,Saanvi Singh,Lucknow,False
1203,Aarav Verma,Mumbai,False
1204,Ananya Sharma,Delhi,True
1205,Vihaan Gupta,Ahmedabad,True
1206,Vihaan Gupta,Noida,False
1207,Saanvi Singh,Noida,False
1208,Diya Sharma,Ahmedabad,True
1209,Saanvi Patel,Delhi,False
1210,Advik Sharma,Jaipur,False
1211,Ananya Patel,Delhi,False
1212,Saanvi Gupta,Kolkata,True
1213,Diya Singh,Noida,False
1214,Aarav Singh,Bangalore,False
1215,Vihaan Singh,Ahmedabad,False
1216,Saanvi Verma,Pune,False
1217,Saanvi Gupta,Mumbai,False
1218,Advik Verma,Delhi,True
1219,Advik Patel,Noida,False
1220,Aarav Gupta,Hyderabad,False
1221,Saanvi Gupta,Hyderabad,False
1222,Saanvi Patel,Bangalore,False
1223,Vihaan Patel,Pune,False
1224,Vihaan Patel,Mumbai,False
1225,Advik Singh,Lucknow,False
1226,Ananya Sharma,Pune,True
1227,Saanvi Patel,Gurgaon,False
1228,Ananya Verma,Lucknow,False
1229,Aarav Gupta,Kolkata,True
1230,Vihaan Gupta,Gurgaon,False
1231,Advik Gupta,Jaipur,False
1232,Advik Patel,Chennai,False
1233,Diya Verma,Mumbai,False
1234,Vihaan Singh,Pune,False
1235,Vihaan Gupta,Gurgaon,False
1236,Ananya Gupta,Gurgaon,False
1237,Vihaan Patel,Delhi,False
1238,Vihaan Patel,Hyderabad,False
1239,Saanvi Sharma,Jaipur,True
1240,Aarav Patel,Lucknow,True
1241,Advik Patel,Noida,False
1242,Vihaan Sharma,Ahmedabad,False
1243,Advik Singh,Lucknow,False
1244,Ananya Singh,Hyderabad,False
1245,Advik Gupta,Bangalore,False
1246,Advik Sharma,Noida,False
1247,Aarav Verma,Kolkata,False
1248,Advik Verma,Gurgaon,False
1249,Advik Patel,Lucknow,False
1250,Vihaan Singh,Chennai,True
1251,Diya Verma,Delhi,False
1252,Vihaan Sharma,Lucknow,False
1253,Ananya Singh,Gurgaon,False
1254,Aarav Sharma,Lucknow,False
1255,Saanvi Patel,Lucknow,False
1256,Saanvi Gupta,Kolkata,False
1257,Vihaan Singh,Lucknow,False
1258,Advik Sharma,Ahmedabad,False
1259,Vihaan Patel,Noida,False
1260,Ananya Singh,Gurgaon,False
1261,Aarav Patel,Bangalore,False
1262,Vihaan Sharma,Ahmedabad,False
1263,Vihaan Verma,Bangalore,False
1264,Advik Sharma,Lucknow,False
1265,Ananya Sharma,Gurgaon,False
1266,Diya Verma,Kolkata,False
1267,Diya Sharma,Hyderabad,True
1268,Advik Patel,Bangalore,False
1269,Advik Sharma,Kolkata,False
1270,Vihaan Gupta,Bangalore,False
1271,Diya Patel,Kolkata,False
1272,Saanvi Gupta,Delhi,False
1273,Advik Singh,Gurgaon,False
1274,Diya Patel,Bangalore,False
1275,Vihaan Patel,Lucknow,False
1276,Vihaan Gupta,Gurgaon,False
1277,Aarav Verma,Noida,False
1278,Aarav Sharma,Hyderabad,False
1279,Advik Singh,Bangalore,False
1280,Vihaan Singh,Kolkata,False
1281,Advik Patel,Delhi,True
1282,Saanvi Verma,Kolkata,False
1283,Aarav Singh,Ahmedabad,False
1284,Aarav Patel,Noida,False
1285,Diya Singh,Chennai,False
1286,Saanvi Patel,Delhi,False
1287,Ananya Singh,Hyderabad,False
1288,Aarav Gupta,Kolkata,False
1289,Diya Gupta,Hyderabad,True
1290,Saanvi Sharma,Kolkata,False
1291,Advik Sharma,Noida,False
1292,Saanvi Gupta,Noida,False
1293,Vihaan Singh,Lucknow,False
1294,Ananya Patel,Noida,False
1295,Advik Gupta,Lucknow,False
1296,Vihaan Singh,Ahmedabad,False
1297,Diya Verma,Chennai,False
1298,Diya Gupta,Pune,False
1299,Saanvi Singh,Jaipur,False
1300,Saanvi Sharma,Jaipur,False
1301,Saanvi Verma,Delhi,False
1302,Diya Gupta,Ahmedabad,False
1303,Saanvi Sharma,Bangalore,False
1304,Saanvi Sharma,Delhi,False
1305,Diya Patel,Noida,True
1306,Ananya Verma,Chennai,True
1307,Aarav Singh,Noida,False
1308,Advik Gupta,Jaipur,False
1309,Aarav Verma,Lucknow,False
1310,Aarav Verma,Lucknow,False
1311,Advik Gupta,Hyderabad,True
1312,Advik Patel,Ahmedabad,False
1313,Advik Verma,Lucknow,True
1314,Vihaan Sharma,Bangalore,True
1315,Ananya Singh,Chennai,False
1316,Diya Patel,Hyderabad,False
1317,Saanvi Sharma,Delhi,False
1318,Saanvi Patel,Kolkata,False
1319,Ananya Verma,Kolkata,False
1320,Diya Singh,Kolkata,True
1321,Vihaan Singh,Ahmedabad,False
1322,Aarav Patel,Pune,False
1323,Aarav Patel,Pune,False
1324,Advik Gupta,Jaipur,False
1325,Diya Patel,Gurgaon,False
1326,Ananya Singh,Lucknow,False
1327,Advik Sharma,Gurgaon,False
1328,Aarav Singh,Lucknow,False
1329,Vihaan Verma,Chennai,False
1330,Ananya Patel,Ahmedabad,True
1331,Ananya Verma,Pune,True
1332,Saanvi Gupta,Delhi,False
1333,Vihaan Singh,Chennai,False
1334,Advik Gupta,Bangalore,False
1335,Saanvi Verma,Gurgaon,False
1336,Vihaan Verma,Pune,False
1337,Vihaan Verma,Kolkata,False
1338,Aarav Sharma,Delhi,False
1339,Saanvi Singh,Kolkata,True
1340,Advik Sharma,Gurgaon,False
1341,Ananya Singh,Kolkata,False
1342,Diya Verma,Ahmedabad,False
1343,Vihaan Patel,Bangalore,True
1344,Diya Singh,Ahmedabad,True
1345,Ananya Singh,Lucknow,False
1346,Diya Sharma,Jaipur,False
1347,Ananya Sharma,Mumbai,False
1348,Diya Patel,Delhi,False
1349,Advik Gupta,Bangalore,False
1350,Vihaan Gupta,Gurgaon,False
1351,Ananya Gupta,Bangalore,False
1352,Vihaan Singh,Jaipur,False
1353,Ananya Singh,Pune,False
1354,Advik Verma,Kolkata,False
1355,Aarav Gupta,Hyderabad,False
1356,Diya Verma,Bangalore,False
1357,Saanvi Verma,Gurgaon,False
1358,Vihaan Singh,Gurgaon,False
1359,Saanvi Patel,Ahmedabad,False
1360,Diya Gupta,Pune,False
1361,Advik Sharma,Noida,True
1362,Vihaan Sharma,Hyderabad,False
1363,Diya Sharma,Gurgaon,False
1364,Ananya Gupta,Chennai,False
1365,Ananya Gupta,Mumbai,False
1366,Ananya Patel,Hyderabad,False
1367,Saanvi Patel,Bangalore,False
1368,Ananya Gupta,Chennai,False
1369,Diya Singh,Delhi,False
1370,Ananya Singh,Lucknow,False
1371,Vihaan Gupta,Noida,False
1372,Advik Singh,Delhi,True
1373,Ananya Verma,Chennai,False
1374,Ananya Gupta,Kolkata,False
1375,Ananya Singh,Chennai,False
1376,Advik Singh,Noida,False
1377,Aarav Verma,Jaipur,False
1378,Ananya Sharma,Hyderabad,False
1379,Aarav Sharma,Delhi,False
1380,Diya Patel,Mumbai,True
1381,Diya Patel,Delhi,False
1382,Advik Verma,Delhi,False
1383,Diya Gupta,Hyderabad,False
1384,Ananya Singh,Lucknow,False
1385,Advik Verma,Mumbai,True
1386,Ananya Gupta,Gurgaon,False
1387,Advik Gupta,Ahmedabad,False
1388,Saanvi Patel,Bangalore,False
1389,Diya Patel,Noida,False
1390,Saanvi Patel,Pune,False
1391,Diya Patel,Hyderabad,False
1392,Diya Gupta,Chennai,False
1393,Vihaan Gupta,Mumbai,True
1394,Vihaan Gupta,Pune,False
1395,Aarav Singh,Gurgaon,False
1396,Diya Gupta,Kolkata,False
1397,Aarav Patel,Chennai,False
1398,Advik Singh,Noida,False
1399,Saanvi Singh,Noida,False
1400,Aarav Singh,Lucknow,False
1401,Advik Gupta,Pune,False
1402,Advik Gupta,Noida,False
1403,Aarav Verma,Bangalore,False
1404,Saanvi Singh,Kolkata,False
1405,Saanvi Patel,Gurgaon,False
1406,Aarav Verma,Mumbai,False
1407,Aarav Verma,Delhi,False
1408,Vihaan Singh,Jaipur,True
1409,Aarav Verma,Mumbai,False
1410,Ananya Singh,Pune,False
1411,Diya Gupta,Gurgaon,False
1412,Aarav Gupta,Delhi,False
1413,Vihaan Sharma,Pune,False
1414,Aarav Patel,Gurgaon,False
1415,Ananya Singh,Mumbai,False
1416,Saanvi Verma,Noida,False
1417,Diya Verma,Jaipur,False
1418,Vihaan Singh,Jaipur,False
1419,Advik Verma,Gurgaon,False
1420,Ananya Gupta,Bangalore,False
1421,Aarav Patel,Ahmedabad,False
1422,Diya Gupta,Hyderabad,False
1423,Aarav Verma,Delhi,False
1424,Diya Gupta,Mumbai,False
1425,Ananya Patel,Delhi,False
1426,Vihaan Sharma,Mumbai,False
1427,Saanvi Singh,Jaipur,False
1428,Ananya Sharma,Hyderabad,False
1429,Aarav Patel,Chennai,False
1430,Saanvi Sharma,Mumbai,False
1431,Vihaan Patel,Delhi,False
1432,Vihaan Gupta,Ahmedabad,False
1433,Ananya Singh,Jaipur,False
1434,Saanvi Singh,Chennai,False
1435,Ananya Sharma,Gurgaon,False
1436,Advik Gupta,Ahmedabad,False
1437,Vihaan Patel,Bangalore,False
1438,Ananya Singh,Pune,False
1439,Advik Patel,Bangalore,True
1440,Vihaan Singh,Pune,False
1441,Advik Gupta,Gurgaon,True
1442,Saanvi Patel,Noida,False
1443,Aarav Patel,Chennai,False
1444,Vihaan Gupta,Jaipur,True
1445,Advik Singh,Hyderabad,False
1446,Diya Patel,Bangalore,False
1447,Ananya Singh,Lucknow,False
1448,Aarav Patel,Lucknow,True
1449,Vihaan Verma,Mumbai,False
1450,Diya Verma,Delhi,True
1451,Saanvi Singh,Lucknow,False
1452,Advik Patel,Pune,True
1453,Vihaan Patel,Jaipur,True
1454,Vihaan Singh,Delhi,False
1455,Saanvi Sharma,Chennai,False
1456,Diya Gupta,Jaipur,True
1457,Advik Gupta,Ahmedabad,True
1458,Aarav Gupta,Delhi,False
1459,Advik Sharma,Delhi,False
1460,Advik Singh,Hyderabad,False
1461,Saanvi Verma,Kolkata,False
1462,Vihaan Patel,Jaipur,False
1463,Saanvi Sharma,Lucknow,False
1464,Saanvi Singh,Jaipur,False
1465,Aarav Verma,Bangalore,False
1466,Advik Gupta,Lucknow,False
1467,Advik Singh,Chennai,False
1468,Advik Gupta,Chennai,False
1469,Saanvi Singh,Jaipur,False
1470,Vihaan Patel,Ahmedabad,False
1471,Advik Gupta,Chennai,False
1472,Diya Singh,Mumbai,False
1473,Ananya Patel,Mumbai,False
1474,Ananya Sharma,Pune,False
1475,Vihaan Gupta,Mumbai,False
1476,Saanvi Gupta,Ahmedabad,False
1477,Advik Patel,Bangalore,True
1478,Diya Gupta,Bangalore,False
1479,Ananya Patel,Hyderabad,False
1480,Ananya Sharma,Kolkata,False
1481,Vihaan Sharma,Jaipur,False
1482,Diya Verma,Gurgaon,False
1483,Saanvi Patel,Delhi,False
1484,Ananya Sharma,Jaipur,False
1485,Diya Sharma,Mumbai,False
1486,Ananya Gupta,Noida,False
1487,Aarav Verma,Jaipur,False
1488,Advik Sharma,Lucknow,False
1489,Diya Sharma,Pune,False
1490,Ananya Patel,Kolkata,False
1491,Advik Verma,Bangalore,True
1492,Saanvi Singh,Gurgaon,False
1493,Advik Patel,Delhi,False
1494,Ananya Singh,Bangalore,False
1495,Aarav Singh,Kolkata,False
1496,Advik Singh,Pune,True
1497,Advik Singh,Jaipur,False
1498,Vihaan Singh,Ahmedabad,False
1499,Diya Patel,Hyderabad,False
1500,Saanvi Patel,Hyderabad,False
1501,Ananya Singh,Chennai,False
1502,Advik Sharma,Delhi,False
1503,Diya Gupta,Chennai,False
1504,Ananya Patel,Lucknow,True
1505,Ananya Verma,Chennai,False
1506,Diya Patel,Bangalore,False
1507,Vihaan Verma,Lucknow,False
1508,Saanvi Sharma,Delhi,False
1509,Vihaan Patel,Bangalore,False
1510,Ananya Sharma,Chennai,False
1511,Aarav Gupta,Gurgaon,False
1512,Ananya Verma,Jaipur,False
1513,Vihaan Patel,Ahmedabad,False
1514,Advik Singh,Kolkata,False
1515,Vihaan Sharma,Noida,False
1516,Saanvi Patel,Mumbai,False
1517,Aarav Gupta,Hyderabad,False
1518,Advik Gupta,Mumbai,False
1519,Aarav Sharma,Noida,False
1520,Saanvi Gupta,Delhi,True
1521,Saanvi Singh,Hyderabad,False
1522,Advik Sharma,Chennai,False
1523,Advik Patel,Delhi,False
1524,Advik Singh,Ahmedabad,False
1525,Aarav Sharma,Hyderabad,False
1526,Ananya Gupta,Gurgaon,False
1527,Vihaan Sharma,Chennai,False
1528,Ananya Gupta,Hyderabad,False
1529,Advik Gupta,Mumbai,False
1530,Diya Sharma,Ahmedabad,False
1531,Vihaan Verma,Chennai,False
1532,Saanvi Verma,Delhi,False
1533,Advik Patel,Lucknow,False
1534,Diya Verma,Kolkata,False
1535,Ananya Patel,Chennai,False
1536,Vihaan Verma,Lucknow,False
1537,Advik Verma,Bangalore,False
1538,Saanvi Patel,Bangalore,False
1539,Vihaan Patel,Bangalore,False
1540,Advik Patel,Jaipur,False
1541,Ananya Verma,Jaipur,True
1542,Ananya Singh,Noida,False
1543,Saanvi Gupta,Bangalore,False
1544,Aarav Verma,Bangalore,True
1545,Advik Patel,Pune,False
1546,Advik Verma,Kolkata,False
1547,Saanvi Sharma,Chennai,True
1548,Diya Verma,Ahmedabad,False
1549,Diya Gupta,Bangalore,False
1550,Diya Singh,Bangalore,False
1551,Vihaan Sharma,Noida,False
1552,Aarav Gupta,Noida,False
1553,Saanvi Verma,Hyderabad,True
1554,Diya Patel,Gurgaon,False
1555,Diya Verma,Noida,False
1556,Aarav Patel,Jaipur,False
1557,Saanvi Gupta,Noida,False
1558,Saanvi Patel,Kolkata,False
1559,Saanvi Sharma,Ahmedabad,False
1560,Diya Sharma,Hyderabad,False
1561,Diya Sharma,Ahmedabad,False
1562,Saanvi Sharma,Hyderabad,False
1563,Diya Gupta,Pune,False
1564,Diya Gupta,Kolkata,False
1565,Saanvi Patel,Bangalore,False
1566,Saanvi Singh,Delhi,False
1567,Aarav Verma,Kolkata,False
1568,Saanvi Patel,Bangalore,False
1569,Ananya Singh,Mumbai,False
1570,Advik Verma,Gurgaon,True
1571,Ananya Verma,Jaipur,False
1572,Aarav Sharma,Jaipur,False
1573,Ananya Sharma,Ahmedabad,False
1574,Saanvi Patel,Kolkata,False
1575,Diya Patel,Noida,True
1576,Vihaan Gupta,Kolkata,False
1577,Vihaan Verma,Bangalore,False
1578,Saanvi Sharma,Noida,False
1579,Saanvi Singh,Pune,False
1580,Aarav Verma,Hyderabad,True
1581,Ananya Sharma,Gurgaon,False
1582,Diya Patel,Mumbai,False
1583,Diya Verma,Hyderabad,False
1584,Diya Singh,Noida,False
1585,Advik Patel,Mumbai,False
1586,Advik Gupta,Kolkata,False
1587,Vihaan Sharma,Bangalore,False
1588,Saanvi Gupta,Mumbai,False
1589,Aarav Patel,Kolkata,False
1590,Aarav Sharma,Delhi,False
1591,Vihaan Verma,Lucknow,False
1592,Saanvi Patel,Kolkata,False
1593,Vihaan Singh,Jaipur,False
1594,Aarav Sharma,Pune,False
1595,Diya Sharma,Noida,False
1596,Aarav Gupta,Gurgaon,False
1597,Saanvi Gupta,Chennai,False
1598,Advik Verma,Jaipur,False
1599,Aarav Sharma,Kolkata,False
1600,Saanvi Patel,Delhi,False
1601,Saanvi Patel,Jaipur,False
1602,Advik Gupta,Pune,False
1603,Advik Gupta,Bangalore,False
1604,Diya Patel,Jaipur,False
1605,Diya Verma,Kolkata,False
1606,Ananya Verma,Mumbai,False
1607,Diya Sharma,Jaipur,False
1608,Advik Singh,Noida,True
1609,Ananya Patel,Lucknow,False
1610,Saanvi Verma,Jaipur,False
1611,Aarav Gupta,Pune,False
1612,Ananya Sharma,Delhi,False
1613,Ananya Singh,Jaipur,False
1614,Aarav Verma,Hyderabad,False
1615,Ananya Singh,Gurgaon,False
1616,Saanvi Verma,Gurgaon,False
1617,Diya Patel,Chennai,False
1618,Diya Sharma,Ahmedabad,False
1619,Saanvi Gupta,Ahmedabad,False
1620,Vihaan Patel,Lucknow,False
1621,Ananya Sharma,Bangalore,False
1622,Aarav Gupta,Noida,False
1623,Vihaan Patel,Kolkata,False
1624,Advik Sharma,Pune,False
1625,Ananya Sharma,Pune,False
1626,Diya Verma,Chennai,False
1627,Ananya Verma,Ahmedabad,False
1628,Aarav Gupta,Mumbai,False
1629,Aarav Singh,Ahmedabad,True
1630,Diya Patel,Bangalore,False
1631,Diya Patel,Pune,False
1632,Vihaan Sharma,Ahmedabad,False
1633,Vihaan Verma,Jaipur,True
1634,Diya Patel,Delhi,True
1635,Aarav Patel,Delhi,False
1636,Aarav Sharma,Ahmedabad,False
1637,Saanvi Gupta,Mumbai,False
1638,Ananya Verma,Chennai,False
1639,Ananya Gupta,Ahmedabad,False
1640,Diya Sharma,Pune,False
1641,Ananya Sharma,Mumbai,False
1642,Advik Patel,Delhi,False
1643,Ananya Patel,Chennai,False
1644,Saanvi Gupta,Kolkata,False
1645,Aarav Gupta,Kolkata,False
1646,Advik Singh,Mumbai,False
1647,Diya Sharma,Delhi,False
1648,Aarav Singh,Noida,False
1649,Advik Patel,Lucknow,False
1650,Saanvi Singh,Kolkata,False
1651,Ananya Verma,Jaipur,False
1652,Advik Sharma,Gurgaon,False
1653,Aarav Singh,Delhi,False
1654,Saanvi Singh,Gurgaon,False
1655,Vihaan Verma,Kolkata,False
1656,Ananya Singh,Bangalore,False
1657,Saanvi Gupta,Chennai,False
1658,Aarav Sharma,Gurgaon,False
1659,Diya Singh,Bangalore,False
1660,Ananya Patel,Kolkata,False
1661,Aarav Singh,Jaipur,False
1662,Ananya Patel,Lucknow,True
1663,Ananya Patel,Gurgaon,False
1664,Diya Verma,Kolkata,False
1665,Vihaan Singh,Noida,True
1666,Vihaan Patel,Noida,False
1667,Diya Patel,Chennai,False
1668,Vihaan Verma,Lucknow,False
1669,Saanvi Patel,Gurgaon,False
1670,Advik Singh,Chennai,False
1671,Diya Verma,Pune,False
1672,Aarav Patel,Delhi,False
1673,Advik Singh,Chennai,False
1674,Saanvi Sharma,Delhi,False
1675,Vihaan Patel,Lucknow,False
1676,Vihaan Verma,Gurgaon,False
1677,Diya Patel,Kolkata,False
1678,Vihaan Gupta,Pune,False
1679,Saanvi Gupta,Noida,False
1680,Ananya Sharma,Kolkata,True
1681,Advik Singh,Bangalore,False
1682,Aarav Gupta,Ahmedabad,False
1683,Aarav Patel,Chennai,False
1684,Ananya Sharma,Hyderabad,False
1685,Advik Singh,Lucknow,False
1686,Diya Singh,Noida,False
1687,Vihaan Verma,Gurgaon,False
1688,Advik Singh,Chennai,False
1689,Vihaan Gupta,Lucknow,False
1690,Aarav Sharma,Lucknow,True
1691,Saanvi Singh,Lucknow,False
1692,Vihaan Sharma,Bangalore,False
1693,Diya Singh,Jaipur,False
1694,Diya Patel,Bangalore,False
1695,Diya Patel,Gurgaon,False
1696,Vihaan Verma,Noida,False
1697,Advik Singh,Jaipur,False
1698,Advik Gupta,Noida,False
1699,Advik Gupta,Mumbai,False
1700,Advik Singh,Jaipur,False
1701,Advik Singh,Jaipur,True
1702,Saanvi Patel,Pune,False
1703,Aarav Patel,Kolkata,True
1704,Diya Sharma,Lucknow,False
1705,Advik Gupta,Kolkata,True
1706,Ananya Patel,Mumbai,False
1707,Advik Singh,Kolkata,False
1708,Diya Gupta,Pune,False
1709,Aarav Patel,Jaipur,False
1710,Advik Gupta,Mumbai,False
1711,Advik Verma,Kolkata,True
1712,Ananya Patel,Mumbai,False
1713,Aarav Verma,Ahmedabad,True
1714,Ananya Gupta,Bangalore,False
1715,Ananya Gupta,Mumbai,False
1716,Advik Verma,Kolkata,False
1717,Saanvi Singh,Chennai,False
1718,Ananya Verma,Gurgaon,False
1719,Advik Sharma,Chennai,False
1720,Vihaan Patel,Bangalore,False
1721,Diya Singh,Hyderabad,False
1722,Saanvi Verma,Hyderabad,False
1723,Ananya Sharma,Lucknow,False
1724,Aarav Sharma,Bangalore,False
1725,Diya Gupta,Gurgaon,False
1726,Advik Verma,Noida,False
1727,Diya Singh,Pune,False
1728,Diya Sharma,Pune,False
1729,Diya Singh,Lucknow,False
1730,Advik Sharma,Delhi,False
1731,Saanvi Gupta,Noida,False
1732,Saanvi Gupta,Chennai,False
1733,Aarav Gupta,Lucknow,False
1734,Diya Verma,Jaipur,False
1735,Vihaan Patel,Chennai,False
1736,Vihaan Gupta,Ahmedabad,True
1737,Aarav Sharma,Mumbai,False
1738,Advik Sharma,Lucknow,False
1739,Vihaan Gupta,Pune,False
1740,Aarav Patel,Delhi,True
1741,Advik Verma,Kolkata,False
1742,Saanvi Sharma,Delhi,False
1743,Vihaan Singh,Lucknow,False
1744,Saanvi Patel,Bangalore,False
1745,Saanvi Verma,Pune,False
1746,Saanvi Sharma,Lucknow,False
1747,Ananya Singh,Jaipur,False
1748,Ananya Gupta,Bangalore,False
1749,Ananya Sharma,Noida,False
1750,Aarav Gupta,Pune,False
1751,Aarav Singh,Hyderabad,False
1752,Vihaan Singh,Delhi,False
1753,Diya Verma,Kolkata,False
1754,Diya Gupta,Delhi,True
1755,Aarav Patel,Jaipur,False
1756,Diya Sharma,Gurgaon,False
1757,Saanvi Sharma,Mumbai,False
1758,Ananya Verma,Jaipur,False
1759,Diya Patel,Mumbai,False
1760,Diya Singh,Noida,False
1761,Saanvi Sharma,Ahmedabad,False
1762,Diya Singh,Delhi,False
1763,Ananya Gupta,Lucknow,False
1764,Aarav Sharma,Chennai,False
1765,Ananya Sharma,Gurgaon,False
1766,Ananya Verma,Bangalore,False
1767,Diya Verma,Pune,False
1768,Aarav Gupta,Gurgaon,True
1769,Saanvi Singh,Jaipur,False
1770,Aarav Verma,Mumbai,False
1771,Advik Verma,Gurgaon,False
1772,Advik Gupta,Gurgaon,False
1773,Diya Sharma,Mumbai,False
1774,Ananya Sharma,Noida,False
1775,Saanvi Patel,Gurgaon,False
1776,Advik Verma,Jaipur,False
1777,Aarav Sharma,Jaipur,False
1778,Saanvi Sharma,Gurgaon,False
1779,Advik Sharma,Hyderabad,False
1780,Vihaan Sharma,Bangalore,False
1781,Ananya Sharma,Gurgaon,False
1782,Advik Sharma,Delhi,False
1783,Advik Patel,Hyderabad,True
1784,Vihaan Singh,Chennai,False
1785,Saanvi Singh,Chennai,False
1786,Saanvi Patel,Ahmedabad,False
1787,Vihaan Sharma,Kolkata,False
1788,Aarav Sharma,Pune,False
1789,Diya Verma,Jaipur,False
1790,Vihaan Singh,Hyderabad,False
1791,Aarav Verma,Delhi,False
1792,Saanvi Patel,Noida,False
1793,Aarav Singh,Delhi,True
1794,Vihaan Sharma,Jaipur,False
1795,Ananya Singh,Jaipur,False
1796,Diya Verma,Hyderabad,False
1797,Ananya Patel,Gurgaon,False
1798,Vihaan Patel,Jaipur,True
1799,Vihaan Singh,Kolkata,False
1800,Saanvi Gupta,Chennai,False
1801,Advik Verma,Hyderabad,False
1802,Advik Sharma,Kolkata,False
1803,Advik Patel,Hyderabad,False
1804,Saanvi Verma,Pune,True
1805,Aarav Verma,Lucknow,False
1806,Diya Singh,Bangalore,False
1807,Aarav Sharma,Lucknow,False
1808,Vihaan Singh,Pune,False
1809,Diya Sharma,Delhi,False
1810,Advik Verma,Bangalore,False
1811,Diya Patel,Delhi,True
1812,Vihaan Singh,Kolkata,False
1813,Diya Verma,Jaipur,False
1814,Ananya Verma,Delhi,False
1815,Aarav Verma,Jaipur,False
1816,Vihaan Singh,Hyderabad,True
1817,Advik Singh,Mumbai,False
1818,Vihaan Verma,Kolkata,False
1819,Diya Gupta,Bangalore,False
1820,Vihaan Gupta,Pune,False
1821,Vihaan Sharma,Jaipur,False
1822,Ananya Verma,Delhi,False
1823,Diya Singh,Bangalore,False
1824,Vihaan Gupta,Kolkata,False
1825,Saanvi Patel,Bangalore,False
1826,Advik Verma,Delhi,False
1827,Advik Singh,Hyderabad,False
1828,Diya Gupta,Mumbai,False
1829,Saanvi Verma,Hyderabad,False
1830,Advik Verma,Kolkata,False
1831,Advik Sharma,Noida,False
1832,Aarav Singh,Jaipur,False
1833,Aarav Singh,Ahmedabad,False
1834,Saanvi Sharma,Gurgaon,False
1835,Aarav Patel,Mumbai,False
1836,Diya Verma,Bangalore,False
1837,Vihaan Sharma,Mumbai,False
1838,Ananya Verma,Jaipur,False
1839,Advik Patel,Mumbai,False
1840,Diya Verma,Jaipur,False
1841,Ananya Singh,Jaipur,False
1842,Saanvi Sharma,Noida,False
1843,Ananya Patel,Mumbai,False
1844,Ananya Patel,Ahmedabad,False
1845,Vihaan Sharma,Kolkata,False
1846,Saanvi Sharma,Ahmedabad,False
1847,Saanvi Gupta,Mumbai,False
1848,Ananya Singh,Kolkata,True
1849,Ananya Verma,Lucknow,False
1850,Aarav Patel,Jaipur,False
1851,Vihaan Gupta,Hyderabad,False
1852,Saanvi Singh,Jaipur,False
1853,Advik Verma,Jaipur,False
1854,Ananya Gupta,Pune,False
1855,Diya Gupta,Mumbai,True
1856,Ananya Singh,Gurgaon,False
1857,Aarav Singh,Jaipur,False
1858,Advik Gupta,Gurgaon,False
1859,Saanvi Sharma,Hyderabad,False
1860,Diya Sharma,Delhi,False
1861,Vihaan Gupta,Delhi,False
1862,Ananya Sharma,Jaipur,False
1863,Vihaan Verma,Ahmedabad,False
1864,Aarav Gupta,Noida,False
1865,Advik Verma,Gurgaon,False
1866,Diya Sharma,Pune,False
1867,Aarav Verma,Ahmedabad,False
1868,Diya Patel,Chennai,False
1869,Ananya Singh,Kolkata,False
1870,Advik Patel,Gurgaon,False
1871,Advik Verma,Pune,False
1872,Ananya Verma,Gurgaon,False
1873,Ananya Sharma,Bangalore,False
1874,Diya Verma,Kolkata,False
1875,Saanvi Patel,Pune,False
1876,Vihaan Verma,Bangalore,False
1877,Aarav Gupta,Kolkata,False
1878,Ananya Gupta,Bangalore,False
1879,Saanvi Sharma,Lucknow,False
1880,Ananya Verma,Chennai,False
1881,Vihaan Patel,Pune,False
1882,Aarav Singh,Gurgaon,False
1883,Diya Gupta,Bangalore,True
1884,Saanvi Patel,Ahmedabad,False
1885,Saanvi Gupta,Gurgaon,False
1886,Advik Verma,Kolkata,False
1887,Diya Gupta,Jaipur,False
1888,Diya Sharma,Bangalore,False
1889,Aarav Gupta,Mumbai,False
1890,Vihaan Singh,Chennai,True
1891,Aarav Patel,Lucknow,False
1892,Advik Verma,Pune,False
1893,Aarav Patel,Gurgaon,False
1894,Aarav Patel,Noida,False
1895,Ananya Patel,Kolkata,False
1896,Aarav Gupta,Noida,False
1897,Diya Gupta,Noida,False
1898,Ananya Gupta,Chennai,False
1899,Diya Patel,Delhi,False
1900,Diya Singh,Gurgaon,False
1901,Saanvi Singh,Jaipur,False
1902,Vihaan Patel,Kolkata,True
1903,Vihaan Gupta,Gurgaon,False
1904,Advik Gupta,Delhi,False
1905,Advik Singh,Delhi,True
1906,Saanvi Gupta,Noida,False
1907,Diya Patel,Bangalore,False
1908,Diya Gupta,Ahmedabad,False
1909,Ananya Patel,Pune,False
1910,Saanvi Singh,Hyderabad,True
1911,Aarav Verma,Pune,False
1912,Saanvi Singh,Delhi,False
1913,Ananya Singh,Bangalore,False
1914,Saanvi Verma,Mumbai,False
1915,Ananya Singh,Delhi,False
1916,Ananya Patel,Gurgaon,False
1917,Ananya Singh,Jaipur,False
1918,Ananya Patel,Jaipur,False
1919,Ananya Verma,Kolkata,True
1920,Ananya Singh,Jaipur,False
1921,Vihaan Sharma,Pune,False
1922,Saanvi Gupta,Mumbai,False
1923,Advik Sharma,Ahmedabad,False
1924,Saanvi Verma,Delhi,False
1925,Vihaan Patel,Chennai,False
1926,Saanvi Gupta,Pune,False
1927,Saanvi Gupta,Delhi,False
1928,Ananya Verma,Mumbai,False
1929,Ananya Gupta,Gurgaon,False
1930,Vihaan Sharma,Hyderabad,False
1931,Vihaan Verma,Ahmedabad,False
1932,Advik Patel,Jaipur,False
1933,Aarav Singh,Gurgaon,False
1934,Aarav Verma,Mumbai,False
1935,Ananya Gupta,Bangalore,False
1936,Advik Patel,Chennai,False
1937,Ananya Sharma,Jaipur,False
1938,Vihaan Verma,Jaipur,False
1939,Vihaan Gupta,Bangalore,False
1940,Aarav Singh,Jaipur,False
1941,Aarav Sharma,Mumbai,False
1942,Diya Sharma,Hyderabad,False
1943,Saanvi Patel,Kolkata,True
1944,Aarav Gupta,Mumbai,True
1945,Saanvi Sharma,Delhi,False
1946,Advik Verma,Kolkata,False
1947,Vihaan Gupta,Mumbai,True
1948,Saanvi Gupta,Kolkata,False
1949,Vihaan Patel,Jaipur,False
1950,Advik Patel,Delhi,True
1951,Advik Sharma,Ahmedabad,False
1952,Vihaan Gupta,Bangalore,False
1953,Advik Sharma,Jaipur,True
1954,Vihaan Patel,Jaipur,False
1955,Saanvi Patel,Bangalore,False
1956,Aarav Verma,Chennai,False
1957,Diya Verma,Ahmedabad,False
1958,Aarav Gupta,Delhi,False
1959,Advik Verma,Gurgaon,False
1960,Saanvi Gupta,Ahmedabad,False
1961,Aarav Gupta,Gurgaon,False
1962,Ananya Singh,Kolkata,False
1963,Saanvi Singh,Hyderabad,False
1964,Ananya Singh,Hyderabad,False
1965,Diya Gupta,Bangalore,True
1966,Saanvi Singh,Lucknow,False
1967,Diya Patel,Lucknow,False
1968,Aarav Verma,Noida,False
1969,Advik Sharma,Jaipur,False
1970,Vihaan Sharma,Chennai,False
1971,Ananya Verma,Kolkata,False
1972,Diya Sharma,Hyderabad,False
1973,Saanvi Singh,Pune,False
1974,Advik Patel,Pune,False
1975,Saanvi Singh,Chennai,False
1976,Advik Singh,Gurgaon,False
1977,Vihaan Singh,Delhi,False
1978,Diya Singh,Hyderabad,False
1979,Vihaan Sharma,Delhi,False
1980,Aarav Singh,Lucknow,True
1981,Vihaan Singh,Kolkata,False
1982,Vihaan Gupta,Kolkata,False
1983,Aarav Patel,Gurgaon,False
1984,Vihaan Gupta,Lucknow,False
1985,Advik Gupta,Ahmedabad,False
1986,Advik Patel,Mumbai,False
1987,Aarav Singh,Delhi,False
1988,Ananya Singh,Gurgaon,False
1989,Aarav Verma,Ahmedabad,False
1990,Ananya Verma,Gurgaon,False
1991,Ananya Singh,Gurgaon,False
1992,Advik Singh,Lucknow,False
1993,Advik Patel,Gurgaon,False
1994,Vihaan Patel,Mumbai,False
1995,Diya Patel,Noida,False
1996,Ananya Gupta,Chennai,True
1997,Advik Sharma,Bangalore,False
1998,Ananya Patel,Mumbai,False
1999,Saanvi Gupta,Noida,True
2000,Ananya Gupta,Noida,False
2001,Saanvi Verma,Hyderabad,False
2002,Ananya Patel,Delhi,False
2003,Aarav Gupta,Delhi,False
2004,Aarav Patel,Chennai,True
2005,Saanvi Singh,Kolkata,False
2006,Diya Gupta,Mumbai,False
2007,Advik Sharma,Chennai,False
2008,Diya Gupta,Kolkata,True
2009,Diya Sharma,Jaipur,False
2010,Ananya Singh,Ahmedabad,False
2011,Saanvi Gupta,Bangalore,False
2012,Ananya Singh,Hyderabad,False
2013,Aarav Patel,Hyderabad,False
2014,Aarav Gupta,Kolkata,False
2015,Vihaan Patel,Jaipur,False
2016,Saanvi Patel,Delhi,False
2017,Ananya Sharma,Kolkata,False
2018,Diya Singh,Hyderabad,False
2019,Aarav Gupta,Ahmedabad,False
2020,Diya Patel,Chennai,False
2021,Diya Gupta,Kolkata,False
2022,Saanvi Patel,Bangalore,False
2023,Saanvi Patel,Bangalore,False
2024,Vihaan Singh,Pune,False
2025,Advik Patel,Noida,False
2026,Saanvi Sharma,Ahmedabad,False
2027,Diya Verma,Hyderabad,False
2028,Saanvi Gupta,Noida,False
2029,Aarav Verma,Noida,False
2030,Ananya Verma,Pune,False
2031,Vihaan Singh,Hyderabad,False
2032,Vihaan Sharma,Hyderabad,False
2033,Ananya Singh,Gurgaon,False
2034,Diya Singh,Lucknow,False
2035,Vihaan Verma,Pune,False
2036,Ananya Gupta,Lucknow,False
2037,Saanvi Sharma,Jaipur,False
2038,Aarav Sharma,Delhi,False
2039,Ananya Sharma,Noida,False
2040,Saanvi Sharma,Noida,False
2041,Saanvi Verma,Hyderabad,False
2042,Saanvi Patel,Delhi,False
2043,Advik Patel,Pune,False
2044,Aarav Verma,Kolkata,False
2045,Ananya Gupta,Kolkata,False
2046,Saanvi Verma,Noida,False
2047,Aarav Verma,Hyderabad,False
2048,Diya Singh,Pune,False
2049,Aarav Singh,Ahmedabad,False
2050,Aarav Gupta,Ahmedabad,False
2051,Saanvi Verma,Pune,False
2052,Vihaan Gupta,Gurgaon,False
2053,Ananya Sharma,Lucknow,False
2054,Advik Sharma,Jaipur,False
2055,Aarav Verma,Pune,False
2056,Ananya Gupta,Lucknow,False
2057,Vihaan Singh,Noida,True
2058,Diya Gupta,Pune,True
2059,Vihaan Gupta,Hyderabad,False
2060,Vihaan Singh,Lucknow,False
2061,Saanvi Singh,Mumbai,False
2062,Aarav Singh,Gurgaon,False
2063,Ananya Singh,Delhi,False
2064,Saanvi Gupta,Ahmedabad,True
2065,Diya Patel,Jaipur,False
2066,Saanvi Gupta,Gurgaon,False
2067,Aarav Verma,Lucknow,False
2068,Saanvi Verma,Mumbai,False
2069,Saanvi Gupta,Chennai,False
2070,Aarav Verma,Hyderabad,False
2071,Saanvi Verma,Kolkata,False
2072,Ananya Singh,Gurgaon,False
2073,Vihaan Gupta,Bangalore,False
2074,Ananya Gupta,Hyderabad,True
2075,Ananya Verma,Noida,False
2076,Advik Verma,Mumbai,False
2077,Advik Patel,Lucknow,False
2078,Aarav Singh,Hyderabad,False
2079,Vihaan Sharma,Noida,False
2080,Advik Gupta,Bangalore,True
2081,Ananya Verma,Kolkata,False
2082,Saanvi Patel,Noida,False
2083,Diya Singh,Delhi,False
2084,Vihaan Verma,Pune,False
2085,Diya Singh,Bangalore,False
2086,Vihaan Patel,Hyderabad,False
2087,Ananya Verma,Noida,False
2088,Vihaan Sharma,Pune,False
2089,Vihaan Patel,Gurgaon,False
2090,Ananya Patel,Lucknow,False
2091,Aarav Sharma,Gurgaon,False
2092,Ananya Singh,Lucknow,False
2093,Diya Singh,Jaipur,False
2094,Aarav Sharma,Ahmedabad,True
2095,Ananya Verma,Gurgaon,False
2096,Advik Patel,Jaipur,False
2097,Aarav Sharma,Pune,False
2098,Diya Gupta,Noida,False
2099,Vihaan Patel,Mumbai,False
2100,Ananya Verma,Ahmedabad,False
2101,Ananya Singh,Bangalore,True
2102,Saanvi Patel,Noida,False
2103,Aarav Gupta,Mumbai,False
2104,Diya Gupta,Jaipur,False
2105,Diya Gupta,Pune,False
2106,Ananya Patel,Chennai,False
2107,Vihaan Gupta,Jaipur,False
2108,Vihaan Patel,Lucknow,False
2109,Diya Sharma,Hyderabad,False
2110,Vihaan Verma,Mumbai,False
2111,Vihaan Singh,Noida,False
2112,Diya Sharma,Gurgaon,False
2113,Saanvi Patel,Gurgaon,False
2114,Aarav Verma,Delhi,False
2115,Vihaan Gupta,Bangalore,False
2116,Saanvi Patel,Pune,False
2117,Saanvi Patel,Hyderabad,False
2118,Aarav Patel,Kolkata,False
2119,Aarav Verma,Gurgaon,False
2120,Ananya Sharma,Pune,False
2121,Saanvi Sharma,Noida,False
2122,Aarav Gupta,Bangalore,True
2123,Diya Singh,Gurgaon,False
2124,Ananya Patel,Lucknow,True
2125,Aarav Patel,Gurgaon,False
2126,Saanvi Patel,Bangalore,False
2127,Aarav Gupta,Chennai,False
2128,Saanvi Sharma,Ahmedabad,False
2129,Diya Sharma,Noida,False
2130,Vihaan Singh,Delhi,True
2131,Vihaan Verma,Noida,False
2132,Ananya Verma,Delhi,False
2133,Diya Gupta,Lucknow,False
2134,Ananya Sharma,Chennai,False
2135,Diya Singh,Noida,False
2136,Advik Patel,Noida,True
2137,Diya Gupta,Kolkata,False
2138,Saanvi Singh,Delhi,True
2139,Ananya Singh,Lucknow,False
2140,Saanvi Verma,Gurgaon,False
2141,Saanvi Patel,Delhi,False
2142,Diya Sharma,Gurgaon,False
2143,Vihaan Gupta,Hyderabad,False
2144,Ananya Patel,Mumbai,False
2145,Aarav Patel,Delhi,False
2146,Diya Sharma,Gurgaon,False
2147,Advik Gupta,Chennai,False
2148,Aarav Patel,Mumbai,False
2149,Saanvi Singh,Bangalore,False
2150,Diya Sharma,Delhi,False
2151,Saanvi Gupta,Chennai,False
2152,Diya Singh,Kolkata,False
2153,Ananya Verma,Hyderabad,False
2154,Saanvi Patel,Pune,False
2155,Aarav Singh,Ahmedabad,True
2156,Diya Sharma,Mumbai,False
2157,Diya Singh,Jaipur,False
2158,Saanvi Patel,Jaipur,False
2159,Advik Patel,Chennai,False
2160,Saanvi Singh,Pune,True
2161,Vihaan Sharma,Hyderabad,False
2162,Aarav Verma,Mumbai,False
2163,Saanvi Verma,Lucknow,False
2164,Saanvi Patel,Hyderabad,True
2165,Diya Verma,Gurgaon,False
2166,Aarav Verma,Bangalore,False
2167,Diya Singh,Gurgaon,True
2168,Diya Patel,Hyderabad,False
2169,Advik Singh,Mumbai,False
2170,Aarav Singh,Noida,False
2171,Saanvi Patel,Kolkata,False
2172,Ananya Sharma,Gurgaon,False
2173,Advik Patel,Jaipur,False
2174,Saanvi Singh,Hyderabad,False
2175,Advik Sharma,Noida,False
2176,Advik Sharma,Pune,False
2177,Diya Singh,Delhi,False
2178,Saanvi Gupta,Gurgaon,False
2179,Aarav Verma,Pune,False
2180,Diya Gupta,Gurgaon,False
2181,Vihaan Patel,Lucknow,False
2182,Advik Singh,Bangalore,False
2183,Saanvi Singh,Noida,False
2184,Saanvi Gupta,Gurgaon,False
2185,Vihaan Patel,Hyderabad,False
2186,Saanvi Sharma,Lucknow,False
2187,Vihaan Verma,Bangalore,False
2188,Aarav Singh,Gurgaon,False
2189,Vihaan Patel,Mumbai,False
2190,Ananya Gupta,Chennai,False
2191,Vihaan Patel,Mumbai,False
2192,Ananya Singh,Delhi,False
2193,Aarav Patel,Hyderabad,False
2194,Ananya Gupta,Mumbai,False
2195,Advik Gupta,Bangalore,False
2196,Advik Patel,Lucknow,False
2197,Aarav Singh,Gurgaon,False
2198,Aarav Sharma,Kolkata,False
2199,Aarav Patel,Mumbai,False
2200,Vihaan Sharma,Hyderabad,False
2201,Vihaan Gupta,Jaipur,False
2202,Advik Singh,Jaipur,False
2203,Vihaan Gupta,Chennai,False
2204,Aarav Verma,Gurgaon,False
2205,Aarav Verma,Gurgaon,False
2206,Advik Verma,Delhi,False
2207,Saanvi Singh,Chennai,False
2208,Vihaan Verma,Ahmedabad,False
2209,Vihaan Verma,Noida,False
2210,Diya Singh,Ahmedabad,False
2211,Ananya Sharma,Gurgaon,False
2212,Aarav Patel,Delhi,True
2213,Ananya Singh,Bangalore,False
2214,Diya Sharma,Lucknow,False
2215,Vihaan Patel,Mumbai,False
2216,Saanvi Patel,Pune,False
2217,Saanvi Patel,Pune,False
2218,Ananya Gupta,Mumbai,False
2219,Advik Patel,Bangalore,False
2220,Diya Verma,Ahmedabad,False
2221,Advik Singh,Jaipur,False
2222,Saanvi Singh,Hyderabad,False
2223,Aarav Sharma,Ahmedabad,False
2224,Saanvi Verma,Ahmedabad,False
2225,Ananya Verma,Delhi,False
2226,Ananya Patel,Chennai,False
2227,Vihaan Sharma,Mumbai,False
2228,Advik Patel,Pune,False
2229,Ananya Singh,Ahmedabad,False
2230,Aarav Gupta,Pune,False
2231,Ananya Sharma,Mumbai,False
2232,Aarav Singh,Pune,False
2233,Aarav Singh,Chennai,False
2234,Saanvi Patel,Kolkata,False
2235,Saanvi Patel,Kolkata,False
2236,Ananya Gupta,Lucknow,False
2237,Saanvi Patel,Lucknow,False
2238,Diya Patel,Jaipur,False
2239,Ananya Patel,Kolkata,False
2240,Ananya Singh,Delhi,False
2241,Diya Singh,Delhi,True
2242,Diya Verma,Gurgaon,False
2243,Aarav Gupta,Lucknow,False
2244,Advik Patel,Ahmedabad,False
2245,Ananya Patel,Gurgaon,False
2246,Diya Singh,Jaipur,False
2247,Vihaan Verma,Ahmedabad,False
2248,Saanvi Singh,Bangalore,False
2249,Advik Patel,Delhi,False
2250,Diya Singh,Mumbai,False
2251,Advik Gupta,Delhi,False
2252,Diya Sharma,Delhi,False
2253,Ananya Sharma,Ahmedabad,False
2254,Ananya Gupta,Chennai,False
2255,Diya Sharma,Bangalore,False
2256,Advik Singh,Mumbai,False
2257,Ananya Gupta,Hyderabad,False
2258,Saanvi Singh,Mumbai,False
2259,Ananya Sharma,Mumbai,False
2260,Advik Gupta,Kolkata,False
2261,Ananya Singh,Gurgaon,False
2262,Advik Verma,Bangalore,False
2263,Diya Singh,Lucknow,False
2264,Saanvi Gupta,Delhi,False
2265,Saanvi Patel,Noida,False
2266,Diya Gupta,Ahmedabad,True
2267,Saanvi Singh,Jaipur,False
2268,Aarav Verma,Jaipur,True
2269,Saanvi Gupta,Ahmedabad,False
2270,Saanvi Patel,Delhi,False
2271,Advik Patel,Kolkata,False
2272,Advik Patel,Hyderabad,False
2273,Advik Sharma,Delhi,False
2274,Advik Verma,Mumbai,False
2275,Vihaan Verma,Jaipur,False
2276,Advik Singh,Delhi,False
2277,Advik Gupta,Noida,False
2278,Diya Sharma,Chennai,False
2279,Diya Sharma,Ahmedabad,False
2280,Ananya Sharma,Delhi,False
2281,Advik Verma,Pune,False
2282,Ananya Sharma,Bangalore,False
2283,Diya Verma,Mumbai,False
2284,Ananya Verma,Mumbai,False
2285,Ananya Singh,Delhi,False
2286,Diya Gupta,Pune,False
2287,Aarav Sharma,Hyderabad,False
2288,Advik Patel,Hyderabad,False
2289,Advik Singh,Delhi,False
2290,Ananya Singh,Ahmedabad,False
2291,Diya Sharma,Noida,False
2292,Aarav Gupta,Ahmedabad,False
2293,Saanvi Sharma,Hyderabad,False
2294,Saanvi Verma,Pune,False
2295,Diya Sharma,Lucknow,False
2296,Vihaan Gupta,Ahmedabad,False
2297,Vihaan Patel,Noida,False
2298,Advik Singh,Mumbai,True
2299,Diya Patel,Pune,False
2300,Vihaan Sharma,Mumbai,False
2301,Diya Gupta,Kolkata,False
2302,Saanvi Singh,Chennai,False
2303,Vihaan Patel,Ahmedabad,False
2304,Vihaan Patel,Kolkata,True
2305,Aarav Singh,Jaipur,False
2306,Vihaan Patel,Pune,False
2307,Vihaan Patel,Ahmedabad,False
2308,Ananya Gupta,Lucknow,False
2309,Saanvi Singh,Pune,False
2310,Ananya Gupta,Hyderabad,False
2311,Advik Gupta,Mumbai,False
2312,Vihaan Sharma,Kolkata,False
2313,Aarav Verma,Noida,False
2314,Saanvi Singh,Noida,False
2315,Saanvi Sharma,Ahmedabad,True
2316,Saanvi Singh,Lucknow,False
2317,Diya Patel,Chennai,False
2318,Saanvi Sharma,Delhi,False
2319,Vihaan Singh,Mumbai,False
2320,Aarav Gupta,Lucknow,False
2321,Ananya Verma,Delhi,False
2322,Saanvi Gupta,Jaipur,False
2323,Diya Gupta,Mumbai,False
2324,Saanvi Patel,Hyderabad,True
2325,Saanvi Singh,Delhi,False
2326,Advik Patel,Gurgaon,False
2327,Vihaan Patel,Lucknow,False
2328,Advik Verma,Delhi,False
2329,Saanvi Sharma,Bangalore,False
2330,Advik Verma,Ahmedabad,False
2331,Ananya Verma,Lucknow,True
2332,Saanvi Patel,Kolkata,False
2333,Advik Singh,Mumbai,False
2334,Saanvi Sharma,Chennai,False
2335,Diya Gupta,Delhi,False
2336,Diya Singh,Chennai,False
2337,Aarav Verma,Mumbai,False
2338,Diya Patel,Gurgaon,False
2339,Diya Verma,Chennai,True
2340,Advik Sharma,Jaipur,False
2341,Saanvi Singh,Delhi,False
2342,Vihaan Verma,Chennai,False
2343,Saanvi Sharma,Mumbai,False
2344,Aarav Patel,Lucknow,False
2345,Ananya Verma,Delhi,False
2346,Ananya Sharma,Chennai,False
2347,Vihaan Sharma,Kolkata,False
2348,Aarav Singh,Kolkata,False
2349,Aarav Sharma,Noida,False
2350,Saanvi Sharma,Bangalore,True
2351,Diya Sharma,Pune,False
2352,Diya Sharma,Delhi,False
2353,Advik Sharma,Pune,False
2354,Diya Sharma,Kolkata,False
2355,Vihaan Patel,Lucknow,False
2356,Diya Singh,Gurgaon,False
2357,Advik Patel,Delhi,False
2358,Saanvi Sharma,Gurgaon,False
2359,Advik Verma,Delhi,False
2360,Advik Sharma,Kolkata,False
2361,Vihaan Patel,Bangalore,False
2362,Ananya Gupta,Noida,False
2363,Advik Singh,Bangalore,False
2364,Aarav Sharma,Bangalore,False
2365,Diya Patel,Lucknow,False
2366,Ananya Patel,Ahmedabad,False
2367,Vihaan Singh,Pune,False
2368,Ananya Gupta,Mumbai,False
2369,Saanvi Verma,Mumbai,False
2370,Advik Sharma,Noida,False
2371,Vihaan Verma,Delhi,False
2372,Saanvi Singh,Jaipur,False
2373,Diya Patel,Jaipur,False
2374,Advik Patel,Chennai,False
2375,Diya Gupta,Bangalore,False
2376,Aarav Singh,Hyderabad,False
2377,Saanvi Verma,Jaipur,False
2378,Advik Verma,Hyderabad,False
2379,Ananya Singh,Hyderabad,False
2380,Aarav Gupta,Mumbai,True
2381,Aarav Patel,Delhi,False
2382,Diya Verma,Lucknow,False
2383,Ananya Sharma,Mumbai,False
2384,Ananya Verma,Hyderabad,False
2385,Saanvi Verma,Chennai,False
2386,Vihaan Verma,Hyderabad,True
2387,Ananya Sharma,Mumbai,False
2388,Vihaan Singh,Lucknow,False
2389,Aarav Gupta,Hyderabad,False
2390,Vihaan Gupta,Chennai,False
2391,Advik Patel,Noida,False
2392,Aarav Sharma,Bangalore,False
2393,Vihaan Verma,Hyderabad,False
2394,Saanvi Gupta,Chennai,False
2395,Saanvi Verma,Mumbai,False
2396,Advik Verma,Ahmedabad,False
2397,Vihaan Gupta,Hyderabad,True
2398,Ananya Verma,Ahmedabad,False
2399,Diya Verma,Jaipur,True
2400,Diya Patel,Delhi,False
2401,Diya Patel,Chennai,False
2402,Diya Verma,Chennai,False
2403,Advik Singh,Jaipur,False
2404,Diya Gupta,Kolkata,False
2405,Advik Sharma,Hyderabad,False
2406,Vihaan Singh,Hyderabad,False
2407,Ananya Singh,Noida,False
2408,Ananya Gupta,Ahmedabad,True
2409,Aarav Gupta,Gurgaon,False
2410,Vihaan Patel,Mumbai,False
2411,Advik Gupta,Noida,False
2412,Diya Singh,Chennai,False
2413,Ananya Gupta,Noida,True
2414,Diya Verma,Pune,False
2415,Ananya Sharma,Pune,False
2416,Advik Patel,Lucknow,True
2417,Ananya Verma,Delhi,False
2418,Ananya Sharma,Ahmedabad,False
2419,Vihaan Gupta,Pune,False
2420,Saanvi Gupta,Hyderabad,False
2421,Vihaan Patel,Pune,True
2422,Ananya Gupta,Chennai,False
2423,Diya Singh,Kolkata,False
2424,Aarav Singh,Lucknow,False
2425,Vihaan Singh,Hyderabad,False
2426,Saanvi Verma,Gurgaon,False
2427,Advik Patel,Gurgaon,False
2428,Diya Gupta,Delhi,False
2429,Vihaan Singh,Jaipur,False
2430,Diya Singh,Ahmedabad,True
2431,Vihaan Patel,Bangalore,False
2432,Saanvi Sharma,Gurgaon,False
2433,Ananya Gupta,Hyderabad,False
2434,Saanvi Singh,Jaipur,False
2435,Ananya Patel,Mumbai,False
2436,Aarav Verma,Bangalore,False
2437,Ananya Patel,Lucknow,False
2438,Advik Patel,Noida,False
2439,Vihaan Singh,Delhi,False
2440,Vihaan Singh,Delhi,False
2441,Diya Gupta,Delhi,False
2442,Saanvi Patel,Bangalore,True
2443,Saanvi Patel,Gurgaon,True
2444,Vihaan Sharma,Noida,False
2445,Vihaan Gupta,Lucknow,False
2446,Diya Sharma,Chennai,False
2447,Vihaan Gupta,Noida,False
2448,Aarav Verma,Ahmedabad,False
2449,Saanvi Sharma,Noida,False
2450,Vihaan Verma,Hyderabad,False
2451,Saanvi Singh,Bangalore,False
2452,Ananya Patel,Hyderabad,False
2453,Saanvi Singh,Pune,False
2454,Vihaan Singh,Delhi,False
2455,Advik Verma,Ahmedabad,False
2456,Advik Singh,Gurgaon,False
2457,Aarav Sharma,Pune,False
2458,Diya Gupta,Jaipur,False
2459,Ananya Singh,Kolkata,False
2460,Vihaan Singh,Hyderabad,False
2461,Advik Singh,Gurgaon,False
2462,Saanvi Verma,Jaipur,False
2463,Diya Sharma,Hyderabad,False
2464,Vihaan Gupta,Lucknow,False
2465,Saanvi Sharma,Jaipur,False
2466,Vihaan Singh,Noida,False
2467,Advik Sharma,Chennai,True
2468,Aarav Patel,Chennai,False
2469,Vihaan Gupta,Hyderabad,False
2470,Diya Sharma,Delhi,False
2471,Saanvi Singh,Noida,False
2472,Diya Verma,Noida,True
2473,Ananya Sharma,Jaipur,False
2474,Ananya Singh,Gurgaon,False
2475,Aarav Patel,Lucknow,False
2476,Diya Verma,Gurgaon,False
2477,Vihaan Verma,Mumbai,False
2478,Vihaan Gupta,Delhi,False
2479,Diya Verma,Delhi,False
2480,Aarav Gupta,Bangalore,False
2481,Vihaan Verma,Jaipur,True
2482,Saanvi Patel,Hyderabad,False
2483,Aarav Patel,Lucknow,False
2484,Saanvi Sharma,Noida,False
2485,Diya Sharma,Kolkata,True
2486,Diya Verma,Hyderabad,False
2487,Vihaan Verma,Delhi,True
2488,Aarav Sharma,Chennai,False
2489,Saanvi Sharma,Hyderabad,False
2490,Aarav Verma,Jaipur,False
2491,Diya Patel,Delhi,False
2492,Ananya Patel,Lucknow,False
2493,Vihaan Patel,Noida,False
2494,Aarav Verma,Hyderabad,False
2495,Ananya Verma,Mumbai,False
2496,Ananya Sharma,Noida,False
2497,Vihaan Sharma,Lucknow,False
2498,Saanvi Patel,Chennai,True
2499,Vihaan Singh,Pune,False
2500,Diya Sharma,Jaipur,False
2501,Advik Verma,Pune,False
2502,Advik Gupta,Lucknow,False
2503,Saanvi Verma,Chennai,False
2504,Saanvi Gupta,Lucknow,False
2505,Ananya Sharma,Kolkata,False
2506,Diya Singh,Ahmedabad,False
2507,Vihaan Patel,Kolkata,False
2508,Aarav Verma,Mumbai,False
2509,Aarav Gupta,Hyderabad,False
2510,Vihaan Patel,Delhi,True
2511,Ananya Singh,Pune,False
2512,Diya Verma,Lucknow,True
2513,Saanvi Patel,Gurgaon,False
2514,Ananya Verma,Pune,False
2515,Aarav Patel,Noida,False
2516,Ananya Sharma,Hyderabad,False
2517,Ananya Gupta,Hyderabad,False
2518,Aarav Verma,Lucknow,False
2519,Vihaan Patel,Noida,False
2520,Vihaan Singh,Lucknow,True
2521,Diya Sharma,Hyderabad,True
2522,Vihaan Verma,Bangalore,True
2523,Advik Patel,Hyderabad,False
2524,Aarav Singh,Jaipur,False
2525,Vihaan Verma,Hyderabad,False
2526,Advik Verma,Pune,False
2527,Diya Verma,Pune,False
2528,Diya Sharma,Chennai,False
2529,Vihaan Singh,Gurgaon,False
2530,Advik Singh,Bangalore,False
2531,Diya Sharma,Noida,False
2532,Aarav Gupta,Kolkata,False
2533,Advik Verma,Pune,False
2534,Ananya Singh,Pune,False
2535,Advik Singh,Delhi,False
2536,Saanvi Singh,Hyderabad,False
2537,Vihaan Sharma,Mumbai,False
2538,Saanvi Gupta,Gurgaon,False
2539,Diya Singh,Jaipur,False
2540,Diya Gupta,Lucknow,False
2541,Aarav Singh,Mumbai,False
2542,Aarav Singh,Kolkata,False
2543,Diya Gupta,Jaipur,False
2544,Saanvi Singh,Lucknow,False
2545,Saanvi Sharma,Lucknow,False
2546,Diya Verma,Hyderabad,False
2547,Ananya Sharma,Jaipur,False
2548,Vihaan Gupta,Kolkata,False
2549,Saanvi Verma,Pune,False
2550,Advik Verma,Mumbai,False
2551,Aarav Singh,Noida,False
2552,Aarav Patel,Hyderabad,False
2553,Vihaan Singh,Pune,False
2554,Advik Patel,Lucknow,False
2555,Advik Gupta,Jaipur,False
2556,Saanvi Sharma,Delhi,False
2557,Ananya Verma,Pune,False
2558,Saanvi Singh,Jaipur,False
2559,Vihaan Singh,Mumbai,True
2560,Saanvi Singh,Ahmedabad,False
2561,Ananya Singh,Bangalore,False
2562,Vihaan Verma,Hyderabad,False
2563,Advik Sharma,Gurgaon,False
2564,Vihaan Verma,Hyderabad,True
2565,Vihaan Verma,Pune,False
2566,Diya Singh,Lucknow,False
2567,Aarav Verma,Delhi,False
2568,Diya Sharma,Pune,True
2569,Aarav Patel,Hyderabad,False
2570,Saanvi Sharma,Mumbai,True
2571,Aarav Patel,Mumbai,True
2572,Advik Sharma,Noida,False
2573,Ananya Singh,Gurgaon,False
2574,Advik Singh,Chennai,False
2575,Ananya Gupta,Hyderabad,False
2576,Saanvi Singh,Noida,False
2577,Ananya Gupta,Delhi,True
2578,Saanvi Singh,Jaipur,False
2579,Vihaan Sharma,Kolkata,False
2580,Advik Gupta,Jaipur,False
2581,Vihaan Gupta,Gurgaon,False
2582,Saanvi Singh,Ahmedabad,False
2583,Vihaan Sharma,Lucknow,False
2584,Ananya Sharma,Lucknow,False
2585,Aarav Gupta,Lucknow,False
2586,Advik Singh,Noida,False
2587,Aarav Gupta,Noida,False
2588,Diya Sharma,Jaipur,False
2589,Advik Verma,Jaipur,False
2590,Advik Patel,Jaipur,False
2591,Vihaan Singh,Delhi,False
2592,Saanvi Patel,Gurgaon,False
2593,Diya Sharma,Gurgaon,False
2594,Vihaan Verma,Hyderabad,False
2595,Saanvi Sharma,Delhi,False
2596,Saanvi Sharma,Bangalore,False
2597,Ananya Singh,Pune,False
2598,Ananya Singh,Lucknow,False
2599,Vihaan Patel,Lucknow,False
2600,Aarav Gupta,Hyderabad,False
2601,Advik Sharma,Lucknow,False
2602,Saanvi Singh,Lucknow,False
2603,Advik Singh,Hyderabad,False
2604,Aarav Gupta,Delhi,False
2605,Ananya Patel,Hyderabad,False
2606,Aarav Patel,Chennai,False
2607,Ananya Singh,Kolkata,False
2608,Ananya Sharma,Kolkata,False
2609,Diya Singh,Chennai,False
2610,Saanvi Verma,Ahmedabad,False
2611,Advik Verma,Delhi,False
2612,Advik Singh,Chennai,False
2613,Ananya Verma,Gurgaon,False
2614,Vihaan Patel,Pune,False
2615,Saanvi Sharma,Kolkata,False
2616,Advik Sharma,Pune,False
2617,Saanvi Patel,Gurgaon,False
2618,Vihaan Singh,Pune,False
2619,Diya Sharma,Chennai,False
2620,Saanvi Verma,Jaipur,False
2621,Vihaan Sharma,Bangalore,False
2622,Saanvi Singh,Pune,False
2623,Saanvi Verma,Mumbai,False
2624,Ananya Singh,Lucknow,False
2625,Ananya Singh,Noida,True
2626,Saanvi Gupta,Pune,False
2627,Vihaan Patel,Noida,True
2628,Ananya Patel,Mumbai,False
2629,Saanvi Gupta,Gurgaon,False
2630,Advik Verma,Gurgaon,False
2631,Ananya Verma,Hyderabad,False
2632,Saanvi Verma,Jaipur,False
2633,Ananya Patel,Delhi,False
2634,Vihaan Singh,Noida,False
2635,Vihaan Sharma,Delhi,False
2636,Diya Verma,Mumbai,False
2637,Advik Gupta,Kolkata,False
2638,Vihaan Singh,Hyderabad,True
2639,Vihaan Singh,Gurgaon,False
2640,Advik Verma,Lucknow,False
2641,Saanvi Sharma,Gurgaon,False
2642,Saanvi Singh,Pune,False
2643,Diya Gupta,Mumbai,False
2644,Aarav Sharma,Gurgaon,False
2645,Advik Verma,Mumbai,False
2646,Advik Singh,Pune,False
2647,Aarav Patel,Bangalore,False
2648,Saanvi Singh,Pune,False
2649,Aarav Gupta,Delhi,False
2650,Advik Verma,Noida,False
2651,Aarav Singh,Ahmedabad,False
2652,Advik Singh,Delhi,False
2653,Advik Patel,Jaipur,False
2654,Saanvi Sharma,Hyderabad,False
2655,Aarav Verma,Kolkata,False
2656,Aarav Patel,Gurgaon,False
2657,Aarav Sharma,Bangalore,False
2658,Saanvi Verma,Delhi,False
2659,Aarav Sharma,Delhi,False
2660,Ananya Patel,Bangalore,False
2661,Saanvi Sharma,Hyderabad,False
2662,Advik Gupta,Lucknow,False
2663,Vihaan Patel,Gurgaon,False
2664,Advik Gupta,Kolkata,False
2665,Vihaan Sharma,Lucknow,False
2666,Vihaan Sharma,Hyderabad,False
2667,Vihaan Verma,Kolkata,False
2668,Advik Gupta,Pune,False
2669,Advik Singh,Delhi,False
2670,Ananya Singh,Lucknow,False
2671,Diya Singh,Delhi,False
2672,Saanvi Singh,Jaipur,False
2673,Vihaan Sharma,Lucknow,False
2674,Saanvi Verma,Jaipur,False
2675,Saanvi Patel,Kolkata,False
2676,Vihaan Gupta,Noida,False
2677,Advik Verma,Delhi,False
2678,Advik Sharma,Lucknow,False
2679,Aarav Gupta,Lucknow,True
2680,Ananya Gupta,Bangalore,False
2681,Vihaan Gupta,Mumbai,True
2682,Vihaan Singh,Delhi,False
2683,Aarav Verma,Ahmedabad,False
2684,Ananya Patel,Gurgaon,True
2685,Ananya Patel,Pune,False
2686,Advik Sharma,Mumbai,False
2687,Diya Verma,Chennai,False
2688,Saanvi Patel,Ahmedabad,False
2689,Diya Singh,Kolkata,False
2690,Aarav Patel,Jaipur,False
2691,Vihaan Verma,Noida,False
2692,Ananya Sharma,Jaipur,False
2693,Ananya Verma,Lucknow,False
2694,Saanvi Singh,Bangalore,False
2695,Ananya Singh,Ahmedabad,False
2696,Diya Patel,Jaipur,False
2697,Vihaan Gupta,Lucknow,False
2698,Ananya Singh,Chennai,False
2699,Saanvi Sharma,Delhi,False
2700,Aarav Verma,Kolkata,True
2701,Saanvi Gupta,Ahmedabad,False
2702,Aarav Singh,Lucknow,False
2703,Saanvi Verma,Gurgaon,False
2704,Saanvi Patel,Jaipur,False
2705,Aarav Patel,Hyderabad,False
2706,Saanvi Sharma,Jaipur,False
2707,Advik Gupta,Hyderabad,False
2708,Saanvi Patel,Lucknow,False
2709,Advik Singh,Bangalore,False
2710,Advik Verma,Bangalore,True
2711,Vihaan Patel,Chennai,False
2712,Diya Singh,Noida,False
2713,Aarav Gupta,Lucknow,False
2714,Advik Sharma,Pune,False
2715,Ananya Gupta,Hyderabad,True
2716,Saanvi Patel,Noida,False
2717,Ananya Patel,Mumbai,False
2718,Advik Singh,Mumbai,False
2719,Advik Singh,Chennai,False
2720,Aarav Sharma,Chennai,False
2721,Vihaan Singh,Chennai,True
2722,Diya Singh,Hyderabad,True
2723,Advik Verma,Noida,False
2724,Diya Sharma,Bangalore,False
2725,Ananya Verma,Gurgaon,False
2726,Ananya Gupta,Noida,False
2727,Advik Gupta,Delhi,False
2728,Saanvi Singh,Bangalore,False
2729,Saanvi Singh,Mumbai,False
2730,Saanvi Verma,Delhi,False
2731,Aarav Verma,Noida,False
2732,Ananya Sharma,Bangalore,False
2733,Diya Gupta,Delhi,False
2734,Advik Singh,Lucknow,False
2735,Ananya Singh,Ahmedabad,False
2736,Saanvi Singh,Bangalore,False
2737,Aarav Sharma,Bangalore,False
2738,Advik Sharma,Lucknow,False
2739,Saanvi Gupta,Noida,False
2740,Saanvi Sharma,Noida,False
2741,Ananya Singh,Delhi,False
2742,Vihaan Patel,Bangalore,False
2743,Vihaan Verma,Pune,False
2744,Ananya Verma,Lucknow,False
2745,Vihaan Singh,Jaipur,False
2746,Aarav Patel,Kolkata,False
2747,Advik Verma,Hyderabad,False
2748,Diya Sharma,Pune,False
2749,Vihaan Singh,Mumbai,False
2750,Aarav Sharma,Noida,False
2751,Ananya Verma,Hyderabad,False
2752,Diya Sharma,Ahmedabad,False
2753,Aarav Gupta,Delhi,False
2754,Ananya Gupta,Jaipur,False
2755,Ananya Sharma,Bangalore,True
2756,Aarav Gupta,Hyderabad,False
2757,Ananya Patel,Delhi,False
2758,Ananya Singh,Chennai,False
2759,Aarav Sharma,Lucknow,True
2760,Advik Verma,Chennai,False
2761,Ananya Patel,Ahmedabad,False
2762,Vihaan Gupta,Hyderabad,False
2763,Aarav Sharma,Bangalore,False
2764,Advik Sharma,Mumbai,False
2765,Saanvi Verma,Hyderabad,False
2766,Aarav Sharma,Ahmedabad,False
2767,Ananya Singh,Hyderabad,False
2768,Vihaan Sharma,Bangalore,False
2769,Advik Gupta,Ahmedabad,False
2770,Ananya Singh,Lucknow,False
2771,Diya Sharma,Gurgaon,False
2772,Advik Sharma,Bangalore,False
2773,Saanvi Verma,Pune,True
2774,Advik Sharma,Jaipur,False
2775,Diya Singh,Lucknow,False
2776,Advik Sharma,Bangalore,False
2777,Advik Singh,Ahmedabad,False
2778,Diya Patel,Pune,False
2779,Aarav Verma,Kolkata,False
2780,Saanvi Sharma,Ahmedabad,False
2781,Saanvi Patel,Pune,False
2782,Vihaan Gupta,Jaipur,False
2783,Aarav Verma,Hyderabad,True
2784,Vihaan Gupta,Mumbai,False
2785,Ananya Verma,Pune,False
2786,Aarav Verma,Hyderabad,False
2787,Aarav Gupta,Lucknow,False
2788,Ananya Gupta,Delhi,False
2789,Advik Gupta,Jaipur,False
2790,Advik Gupta,Chennai,False
2791,Saanvi Sharma,Chennai,False
2792,Ananya Verma,Pune,False
2793,Advik Patel,Delhi,False
2794,Saanvi Singh,Lucknow,False
2795,Saanvi Patel,Ahmedabad,False
2796,Diya Verma,Chennai,False
2797,Advik Singh,Bangalore,False
2798,Saanvi Singh,Chennai,False
2799,Diya Sharma,Gurgaon,False
2800,Vihaan Verma,Hyderabad,False
2801,Saanvi Verma,Lucknow,False
2802,Ananya Verma,Bangalore,False
2803,Saanvi Patel,Hyderabad,True
2804,Aarav Singh,Hyderabad,False
2805,Saanvi Singh,Delhi,False
2806,Vihaan Sharma,Kolkata,True
2807,Diya Sharma,Delhi,False
2808,Saanvi Sharma,Bangalore,False
2809,Aarav Gupta,Bangalore,False
2810,Advik Sharma,Mumbai,False
2811,Aarav Patel,Jaipur,False
2812,Saanvi Sharma,Hyderabad,False
2813,Advik Singh,Bangalore,False
2814,Diya Verma,Hyderabad,True
2815,Saanvi Gupta,Lucknow,False
2816,Aarav Sharma,Delhi,False
2817,Aarav Patel,Noida,False
2818,Vihaan Sharma,Hyderabad,False
2819,Vihaan Gupta,Lucknow,False
2820,Saanvi Singh,Lucknow,False
2821,Aarav Singh,Bangalore,False
2822,Vihaan Sharma,Pune,False
2823,Advik Gupta,Delhi,False
2824,Aarav Sharma,Kolkata,False
2825,Diya Patel,Chennai,False
2826,Saanvi Singh,Bangalore,False
2827,Saanvi Gupta,Kolkata,False
2828,Ananya Sharma,Pune,False
2829,Saanvi Gupta,Pune,False
2830,Saanvi Sharma,Mumbai,False
2831,Vihaan Verma,Chennai,False
2832,Diya Singh,Delhi,False
2833,Diya Gupta,Bangalore,True
2834,Vihaan Verma,Noida,False
2835,Diya Singh,Gurgaon,False
2836,Diya Patel,Lucknow,False
2837,Saanvi Verma,Noida,False
2838,Diya Patel,Ahmedabad,False
2839,Advik Verma,Noida,True
2840,Saanvi Singh,Ahmedabad,False
2841,Saanvi Verma,Jaipur,True
2842,Ananya Sharma,Hyderabad,False
2843,Aarav Gupta,Ahmedabad,False
2844,Vihaan Sharma,Mumbai,False
2845,Ananya Verma,Pune,False
2846,Advik Singh,Hyderabad,False
2847,Vihaan Sharma,Jaipur,False
2848,Saanvi Verma,Noida,False
2849,Saanvi Singh,Chennai,True
2850,Aarav Patel,Delhi,False
2851,Advik Verma,Mumbai,False
2852,Vihaan Sharma,Hyderabad,True
2853,Advik Singh,Bangalore,False
2854,Diya Verma,Jaipur,False
2855,Ananya Singh,Noida,False
2856,Diya Sharma,Pune,False
2857,Aarav Sharma,Kolkata,False
2858,Advik Verma,Mumbai,False
2859,Diya Singh,Ahmedabad,False
2860,Ananya Patel,Ahmedabad,False
2861,Vihaan Singh,Bangalore,False
2862,Aarav Patel,Noida,False
2863,Vihaan Verma,Noida,False
2864,Vihaan Singh,Bangalore,False
2865,Advik Patel,Delhi,False
2866,Diya Singh,Chennai,False
2867,Diya Singh,Bangalore,True
2868,Ananya Singh,Hyderabad,False
2869,Aarav Sharma,Chennai,False
2870,Ananya Sharma,Hyderabad,False
2871,Advik Sharma,Delhi,False
2872,Aarav Gupta,Hyderabad,False
2873,Saanvi Sharma,Hyderabad,False
2874,Advik Patel,Mumbai,False
2875,Diya Sharma,Mumbai,False
2876,Ananya Sharma,Chennai,False
2877,Diya Patel,Hyderabad,False
2878,Diya Gupta,Bangalore,False
2879,Aarav Gupta,Noida,False
2880,Advik Sharma,Ahmedabad,False
2881,Vihaan Sharma,Kolkata,False
2882,Diya Patel,Mumbai,False
2883,Vihaan Singh,Delhi,False
2884,Aarav Verma,Hyderabad,False
2885,Saanvi Verma,Jaipur,False
2886,Advik Patel,Jaipur,False
2887,Advik Gupta,Gurgaon,False
2888,Ananya Gupta,Chennai,False
2889,Diya Sharma,Jaipur,False
2890,Diya Verma,Hyderabad,False
2891,Advik Sharma,Bangalore,False
2892,Diya Sharma,Mumbai,False
2893,Ananya Patel,Delhi,False
2894,Diya Gupta,Bangalore,False
2895,Vihaan Sharma,Pune,False
2896,Ananya Sharma,Delhi,False
2897,Diya Gupta,Gurgaon,False
2898,Diya Verma,Delhi,False
2899,Diya Sharma,Chennai,False
2900,Diya Singh,Kolkata,False
2901,Vihaan Singh,Chennai,False
2902,Advik Gupta,Chennai,True
2903,Diya Patel,Gurgaon,False
2904,Saanvi Sharma,Kolkata,False
2905,Aarav Verma,Jaipur,False
2906,Aarav Verma,Delhi,False
2907,Vihaan Patel,Noida,False
2908,Vihaan Singh,Gurgaon,False
2909,Ananya Singh,Gurgaon,False
2910,Diya Sharma,Delhi,False
2911,Aarav Singh,Noida,False
2912,Ananya Sharma,Chennai,False
2913,Advik Singh,Hyderabad,False
2914,Diya Sharma,Pune,False
2915,Advik Verma,Gurgaon,False
2916,Vihaan Gupta,Kolkata,True
2917,Advik Singh,Mumbai,False
2918,Ananya Singh,Gurgaon,False
2919,Vihaan Sharma,Lucknow,False
2920,Ananya Verma,Delhi,False
2921,Ananya Singh,Delhi,False
2922,Saanvi Singh,Noida,False
2923,Saanvi Gupta,Bangalore,False
2924,Aarav Singh,Chennai,False
2925,Ananya Verma,Hyderabad,False
2926,Diya Singh,Gurgaon,False
2927,Vihaan Singh,Chennai,False
2928,Advik Singh,Mumbai,False
2929,Advik Verma,Delhi,False
2930,Advik Patel,Bangalore,False
2931,Saanvi Gupta,Mumbai,False
2932,Diya Verma,Gurgaon,False
2933,Aarav Singh,Pune,False
2934,Aarav Singh,Bangalore,False
2935,Saanvi Patel,Delhi,True
2936,Saanvi Verma,Noida,False
2937,Vihaan Patel,Noida,False
2938,Vihaan Verma,Lucknow,False
2939,Aarav Gupta,Chennai,True
2940,Ananya Patel,Delhi,False
2941,Saanvi Singh,Noida,False
2942,Ananya Patel,Noida,False
2943,Ananya Sharma,Bangalore,False
2944,Ananya Verma,Ahmedabad,False
2945,Advik Singh,Noida,False
2946,Saanvi Singh,Lucknow,False
2947,Advik Sharma,Delhi,False
2948,Aarav Sharma,Lucknow,True
2949,Diya Sharma,Gurgaon,False
2950,Advik Patel,Delhi,False
2951,Advik Patel,Mumbai,False
2952,Diya Verma,Hyderabad,False
2953,Advik Singh,Delhi,False
2954,Diya Sharma,Chennai,False
2955,Diya Singh,Lucknow,False
2956,Saanvi Singh,Mumbai,False
2957,Vihaan Patel,Pune,False
2958,Saanvi Gupta,Pune,False
2959,Diya Verma,Mumbai,False
2960,Diya Sharma,Mumbai,True
2961,Ananya Patel,Jaipur,False
2962,Ananya Verma,Kolkata,False
2963,Vihaan Patel,Noida,False
2964,Saanvi Singh,Mumbai,False
2965,Advik Singh,Bangalore,False
2966,Diya Verma,Noida,False
2967,Advik Verma,Noida,False
2968,Saanvi Verma,Ahmedabad,False
2969,Advik Singh,Lucknow,False
2970,Advik Verma,Chennai,False
2971,Aarav Sharma,Noida,True
2972,Advik Verma,Mumbai,False
2973,Advik Sharma,Kolkata,False
2974,Saanvi Verma,Gurgaon,False
2975,Ananya Verma,Hyderabad,False
2976,Vihaan Gupta,Hyderabad,False
2977,Vihaan Singh,Pune,False
2978,Ananya Sharma,Bangalore,False
2979,Saanvi Patel,Delhi,False
2980,Advik Sharma,Delhi,False
2981,Ananya Verma,Delhi,True
2982,Ananya Verma,Noida,False
2983,Aarav Singh,Delhi,False
2984,Saanvi Sharma,Hyderabad,False
2985,Diya Gupta,Lucknow,False
2986,Vihaan Verma,Pune,True
2987,Vihaan Patel,Lucknow,False
2988,Aarav Sharma,Chennai,False
2989,Diya Patel,Kolkata,False
2990,Vihaan Patel,Jaipur,False
2991,Aarav Verma,Kolkata,True
2992,Aarav Patel,Ahmedabad,False
2993,Vihaan Gupta,Delhi,False
2994,Aarav Gupta,Bangalore,False
2995,Saanvi Verma,Pune,False
2996,Vihaan Sharma,Chennai,False
2997,Saanvi Gupta,Gurgaon,False
2998,Diya Singh,Ahmedabad,False
2999,Vihaan Gupta,Bangalore,False
3000,Saanvi Gupta,Noida,False
3001,Advik Gupta,Bangalore,False
3002,Saanvi Singh,Noida,False
3003,Diya Patel,Jaipur,False
3004,Ananya Patel,Delhi,False
3005,Diya Verma,Kolkata,False
3006,Saanvi Sharma,Gurgaon,False
3007,Aarav Patel,Pune,False
3008,Ananya Patel,Lucknow,False
3009,Advik Gupta,Noida,True
3010,Vihaan Gupta,Noida,False
3011,Ananya Verma,Delhi,False
3012,Ananya Gupta,Bangalore,False
3013,Aarav Sharma,Chennai,False
3014,Saanvi Gupta,Hyderabad,False
3015,Ananya Verma,Ahmedabad,True
3016,Ananya Patel,Hyderabad,False
3017,Aarav Patel,Pune,False
3018,Saanvi Sharma,Kolkata,False
3019,Diya Singh,Chennai,False
3020,Vihaan Verma,Mumbai,False
3021,Diya Sharma,Pune,False
3022,Aarav Singh,Bangalore,False
3023,Advik Singh,Hyderabad,False
3024,Ananya Sharma,Lucknow,False
3025,Advik Sharma,Gurgaon,False
3026,Diya Sharma,Ahmedabad,False
3027,Aarav Gupta,Lucknow,True
3028,Diya Sharma,Noida,False
3029,Ananya Gupta,Chennai,False
3030,Advik Gupta,Gurgaon,False
3031,Diya Gupta,Jaipur,False
3032,Diya Sharma,Chennai,False
3033,Aarav Sharma,Hyderabad,True
3034,Aarav Verma,Delhi,False
3035,Saanvi Singh,Hyderabad,False
3036,Vihaan Gupta,Ahmedabad,False
3037,Saanvi Sharma,Pune,False
3038,Aarav Sharma,Mumbai,False
3039,Aarav Gupta,Chennai,False
3040,Diya Gupta,Jaipur,False
3041,Vihaan Patel,Gurgaon,False
3042,Ananya Verma,Kolkata,False
3043,Diya Singh,Lucknow,False
3044,Advik Verma,Kolkata,False
3045,Diya Gupta,Chennai,False
3046,Diya Verma,Delhi,False
3047,Ananya Sharma,Chennai,False
3048,Vihaan Verma,Jaipur,True
3049,Diya Sharma,Hyderabad,True
3050,Vihaan Singh,Noida,False
3051,Aarav Gupta,Hyderabad,False
3052,Advik Patel,Chennai,False
3053,Ananya Singh,Lucknow,False
3054,Advik Sharma,Bangalore,False
3055,Ananya Singh,Gurgaon,False
3056,Advik Verma,Noida,False
3057,Ananya Singh,Bangalore,False
3058,Advik Sharma,Bangalore,False
3059,Aarav Sharma,Hyderabad,True
3060,Diya Verma,Pune,True
3061,Saanvi Patel,Gurgaon,False
3062,Aarav Patel,Delhi,False
3063,Vihaan Verma,Noida,False
3064,Advik Gupta,Mumbai,False
3065,Ananya Sharma,Mumbai,False
3066,Saanvi Singh,Hyderabad,False
3067,Diya Verma,Kolkata,False
3068,Advik Singh,Ahmedabad,False
3069,Saanvi Sharma,Lucknow,False
3070,Aarav Verma,Delhi,True
3071,Aarav Patel,Pune,False
3072,Advik Sharma,Pune,False
3073,Advik Singh,Noida,False
3074,Vihaan Gupta,Gurgaon,False
3075,Vihaan Gupta,Lucknow,False
3076,Advik Gupta,Jaipur,True
3077,Vihaan Patel,Jaipur,False
3078,Saanvi Gupta,Jaipur,False
3079,Ananya Sharma,Bangalore,False
3080,Diya Verma,Mumbai,False
3081,Diya Gupta,Mumbai,False
3082,Ananya Sharma,Bangalore,False
3083,Aarav Patel,Chennai,False
3084,Advik Sharma,Gurgaon,False
3085,Diya Sharma,Mumbai,False
3086,Advik Gupta,Hyderabad,False
3087,Vihaan Verma,Delhi,True
3088,Saanvi Gupta,Gurgaon,False
3089,Ananya Patel,Pune,False
3090,Ananya Gupta,Gurgaon,True
3091,Ananya Gupta,Jaipur,False
3092,Advik Patel,Gurgaon,False
3093,Saanvi Patel,Jaipur,False
3094,Vihaan Singh,Hyderabad,False
3095,Vihaan Gupta,Gurgaon,True
3096,Advik Singh,Chennai,False
3097,Aarav Verma,Noida,False
3098,Ananya Patel,Gurgaon,False
3099,Advik Verma,Pune,False
3100,Ananya Gupta,Noida,False
3101,Ananya Gupta,Hyderabad,True
3102,Advik Gupta,Kolkata,False
3103,Diya Patel,Chennai,False
3104,Aarav Singh,Lucknow,False
3105,Saanvi Verma,Ahmedabad,False
3106,Advik Patel,Lucknow,False
3107,Diya Gupta,Delhi,False
3108,Aarav Singh,Mumbai,False
3109,Advik Sharma,Mumbai,False
3110,Aarav Singh,Chennai,False
3111,Aarav Sharma,Pune,False
3112,Ananya Patel,Lucknow,False
3113,Advik Verma,Delhi,False
3114,Vihaan Verma,Noida,False
3115,Aarav Gupta,Hyderabad,True
3116,Ananya Verma,Lucknow,False
3117,Diya Singh,Delhi,False
3118,Ananya Patel,Pune,False
3119,Diya Gupta,Kolkata,False
3120,Vihaan Gupta,Bangalore,False
3121,Vihaan Gupta,Pune,True
3122,Advik Singh,Ahmedabad,False
3123,Diya Sharma,Bangalore,False
3124,Saanvi Gupta,Ahmedabad,False
3125,Saanvi Gupta,Gurgaon,False
3126,Diya Singh,Noida,False
3127,Advik Sharma,Noida,True
3128,Vihaan Patel,Pune,False
3129,Advik Patel,Chennai,False
3130,Advik Patel,Pune,True
3131,Diya Verma,Noida,False
3132,Diya Patel,Gurgaon,False
3133,Aarav Sharma,Pune,False
3134,Saanvi Sharma,Chennai,False
3135,Ananya Patel,Gurgaon,False
3136,Aarav Sharma,Jaipur,False
3137,Advik Sharma,Jaipur,False
3138,Vihaan Patel,Jaipur,False
3139,Vihaan Verma,Lucknow,False
3140,Vihaan Gupta,Lucknow,False
3141,Aarav Singh,Kolkata,False
3142,Aarav Sharma,Mumbai,False
3143,Aarav Patel,Delhi,False
3144,Aarav Singh,Mumbai,False
3145,Diya Singh,Mumbai,False
3146,Ananya Singh,Gurgaon,False
3147,Vihaan Patel,Pune,False
3148,Saanvi Singh,Lucknow,False
3149,Diya Verma,Lucknow,True
3150,Vihaan Verma,Bangalore,False
3151,Saanvi Patel,Hyderabad,False
3152,Ananya Gupta,Lucknow,False
3153,Advik Singh,Chennai,False
3154,Diya Singh,Jaipur,False
3155,Diya Singh,Noida,False
3156,Ananya Singh,Delhi,False
3157,Aarav Patel,Pune,True
3158,Saanvi Patel,Gurgaon,True
3159,Ananya Verma,Gurgaon,False
3160,Diya Gupta,Mumbai,False
3161,Ananya Patel,Ahmedabad,False
3162,Saanvi Patel,Noida,False
3163,Vihaan Verma,Chennai,False
3164,Advik Gupta,Gurgaon,False
3165,Vihaan Gupta,Lucknow,False
3166,Diya Sharma,Lucknow,False
3167,Diya Patel,Lucknow,False
3168,Saanvi Patel,Lucknow,False
3169,Vihaan Gupta,Kolkata,False
3170,Ananya Patel,Kolkata,False
3171,Aarav Sharma,Mumbai,False
3172,Vihaan Verma,Delhi,False
3173,Diya Singh,Chennai,False
3174,Saanvi Verma,Delhi,False
3175,Vihaan Singh,Noida,False
3176,Aarav Patel,Pune,False
3177,Saanvi Sharma,Gurgaon,False
3178,Advik Sharma,Bangalore,False
3179,Saanvi Singh,Noida,False
3180,Saanvi Patel,Ahmedabad,False
3181,Ananya Singh,Gurgaon,False
3182,Vihaan Verma,Jaipur,False
3183,Advik Verma,Delhi,False
3184,Saanvi Sharma,Hyderabad,True
3185,Vihaan Sharma,Chennai,False
3186,Advik Patel,Delhi,False
3187,Saanvi Patel,Gurgaon,False
3188,Vihaan Patel,Gurgaon,False
3189,Ananya Patel,Ahmedabad,False
3190,Aarav Singh,Noida,False
3191,Aarav Patel,Delhi,False
3192,Advik Gupta,Delhi,False
3193,Vihaan Sharma,Kolkata,False
3194,Aarav Verma,Pune,False
3195,Ananya Singh,Jaipur,False
3196,Vihaan Gupta,Delhi,False
3197,Vihaan Patel,Kolkata,False
3198,Diya Patel,Mumbai,False
3199,Aarav Patel,Gurgaon,False
3200,Ananya Sharma,Mumbai,False
3201,Ananya Verma,Chennai,False
3202,Aarav Verma,Hyderabad,False
3203,Saanvi Gupta,Lucknow,False
3204,Aarav Verma,Gurgaon,True
3205,Advik Patel,Jaipur,False
3206,Aarav Gupta,Delhi,False
3207,Advik Patel,Delhi,False
3208,Diya Verma,Pune,False
3209,Aarav Sharma,Gurgaon,False
3210,Saanvi Gupta,Noida,False
3211,Vihaan Sharma,Mumbai,True
3212,Vihaan Patel,Kolkata,False
3213,Saanvi Sharma,Ahmedabad,False
3214,Diya Singh,Jaipur,False
3215,Saanvi Singh,Ahmedabad,False
3216,Diya Sharma,Kolkata,False
3217,Ananya Gupta,Hyderabad,False
3218,Aarav Verma,Hyderabad,True
3219,Aarav Verma,Noida,False
3220,Advik Patel,Mumbai,False
3221,Aarav Verma,Mumbai,True
3222,Vihaan Singh,Bangalore,False
3223,Ananya Gupta,Kolkata,False
3224,Vihaan Gupta,Bangalore,False
3225,Diya Sharma,Lucknow,True
3226,Ananya Patel,Hyderabad,False
3227,Saanvi Gupta,Hyderabad,False
3228,Ananya Gupta,Ahmedabad,False
3229,Saanvi Verma,Ahmedabad,False
3230,Ananya Patel,Ahmedabad,False
3231,Ananya Singh,Jaipur,False
3232,Diya Gupta,Delhi,False
3233,Vihaan Patel,Hyderabad,False
3234,Advik Verma,Delhi,False
3235,Vihaan Sharma,Hyderabad,False
3236,Saanvi Singh,Delhi,True
3237,Aarav Gupta,Pune,False
3238,Ananya Sharma,Mumbai,False
3239,Advik Singh,Gurgaon,True
3240,Diya Singh,Gurgaon,True
3241,Vihaan Singh,Bangalore,False
3242,Advik Sharma,Lucknow,False
3243,Advik Gupta,Mumbai,False
3244,Ananya Gupta,Kolkata,False
3245,Aarav Gupta,Jaipur,False
3246,Diya Singh,Jaipur,False
3247,Aarav Sharma,Ahmedabad,False
3248,Saanvi Gupta,Ahmedabad,False
3249,Advik Patel,Ahmedabad,False
3250,Diya Singh,Jaipur,False
3251,Vihaan Verma,Mumbai,False
3252,Saanvi Gupta,Delhi,False
3253,Advik Gupta,Chennai,False
3254,Aarav Patel,Pune,False
3255,Saanvi Gupta,Lucknow,False
3256,Advik Sharma,Delhi,False
3257,Saanvi Gupta,Pune,False
3258,Diya Singh,Mumbai,False
3259,Diya Sharma,Chennai,False
3260,Advik Verma,Noida,True
3261,Aarav Gupta,Kolkata,False
3262,Aarav Singh,Bangalore,False
3263,Ananya Gupta,Gurgaon,False
3264,Saanvi Verma,Bangalore,False
3265,Saanvi Sharma,Hyderabad,False
3266,Aarav Verma,Lucknow,False
3267,Diya Patel,Chennai,True
3268,Saanvi Verma,Mumbai,False
3269,Ananya Gupta,Mumbai,False
3270,Ananya Patel,Jaipur,True
3271,Vihaan Gupta,Delhi,True
3272,Diya Sharma,Ahmedabad,True
3273,Vihaan Gupta,Kolkata,False
3274,Saanvi Singh,Delhi,False
3275,Ananya Verma,Mumbai,False
3276,Ananya Gupta,Noida,False
3277,Ananya Singh,Pune,False
3278,Vihaan Gupta,Mumbai,False
3279,Vihaan Patel,Mumbai,False
3280,Vihaan Gupta,Ahmedabad,False
3281,Saanvi Patel,Kolkata,False
3282,Vihaan Singh,Kolkata,True
3283,Saanvi Verma,Noida,False
3284,Saanvi Sharma,Delhi,False
3285,Vihaan Patel,Ahmedabad,False
3286,Saanvi Patel,Jaipur,False
3287,Saanvi Sharma,Ahmedabad,False
3288,Advik Singh,Lucknow,False
3289,Diya Gupta,Pune,False
3290,Advik Gupta,Hyderabad,False
3291,Ananya Verma,Gurgaon,False
3292,Aarav Verma,Gurgaon,False
3293,Diya Gupta,Delhi,False
3294,Advik Sharma,Chennai,False
3295,Advik Verma,Gurgaon,False
3296,Vihaan Patel,Bangalore,False
3297,Vihaan Singh,Lucknow,False
3298,Vihaan Patel,Pune,False
3299,Ananya Gupta,Delhi,True
3300,Diya Patel,Bangalore,False
3301,Saanvi Verma,Bangalore,False
3302,Aarav Verma,Delhi,False
3303,Advik Singh,Jaipur,False
3304,Aarav Singh,Mumbai,False
3305,Aarav Verma,Ahmedabad,False
3306,Diya Singh,Chennai,False
3307,Saanvi Patel,Hyderabad,False
3308,Aarav Gupta,Chennai,False
3309,Advik Sharma,Jaipur,True
3310,Saanvi Gupta,Gurgaon,False
3311,Saanvi Singh,Jaipur,False
3312,Ananya Singh,Jaipur,False
3313,Vihaan Patel,Ahmedabad,True
3314,Aarav Patel,Kolkata,False
3315,Saanvi Singh,Noida,False
3316,Vihaan Patel,Jaipur,False
3317,Aarav Verma,Pune,False
3318,Aarav Patel,Ahmedabad,False
3319,Advik Patel,Noida,False
3320,Diya Gupta,Bangalore,False
3321,Aarav Verma,Noida,False
3322,Advik Patel,Chennai,True
3323,Ananya Verma,Delhi,False
3324,Diya Singh,Hyderabad,False
3325,Ananya Gupta,Kolkata,False
3326,Vihaan Gupta,Bangalore,True
3327,Advik Patel,Bangalore,True
3328,Aarav Patel,Ahmedabad,False
3329,Aarav Singh,Mumbai,False
3330,Ananya Patel,Noida,False
3331,Advik Verma,Gurgaon,False
3332,Aarav Sharma,Gurgaon,False
3333,Diya Gupta,Delhi,False
3334,Ananya Sharma,Chennai,False
3335,Saanvi Verma,Jaipur,True
3336,Vihaan Patel,Chennai,False
3337,Saanvi Patel,Lucknow,False
3338,Saanvi Gupta,Mumbai,False
3339,Saanvi Patel,Chennai,False
3340,Advik Sharma,Lucknow,False
3341,Vihaan Verma,Kolkata,False
3342,Vihaan Verma,Pune,False
3343,Diya Verma,Jaipur,False
3344,Vihaan Verma,Lucknow,False
3345,Advik Verma,Mumbai,False
3346,Diya Patel,Kolkata,False
3347,Vihaan Sharma,Noida,False
3348,Advik Singh,Lucknow,False
3349,Saanvi Gupta,Gurgaon,False
3350,Vihaan Gupta,Hyderabad,False
3351,Saanvi Singh,Gurgaon,False
3352,Diya Patel,Chennai,False
3353,Ananya Sharma,Hyderabad,False
3354,Ananya Singh,Gurgaon,False
3355,Saanvi Singh,Delhi,False
3356,Ananya Sharma,Chennai,False
3357,Saanvi Verma,Gurgaon,False
3358,Diya Patel,Noida,False
3359,Aarav Gupta,Pune,False
3360,Diya Sharma,Ahmedabad,False
3361,Ananya Gupta,Noida,False
3362,Diya Singh,Noida,False
3363,Aarav Gupta,Gurgaon,False
3364,Ananya Sharma,Pune,False
3365,Vihaan Patel,Bangalore,False
3366,Saanvi Sharma,Kolkata,False
3367,Vihaan Patel,Ahmedabad,True
3368,Saanvi Sharma,Noida,True
3369,Saanvi Gupta,Chennai,False
3370,Advik Sharma,Lucknow,True
3371,Vihaan Gupta,Ahmedabad,False
3372,Vihaan Patel,Noida,False
3373,Vihaan Gupta,Bangalore,False
3374,Ananya Singh,Hyderabad,False
3375,Vihaan Sharma,Mumbai,False
3376,Advik Sharma,Ahmedabad,False
3377,Diya Sharma,Bangalore,False
3378,Aarav Verma,Lucknow,False
3379,Vihaan Sharma,Pune,False
3380,Diya Singh,Bangalore,False
3381,Ananya Sharma,Delhi,True
3382,Saanvi Singh,Mumbai,True
3383,Advik Patel,Bangalore,True
3384,Advik Singh,Hyderabad,False
3385,Ananya Gupta,Noida,False
3386,Aarav Gupta,Pune,False
3387,Aarav Gupta,Lucknow,False
3388,Diya Gupta,Noida,True
3389,Diya Patel,Pune,False
3390,Saanvi Patel,Ahmedabad,False
3391,Aarav Singh,Jaipur,False
3392,Ananya Patel,Jaipur,False
3393,Vihaan Patel,Mumbai,False
3394,Vihaan Singh,Chennai,False
3395,Aarav Gupta,Chennai,False
3396,Saanvi Sharma,Delhi,False
3397,Vihaan Singh,Kolkata,False
3398,Vihaan Singh,Kolkata,False
3399,Advik Patel,Hyderabad,True
3400,Diya Gupta,Noida,False
3401,Ananya Verma,Mumbai,False
3402,Advik Patel,Noida,False
3403,Ananya Verma,Ahmedabad,False
3404,Advik Singh,Chennai,False
3405,Vihaan Gupta,Gurgaon,False
3406,Advik Patel,Jaipur,False
3407,Aarav Sharma,Noida,False
3408,Diya Verma,Mumbai,False
3409,Saanvi Sharma,Bangalore,False
3410,Aarav Sharma,Noida,False
3411,Saanvi Patel,Gurgaon,False
3412,Advik Singh,Noida,True
3413,Aarav Singh,Pune,False
3414,Saanvi Gupta,Ahmedabad,False
3415,Ananya Patel,Lucknow,False
3416,Ananya Patel,Lucknow,False
3417,Advik Gupta,Ahmedabad,False
3418,Diya Singh,Hyderabad,False
3419,Saanvi Verma,Bangalore,False
3420,Diya Sharma,Chennai,False
3421,Vihaan Singh,Delhi,False
3422,Aarav Gupta,Jaipur,False
3423,Saanvi Sharma,Ahmedabad,False
3424,Aarav Sharma,Kolkata,False
3425,Vihaan Sharma,Chennai,False
3426,Vihaan Gupta,Lucknow,True
3427,Vihaan Gupta,Pune,False
3428,Diya Patel,Jaipur,False
3429,Advik Singh,Pune,False
3430,Saanvi Verma,Delhi,False
3431,Aarav Verma,Pune,False
3432,Advik Sharma,Bangalore,False
3433,Advik Singh,Chennai,False
3434,Advik Patel,Pune,False
3435,Saanvi Patel,Lucknow,False
3436,Vihaan Verma,Mumbai,False
3437,Vihaan Sharma,Kolkata,False
3438,Vihaan Singh,Mumbai,False
3439,Aarav Verma,Ahmedabad,False
3440,Diya Singh,Chennai,False
3441,Aarav Verma,Ahmedabad,False
3442,Diya Singh,Chennai,False
3443,Advik Gupta,Ahmedabad,True
3444,Advik Verma,Bangalore,False
3445,Ananya Verma,Noida,False
3446,Diya Gupta,Lucknow,False
3447,Diya Gupta,Bangalore,True
3448,Ananya Singh,Lucknow,False
3449,Diya Verma,Kolkata,False
3450,Vihaan Singh,Chennai,False
3451,Saanvi Sharma,Hyderabad,False
3452,Advik Verma,Mumbai,False
3453,Ananya Sharma,Chennai,False
3454,Advik Sharma,Kolkata,False
3455,Saanvi Gupta,Lucknow,False
3456,Aarav Gupta,Pune,False
3457,Advik Sharma,Jaipur,False
3458,Advik Singh,Gurgaon,False
3459,Saanvi Patel,Delhi,True
3460,Aarav Patel,Jaipur,False
3461,Saanvi Verma,Bangalore,True
3462,Aarav Sharma,Gurgaon,False
3463,Aarav Gupta,Delhi,False
3464,Ananya Verma,Lucknow,False
3465,Aarav Gupta,Lucknow,False
3466,Ananya Verma,Kolkata,False
3467,Ananya Patel,Mumbai,False
3468,Diya Singh,Lucknow,False
3469,Aarav Verma,Ahmedabad,False
3470,Ananya Sharma,Bangalore,False
3471,Ananya Patel,Hyderabad,False
3472,Diya Verma,Lucknow,False
3473,Aarav Gupta,Pune,False
3474,Aarav Gupta,Gurgaon,False
3475,Saanvi Sharma,Kolkata,False
3476,Aarav Sharma,Delhi,False
3477,Aarav Verma,Chennai,False
3478,Aarav Verma,Mumbai,False
3479,Ananya Singh,Delhi,False
3480,Vihaan Gupta,Lucknow,False
3481,Vihaan Verma,Pune,True
3482,Saanvi Gupta,Bangalore,False
3483,Advik Gupta,Noida,False
3484,Vihaan Gupta,Hyderabad,False
3485,Ananya Gupta,Jaipur,False
3486,Aarav Singh,Chennai,False
3487,Ananya Patel,Gurgaon,False
3488,Saanvi Verma,Mumbai,False
3489,Advik Singh,Bangalore,False
3490,Vihaan Singh,Chennai,False
3491,Saanvi Gupta,Hyderabad,False
3492,Advik Patel,Jaipur,False
3493,Aarav Patel,Hyderabad,False
3494,Diya Gupta,Mumbai,False
3495,Advik Verma,Gurgaon,False
3496,Advik Gupta,Chennai,False
3497,Saanvi Patel,Mumbai,False
3498,Aarav Gupta,Mumbai,False
3499,Diya Gupta,Chennai,False
3500,Aarav Verma,Chennai,False
3501,Diya Patel,Bangalore,False
3502,Diya Patel,Gurgaon,False
3503,Saanvi Singh,Jaipur,False
3504,Vihaan Gupta,Jaipur,False
3505,Ananya Singh,Lucknow,False
3506,Aarav Verma,Ahmedabad,False
3507,Diya Gupta,Kolkata,False
3508,Aarav Verma,Ahmedabad,False
3509,Ananya Patel,Jaipur,False
3510,Vihaan Patel,Bangalore,False
3511,Ananya Sharma,Delhi,False
3512,Vihaan Gupta,Gurgaon,False
3513,Diya Sharma,Lucknow,False
3514,Vihaan Gupta,Pune,True
3515,Vihaan Verma,Noida,True
3516,Vihaan Verma,Lucknow,False
3517,Ananya Sharma,Gurgaon,False
3518,Aarav Singh,Ahmedabad,False
3519,Saanvi Verma,Gurgaon,False
3520,Diya Verma,Delhi,False
3521,Ananya Verma,Noida,False
3522,Ananya Singh,Kolkata,False
3523,Aarav Gupta,Gurgaon,False
3524,Advik Sharma,Hyderabad,False
3525,Vihaan Verma,Chennai,False
3526,Advik Sharma,Kolkata,False
3527,Diya Sharma,Lucknow,False
3528,Diya Verma,Mumbai,False
3529,Diya Sharma,Chennai,False
3530,Vihaan Singh,Bangalore,False
3531,Diya Singh,Mumbai,False
3532,Diya Verma,Bangalore,False
3533,Advik Sharma,Gurgaon,False
3534,Ananya Sharma,Lucknow,False
3535,Aarav Verma,Chennai,False
3536,Advik Singh,Lucknow,False
3537,Diya Singh,Noida,False
3538,Ananya Singh,Pune,False
3539,Aarav Patel,Gurgaon,False
3540,Diya Gupta,Ahmedabad,False
3541,Aarav Verma,Noida,False
3542,Diya Sharma,Bangalore,True
3543,Saanvi Patel,Pune,False
3544,Advik Singh,Noida,True
3545,Ananya Sharma,Delhi,False
3546,Diya Gupta,Mumbai,False
3547,Saanvi Gupta,Pune,False
3548,Saanvi Gupta,Mumbai,False
3549,Vihaan Gupta,Chennai,False
3550,Diya Gupta,Pune,False
3551,Advik Sharma,Chennai,False
3552,Advik Singh,Hyderabad,False
3553,Advik Sharma,Bangalore,False
3554,Saanvi Singh,Noida,False
3555,Ananya Singh,Jaipur,False
3556,Saanvi Patel,Kolkata,False
3557,Aarav Gupta,Chennai,True
3558,Advik Sharma,Noida,False
3559,Saanvi Sharma,Chennai,False
3560,Saanvi Gupta,Noida,False
3561,Vihaan Gupta,Jaipur,False
3562,Aarav Singh,Delhi,False
3563,Advik Gupta,Pune,False
3564,Advik Verma,Jaipur,False
3565,Ananya Patel,Gurgaon,False
3566,Diya Gupta,Jaipur,False
3567,Vihaan Gupta,Ahmedabad,False
3568,Advik Singh,Bangalore,False
3569,Ananya Sharma,Noida,False
3570,Diya Verma,Pune,False
3571,Advik Gupta,Delhi,False
3572,Aarav Gupta,Hyderabad,True
3573,Ananya Patel,Gurgaon,False
3574,Saanvi Patel,Chennai,False
3575,Diya Patel,Mumbai,False
3576,Ananya Gupta,Gurgaon,False
3577,Saanvi Singh,Hyderabad,False
3578,Vihaan Singh,Pune,False
3579,Saanvi Patel,Delhi,False
3580,Advik Gupta,Delhi,False
3581,Advik Gupta,Pune,False
3582,Ananya Singh,Lucknow,False
3583,Vihaan Patel,Kolkata,False
3584,Ananya Patel,Noida,False
3585,Aarav Gupta,Ahmedabad,False
3586,Vihaan Singh,Ahmedabad,False
3587,Advik Sharma,Delhi,False
3588,Vihaan Sharma,Kolkata,False
3589,Vihaan Singh,Ahmedabad,False
3590,Vihaan Singh,Kolkata,False
3591,Ananya Sharma,Lucknow,False
3592,Saanvi Gupta,Ahmedabad,False
3593,Diya Verma,Noida,False
3594,Diya Gupta,Gurgaon,False
3595,Vihaan Singh,Pune,True
3596,Ananya Singh,Lucknow,False
3597,Aarav Singh,Kolkata,False
3598,Diya Singh,Hyderabad,False
3599,Advik Verma,Bangalore,False
3600,Advik Sharma,Kolkata,False
3601,Diya Sharma,Chennai,False
3602,Vihaan Patel,Lucknow,False
3603,Aarav Gupta,Mumbai,False
3604,Saanvi Singh,Ahmedabad,False
3605,Vihaan Verma,Gurgaon,False
3606,Vihaan Verma,Gurgaon,False
3607,Vihaan Gupta,Bangalore,False
3608,Aarav Verma,Kolkata,False
3609,Vihaan Patel,Gurgaon,False
3610,Vihaan Singh,Ahmedabad,False
3611,Advik Gupta,Bangalore,False
3612,Saanvi Sharma,Mumbai,False
3613,Saanvi Singh,Ahmedabad,False
3614,Diya Sharma,Noida,False
3615,Saanvi Patel,Delhi,False
3616,Advik Patel,Jaipur,True
3617,Diya Sharma,Pune,False
3618,Saanvi Sharma,Chennai,False
3619,Advik Singh,Noida,False
3620,Aarav Verma,Pune,False
3621,Advik Sharma,Jaipur,False
3622,Diya Gupta,Bangalore,False
3623,Diya Verma,Pune,True
3624,Saanvi Sharma,Gurgaon,False
3625,Diya Verma,Pune,False
3626,Saanvi Singh,Chennai,False
3627,Saanvi Gupta,Kolkata,False
3628,Aarav Verma,Bangalore,False
3629,Aarav Verma,Chennai,False
3630,Saanvi Gupta,Pune,False
3631,Vihaan Patel,Lucknow,False
3632,Saanvi Singh,Lucknow,False
3633,Saanvi Verma,Bangalore,False
3634,Diya Gupta,Lucknow,False
3635,Vihaan Patel,Pune,False
3636,Aarav Gupta,Chennai,False
3637,Saanvi Patel,Noida,False
3638,Vihaan Gupta,Lucknow,False
3639,Advik Gupta,Ahmedabad,False
3640,Diya Verma,Ahmedabad,False
3641,Diya Singh,Mumbai,False
3642,Aarav Gupta,Hyderabad,False
3643,Vihaan Verma,Pune,False
3644,Saanvi Sharma,Lucknow,False
3645,Diya Singh,Kolkata,False
3646,Aarav Patel,Hyderabad,False
3647,Ananya Sharma,Noida,False
3648,Ananya Patel,Delhi,False
3649,Advik Patel,Delhi,False
3650,Aarav Singh,Kolkata,False
3651,Vihaan Gupta,Jaipur,False
3652,Saanvi Verma,Hyderabad,False
3653,Diya Verma,Mumbai,False
3654,Ananya Patel,Pune,True
3655,Vihaan Sharma,Bangalore,False
3656,Aarav Verma,Hyderabad,False
3657,Advik Singh,Gurgaon,True
3658,Aarav Gupta,Lucknow,True
3659,Diya Sharma,Gurgaon,True
3660,Vihaan Sharma,Ahmedabad,False
3661,Advik Singh,Pune,False
3662,Advik Singh,Delhi,False
3663,Diya Verma,Kolkata,False
3664,Advik Singh,Mumbai,False
3665,Diya Patel,Pune,False
3666,Vihaan Gupta,Ahmedabad,False
3667,Ananya Gupta,Pune,False
3668,Vihaan Gupta,Pune,False
3669,Advik Gupta,Lucknow,False
3670,Vihaan Singh,Mumbai,False
3671,Advik Singh,Gurgaon,False
3672,Aarav Singh,Lucknow,False
3673,Diya Gupta,Lucknow,False
3674,Vihaan Verma,Delhi,False
3675,Vihaan Gupta,Ahmedabad,False
3676,Advik Singh,Delhi,False
3677,Advik Verma,Kolkata,False
3678,Ananya Verma,Hyderabad,False
3679,Vihaan Verma,Kolkata,False
3680,Ananya Patel,Gurgaon,False
3681,Diya Gupta,Hyderabad,False
3682,Diya Gupta,Chennai,False
3683,Ananya Gupta,Jaipur,False
3684,Ananya Singh,Kolkata,False
3685,Diya Sharma,Noida,True
3686,Diya Gupta,Lucknow,False
3687,Diya Gupta,Mumbai,False
3688,Vihaan Verma,Lucknow,False
3689,Ananya Gupta,Mumbai,False
3690,Diya Gupta,Ahmedabad,False
3691,Vihaan Verma,Kolkata,False
3692,Ananya Sharma,Delhi,False
3693,Ananya Singh,Jaipur,False
3694,Aarav Singh,Jaipur,False
3695,Saanvi Singh,Hyderabad,False
3696,Advik Patel,Noida,True
3697,Aarav Gupta,Pune,False
3698,Diya Gupta,Delhi,False
3699,Saanvi Sharma,Chennai,False
3700,Saanvi Singh,Bangalore,False
3701,Advik Gupta,Kolkata,False
3702,Aarav Singh,Hyderabad,False
3703,Advik Gupta,Ahmedabad,False
3704,Ananya Sharma,Bangalore,False
3705,Aarav Gupta,Chennai,False
3706,Diya Verma,Bangalore,False
3707,Vihaan Singh,Chennai,False
3708,Saanvi Gupta,Pune,False
3709,Aarav Verma,Delhi,False
3710,Diya Singh,Gurgaon,False
3711,Advik Sharma,Ahmedabad,False
3712,Advik Singh,Mumbai,False
3713,Ananya Patel,Gurgaon,False
3714,Ananya Sharma,Jaipur,True
3715,Aarav Patel,Delhi,False
3716,Advik Sharma,Kolkata,False
3717,Advik Verma,Delhi,False
3718,Diya Gupta,Gurgaon,False
3719,Saanvi Verma,Lucknow,False
3720,Vihaan Patel,Chennai,False
3721,Saanvi Singh,Mumbai,False
3722,Ananya Sharma,Kolkata,False
3723,Aarav Sharma,Hyderabad,False
3724,Vihaan Gupta,Hyderabad,False
3725,Ananya Patel,Gurgaon,False
3726,Vihaan Patel,Chennai,False
3727,Saanvi Patel,Bangalore,False
3728,Vihaan Verma,Pune,False
3729,Aarav Patel,Kolkata,False
3730,Aarav Verma,Ahmedabad,False
3731,Aarav Gupta,Chennai,False
3732,Saanvi Verma,Hyderabad,False
3733,Diya Gupta,Hyderabad,False
3734,Vihaan Gupta,Mumbai,False
3735,Diya Sharma,Noida,True
3736,Saanvi Verma,Noida,True
3737,Diya Singh,Hyderabad,False
3738,Diya Patel,Delhi,True
3739,Vihaan Patel,Kolkata,False
3740,Aarav Verma,Hyderabad,False
3741,Diya Patel,Chennai,False
3742,Ananya Singh,Hyderabad,False
3743,Aarav Patel,Chennai,False
3744,Advik Sharma,Gurgaon,True
3745,Diya Singh,Noida,False
3746,Aarav Gupta,Chennai,False
3747,Aarav Singh,Lucknow,False
3748,Saanvi Sharma,Lucknow,False
3749,Diya Singh,Mumbai,False
3750,Ananya Gupta,Mumbai,False
3751,Vihaan Verma,Kolkata,True
3752,Advik Verma,Bangalore,False
3753,Aarav Sharma,Kolkata,False
3754,Saanvi Gupta,Chennai,False
3755,Vihaan Singh,Bangalore,False
3756,Advik Verma,Jaipur,False
3757,Saanvi Verma,Chennai,False
3758,Aarav Verma,Mumbai,False
3759,Ananya Singh,Lucknow,False
3760,Ananya Patel,Chennai,True
3761,Aarav Gupta,Mumbai,False
3762,Aarav Verma,Noida,True
3763,Diya Patel,Jaipur,False
3764,Vihaan Sharma,Mumbai,False
3765,Vihaan Sharma,Noida,False
3766,Aarav Singh,Gurgaon,False
3767,Advik Singh,Bangalore,False
3768,Saanvi Sharma,Pune,False
3769,Ananya Verma,Chennai,False
3770,Ananya Patel,Lucknow,False
3771,Diya Singh,Jaipur,False
3772,Advik Verma,Bangalore,False
3773,Vihaan Verma,Hyderabad,False
3774,Saanvi Sharma,Jaipur,False
3775,Advik Sharma,Hyderabad,False
3776,Vihaan Gupta,Chennai,False
3777,Diya Patel,Ahmedabad,False
3778,Ananya Verma,Chennai,False
3779,Saanvi Verma,Kolkata,False
3780,Aarav Singh,Lucknow,True
3781,Vihaan Verma,Mumbai,False
3782,Aarav Verma,Bangalore,False
3783,Aarav Patel,Gurgaon,False
3784,Ananya Verma,Lucknow,False
3785,Advik Singh,Gurgaon,False
3786,Diya Patel,Pune,False
3787,Aarav Gupta,Lucknow,False
3788,Ananya Gupta,Bangalore,False
3789,Diya Patel,Gurgaon,False
3790,Saanvi Gupta,Ahmedabad,False
3791,Ananya Singh,Lucknow,True
3792,Advik Verma,Delhi,False
3793,Diya Sharma,Delhi,False
3794,Ananya Verma,Chennai,False
3795,Diya Patel,Delhi,False
3796,Advik Verma,Noida,False
3797,Advik Verma,Bangalore,False
3798,Vihaan Sharma,Hyderabad,False
3799,Ananya Patel,Kolkata,False
3800,Advik Patel,Ahmedabad,True
3801,Advik Gupta,Ahmedabad,False
3802,Advik Verma,Chennai,False
3803,Saanvi Verma,Lucknow,False
3804,Advik Verma,Jaipur,False
3805,Advik Singh,Hyderabad,False
3806,Diya Gupta,Noida,False
3807,Diya Singh,Gurgaon,False
3808,Saanvi Gupta,Mumbai,True
3809,Saanvi Patel,Lucknow,False
3810,Saanvi Patel,Kolkata,False
3811,Aarav Singh,Bangalore,False
3812,Vihaan Verma,Noida,False
3813,Saanvi Singh,Noida,False
3814,Vihaan Gupta,Delhi,False
3815,Ananya Verma,Noida,False
3816,Saanvi Patel,Lucknow,False
3817,Diya Verma,Lucknow,False
3818,Ananya Sharma,Lucknow,False
3819,Ananya Patel,Delhi,False
3820,Advik Singh,Hyderabad,False
3821,Ananya Sharma,Ahmedabad,False
3822,Diya Verma,Delhi,False
3823,Saanvi Gupta,Pune,False
3824,Aarav Singh,Pune,False
3825,Diya Singh,Kolkata,False
3826,Saanvi Singh,Pune,False
3827,Aarav Sharma,Jaipur,False
3828,Advik Gupta,Hyderabad,False
3829,Saanvi Singh,Jaipur,False
3830,Diya Sharma,Lucknow,False
3831,Ananya Gupta,Pune,False
3832,Ananya Singh,Lucknow,False
3833,Ananya Sharma,Mumbai,False
3834,Diya Verma,Kolkata,False
3835,Advik Singh,Lucknow,False
3836,Saanvi Singh,Ahmedabad,False
3837,Advik Singh,Kolkata,False
3838,Saanvi Singh,Mumbai,False
3839,Advik Sharma,Kolkata,True
3840,Vihaan Gupta,Kolkata,False
3841,Advik Singh,Noida,False
3842,Aarav Gupta,Lucknow,False
3843,Diya Patel,Ahmedabad,True
3844,Diya Singh,Lucknow,False
3845,Vihaan Patel,Bangalore,True
3846,Ananya Sharma,Pune,False
3847,Aarav Singh,Pune,False
3848,Saanvi Gupta,Chennai,False
3849,Vihaan Gupta,Gurgaon,False
3850,Ananya Singh,Jaipur,False
3851,Ananya Verma,Hyderabad,False
3852,Advik Gupta,Jaipur,False
3853,Ananya Verma,Gurgaon,False
3854,Ananya Gupta,Kolkata,False
3855,Vihaan Gupta,Pune,False
3856,Saanvi Sharma,Lucknow,False
3857,Advik Singh,Lucknow,False
3858,Diya Verma,Pune,False
3859,Diya Gupta,Chennai,False
3860,Ananya Verma,Bangalore,False
3861,Aarav Verma,Kolkata,False
3862,Advik Patel,Pune,False
3863,Advik Verma,Noida,False
3864,Aarav Verma,Delhi,True
3865,Advik Singh,Pune,False
3866,Ananya Patel,Chennai,False
3867,Diya Sharma,Jaipur,False
3868,Ananya Patel,Kolkata,False
3869,Ananya Verma,Gurgaon,False
3870,Vihaan Patel,Bangalore,False
3871,Ananya Sharma,Gurgaon,False
3872,Saanvi Verma,Hyderabad,False
3873,Diya Verma,Bangalore,True
3874,Vihaan Sharma,Kolkata,False
3875,Diya Singh,Ahmedabad,False
3876,Advik Verma,Noida,False
3877,Advik Patel,Noida,False
3878,Diya Gupta,Jaipur,False
3879,Ananya Gupta,Noida,False
3880,Vihaan Gupta,Ahmedabad,False
3881,Saanvi Verma,Chennai,False
3882,Saanvi Verma,Ahmedabad,False
3883,Aarav Patel,Jaipur,False
3884,Ananya Sharma,Kolkata,False
3885,Ananya Patel,Hyderabad,False
3886,Advik Sharma,Gurgaon,False
3887,Diya Patel,Noida,True
3888,Vihaan Sharma,Ahmedabad,False
3889,Saanvi Sharma,Chennai,False
3890,Saanvi Verma,Delhi,False
3891,Aarav Gupta,Kolkata,False
3892,Saanvi Sharma,Jaipur,False
3893,Diya Verma,Noida,False
3894,Diya Gupta,Ahmedabad,False
3895,Ananya Gupta,Hyderabad,False
3896,Advik Singh,Bangalore,False
3897,Saanvi Patel,Chennai,False
3898,Advik Sharma,Jaipur,False
3899,Advik Sharma,Delhi,False
3900,Advik Singh,Jaipur,False
3901,Vihaan Verma,Kolkata,False
3902,Vihaan Verma,Mumbai,False
3903,Diya Sharma,Chennai,True
3904,Diya Patel,Jaipur,False
3905,Diya Singh,Noida,False
3906,Vihaan Gupta,Bangalore,True
3907,Ananya Verma,Jaipur,False
3908,Ananya Singh,Delhi,False
3909,Diya Verma,Hyderabad,False
3910,Saanvi Sharma,Chennai,False
3911,Aarav Patel,Pune,True
3912,Advik Sharma,Ahmedabad,True
3913,Ananya Sharma,Bangalore,True
3914,Advik Sharma,Mumbai,False
3915,Ananya Sharma,Kolkata,False
3916,Aarav Verma,Hyderabad,False
3917,Diya Verma,Ahmedabad,False
3918,Ananya Sharma,Lucknow,False
3919,Advik Gupta,Kolkata,False
3920,Diya Verma,Ahmedabad,False
3921,Diya Sharma,Kolkata,True
3922,Advik Sharma,Pune,False
3923,Aarav Gupta,Lucknow,False
3924,Advik Verma,Delhi,False
3925,Advik Verma,Kolkata,False
3926,Diya Patel,Noida,False
3927,Aarav Patel,Delhi,False
3928,Ananya Verma,Hyderabad,False
3929,Diya Verma,Noida,True
3930,Aarav Singh,Lucknow,False
3931,Advik Sharma,Ahmedabad,True
3932,Saanvi Gupta,Ahmedabad,False
3933,Saanvi Patel,Ahmedabad,False
3934,Advik Verma,Pune,False
3935,Diya Verma,Pune,False
3936,Diya Singh,Noida,False
3937,Diya Sharma,Gurgaon,False
3938,Advik Singh,Kolkata,False
3939,Diya Gupta,Lucknow,False
3940,Advik Sharma,Hyderabad,False
3941,Ananya Patel,Jaipur,False
3942,Advik Verma,Lucknow,False
3943,Aarav Patel,Mumbai,True
3944,Ananya Singh,Hyderabad,False
3945,Advik Sharma,Lucknow,False
3946,Saanvi Patel,Ahmedabad,False
3947,Advik Gupta,Lucknow,False
3948,Vihaan Sharma,Gurgaon,False
3949,Vihaan Gupta,Delhi,False
3950,Diya Verma,Kolkata,False
3951,Aarav Sharma,Noida,False
3952,Saanvi Sharma,Pune,True
3953,Vihaan Gupta,Bangalore,False
3954,Vihaan Gupta,Noida,True
3955,Vihaan Patel,Hyderabad,False
3956,Ananya Singh,Lucknow,False
3957,Saanvi Gupta,Hyderabad,False
3958,Saanvi Gupta,Noida,False
3959,Diya Singh,Noida,False
3960,Vihaan Singh,Pune,False
3961,Saanvi Singh,Mumbai,False
3962,Diya Verma,Lucknow,False
3963,Aarav Sharma,Delhi,False
3964,Diya Sharma,Bangalore,False
3965,Vihaan Gupta,Lucknow,False
3966,Saanvi Singh,Pune,False
3967,Ananya Patel,Pune,False
3968,Aarav Singh,Hyderabad,False
3969,Advik Singh,Hyderabad,False
3970,Aarav Singh,Gurgaon,False
3971,Vihaan Sharma,Noida,False
3972,Saanvi Sharma,Hyderabad,False
3973,Ananya Singh,Jaipur,False
3974,Advik Sharma,Lucknow,False
3975,Vihaan Verma,Jaipur,False
3976,Advik Sharma,Bangalore,False
3977,Ananya Verma,Chennai,False
3978,Saanvi Sharma,Noida,False
3979,Ananya Patel,Delhi,False
3980,Saanvi Verma,Chennai,False
3981,Diya Sharma,Gurgaon,True
3982,Vihaan Patel,Ahmedabad,False
3983,Vihaan Verma,Ahmedabad,False
3984,Aarav Sharma,Lucknow,True
3985,Advik Patel,Mumbai,False
3986,Vihaan Gupta,Chennai,True
3987,Aarav Verma,Mumbai,False
3988,Advik Sharma,Noida,False
3989,Aarav Verma,Lucknow,True
3990,Advik Sharma,Mumbai,False
3991,Diya Patel,Lucknow,False
3992,Saanvi Patel,Noida,False
3993,Saanvi Verma,Lucknow,False
3994,Ananya Gupta,Lucknow,False
3995,Vihaan Singh,Ahmedabad,False
3996,Vihaan Verma,Pune,False
3997,Vihaan Singh,Pune,False
3998,Ananya Sharma,Noida,False
3999,Vihaan Sharma,Gurgaon,False
4000,Advik Verma,Noida,False
4001,Saanvi Gupta,Hyderabad,False
4002,Diya Singh,Gurgaon,False
4003,Diya Singh,Gurgaon,False
4004,Ananya Singh,Bangalore,False
4005,Vihaan Verma,Hyderabad,False
4006,Advik Verma,Jaipur,False
4007,Advik Gupta,Gurgaon,False
4008,Diya Gupta,Lucknow,False
4009,Diya Verma,Gurgaon,False
4010,Saanvi Singh,Pune,False
4011,Advik Singh,Mumbai,False
4012,Ananya Patel,Bangalore,False
4013,Advik Singh,Bangalore,False
4014,Aarav Verma,Noida,False
4015,Vihaan Gupta,Jaipur,False
4016,Vihaan Singh,Kolkata,False
4017,Vihaan Verma,Noida,False
4018,Vihaan Verma,Gurgaon,False
4019,Advik Patel,Jaipur,False
4020,Aarav Sharma,Delhi,True
4021,Aarav Sharma,Chennai,False
4022,Ananya Gupta,Hyderabad,False
4023,Vihaan Gupta,Delhi,False
4024,Ananya Patel,Gurgaon,False
4025,Saanvi Verma,Pune,False
4026,Advik Verma,Bangalore,False
4027,Aarav Patel,Kolkata,False
4028,Advik Patel,Lucknow,False
4029,Ananya Verma,Delhi,False
4030,Vihaan Singh,Delhi,False
4031,Vihaan Singh,Gurgaon,False
4032,Vihaan Sharma,Kolkata,False
4033,Ananya Singh,Kolkata,False
4034,Diya Sharma,Gurgaon,False
4035,Advik Gupta,Chennai,False
4036,Ananya Sharma,Bangalore,False
4037,Ananya Singh,Bangalore,False
4038,Saanvi Verma,Lucknow,False
4039,Saanvi Sharma,Chennai,False
4040,Diya Sharma,Kolkata,False
4041,Diya Verma,Chennai,False
4042,Vihaan Patel,Pune,False
4043,Aarav Singh,Chennai,False
4044,Aarav Verma,Jaipur,False
4045,Diya Singh,Chennai,True
4046,Saanvi Singh,Lucknow,True
4047,Advik Sharma,Bangalore,False
4048,Advik Sharma,Jaipur,False
4049,Ananya Singh,Hyderabad,False
4050,Diya Singh,Mumbai,False
4051,Ananya Singh,Chennai,False
4052,Advik Singh,Noida,False
4053,Vihaan Gupta,Jaipur,False
4054,Vihaan Singh,Pune,False
4055,Diya Sharma,Lucknow,False
4056,Advik Sharma,Mumbai,False
4057,Aarav Verma,Delhi,False
4058,Aarav Verma,Kolkata,False
4059,Aarav Sharma,Mumbai,False
4060,Saanvi Gupta,Kolkata,True
4061,Advik Singh,Lucknow,False
4062,Saanvi Sharma,Kolkata,False
4063,Saanvi Verma,Hyderabad,False
4064,Aarav Verma,Delhi,False
4065,Aarav Sharma,Noida,False
4066,Vihaan Verma,Mumbai,False
4067,Diya Gupta,Lucknow,False
4068,Diya Verma,Jaipur,False
4069,Advik Verma,Gurgaon,False
4070,Saanvi Patel,Mumbai,False
4071,Advik Sharma,Delhi,False
4072,Vihaan Gupta,Bangalore,False
4073,Advik Verma,Jaipur,False
4074,Aarav Verma,Bangalore,False
4075,Vihaan Verma,Noida,False
4076,Advik Gupta,Kolkata,False
4077,Saanvi Gupta,Hyderabad,False
4078,Ananya Verma,Ahmedabad,True
4079,Saanvi Gupta,Pune,False
4080,Aarav Sharma,Delhi,False
4081,Saanvi Sharma,Kolkata,False
4082,Diya Sharma,Lucknow,False
4083,Saanvi Singh,Mumbai,False
4084,Saanvi Sharma,Chennai,False
4085,Ananya Patel,Lucknow,False
4086,Advik Gupta,Jaipur,False
4087,Diya Gupta,Jaipur,False
4088,Ananya Singh,Pune,False
4089,Ananya Patel,Jaipur,False
4090,Advik Verma,Mumbai,False
4091,Diya Singh,Gurgaon,False
4092,Diya Singh,Gurgaon,False
4093,Vihaan Singh,Noida,False
4094,Vihaan Gupta,Noida,False
4095,Saanvi Verma,Noida,False
4096,Diya Verma,Bangalore,False
4097,Vihaan Verma,Delhi,True
4098,Diya Verma,Pune,False
4099,Aarav Singh,Noida,False
4100,Advik Gupta,Hyderabad,False
4101,Advik Singh,Noida,False
4102,Vihaan Singh,Lucknow,True
4103,Aarav Sharma,Chennai,False
4104,Advik Gupta,Bangalore,False
4105,Diya Verma,Noida,False
4106,Ananya Verma,Chennai,False
4107,Saanvi Patel,Noida,False
4108,Advik Verma,Ahmedabad,False
4109,Saanvi Gupta,Jaipur,False
4110,Ananya Patel,Gurgaon,True
4111,Diya Gupta,Noida,False
4112,Ananya Verma,Chennai,False
4113,Diya Gupta,Ahmedabad,False
4114,Ananya Verma,Bangalore,False
4115,Saanvi Patel,Hyderabad,False
4116,Advik Verma,Hyderabad,False
4117,Diya Sharma,Chennai,False
4118,Aarav Singh,Bangalore,False
4119,Aarav Patel,Gurgaon,False
4120,Saanvi Gupta,Delhi,False
4121,Vihaan Gupta,Jaipur,False
4122,Aarav Singh,Hyderabad,False
4123,Aarav Gupta,Chennai,False
4124,Diya Patel,Bangalore,False
4125,Ananya Singh,Chennai,False
4126,Advik Verma,Lucknow,False
4127,Advik Patel,Delhi,False
4128,Aarav Verma,Ahmedabad,False
4129,Ananya Verma,Noida,False
4130,Aarav Gupta,Pune,False
4131,Ananya Sharma,Mumbai,False
4132,Diya Sharma,Chennai,False
4133,Vihaan Singh,Lucknow,False
4134,Vihaan Patel,Gurgaon,False
4135,Aarav Gupta,Gurgaon,False
4136,Saanvi Patel,Gurgaon,False
4137,Advik Verma,Chennai,False
4138,Aarav Sharma,Chennai,False
4139,Ananya Verma,Chennai,False
4140,Diya Patel,Mumbai,False
4141,Saanvi Gupta,Noida,False
4142,Advik Sharma,Lucknow,False
4143,Advik Patel,Mumbai,False
4144,Aarav Verma,Gurgaon,True
4145,Aarav Verma,Bangalore,False
4146,Vihaan Verma,Delhi,False
4147,Ananya Gupta,Delhi,False
4148,Aarav Singh,Noida,False
4149,Advik Singh,Lucknow,False
4150,Saanvi Verma,Ahmedabad,False
4151,Vihaan Singh,Bangalore,False
4152,Ananya Verma,Hyderabad,True
4153,Saanvi Patel,Mumbai,True
4154,Saanvi Verma,Gurgaon,True
4155,Vihaan Verma,Bangalore,False
4156,Vihaan Patel,Chennai,False
4157,Saanvi Singh,Mumbai,False
4158,Ananya Singh,Mumbai,False
4159,Saanvi Singh,Ahmedabad,True
4160,Vihaan Patel,Mumbai,False
4161,Advik Singh,Mumbai,False
4162,Aarav Patel,Chennai,False
4163,Vihaan Singh,Hyderabad,False
4164,Aarav Patel,Pune,False
4165,Ananya Patel,Noida,False
4166,Vihaan Patel,Pune,False
4167,Ananya Gupta,Noida,False
4168,Ananya Singh,Mumbai,False
4169,Saanvi Patel,Noida,False
4170,Aarav Sharma,Noida,False
4171,Saanvi Verma,Hyderabad,False
4172,Saanvi Gupta,Jaipur,False
4173,Advik Gupta,Chennai,False
4174,Saanvi Verma,Kolkata,False
4175,Ananya Verma,Ahmedabad,True
4176,Aarav Verma,Bangalore,False
4177,Vihaan Singh,Jaipur,False
4178,Ananya Singh,Noida,False
4179,Vihaan Singh,Gurgaon,False
4180,Ananya Verma,Delhi,False
4181,Aarav Sharma,Kolkata,True
4182,Aarav Gupta,Mumbai,False
4183,Diya Patel,Bangalore,True
4184,Ananya Verma,Lucknow,False
4185,Diya Gupta,Delhi,False
4186,Saanvi Sharma,Pune,False
4187,Aarav Gupta,Bangalore,False
4188,Vihaan Sharma,Lucknow,False
4189,Saanvi Sharma,Gurgaon,False
4190,Aarav Sharma,Jaipur,False
4191,Advik Patel,Pune,False
4192,Saanvi Patel,Gurgaon,True
4193,Saanvi Verma,Hyderabad,True
4194,Saanvi Singh,Mumbai,True
4195,Diya Singh,Noida,False
4196,Aarav Patel,Mumbai,False
4197,Ananya Gupta,Jaipur,False
4198,Ananya Sharma,Lucknow,False
4199,Vihaan Verma,Jaipur,False
4200,Aarav Sharma,Kolkata,False
4201,Diya Patel,Jaipur,False
4202,Vihaan Sharma,Pune,False
4203,Advik Gupta,Gurgaon,False
4204,Advik Verma,Chennai,False
4205,Ananya Patel,Ahmedabad,False
4206,Saanvi Gupta,Noida,False
4207,Diya Gupta,Gurgaon,False
4208,Ananya Verma,Lucknow,False
4209,Diya Patel,Noida,False
4210,Diya Sharma,Kolkata,False
4211,Vihaan Gupta,Chennai,False
4212,Diya Patel,Lucknow,False
4213,Aarav Gupta,Ahmedabad,False
4214,Saanvi Verma,Kolkata,False
4215,Saanvi Verma,Kolkata,False
4216,Vihaan Singh,Delhi,False
4217,Aarav Patel,Ahmedabad,True
4218,Aarav Patel,Mumbai,False
4219,Advik Verma,Jaipur,False
4220,Saanvi Gupta,Gurgaon,False
4221,Saanvi Gupta,Ahmedabad,False
4222,Advik Singh,Hyderabad,False
4223,Saanvi Singh,Jaipur,False
4224,Aarav Verma,Lucknow,False
4225,Vihaan Verma,Jaipur,True
4226,Advik Sharma,Gurgaon,False
4227,Aarav Gupta,Hyderabad,False
4228,Ananya Verma,Ahmedabad,False
4229,Vihaan Sharma,Mumbai,True
4230,Aarav Verma,Bangalore,False
4231,Saanvi Sharma,Delhi,False
4232,Aarav Singh,Chennai,False
4233,Aarav Patel,Pune,False
4234,Ananya Verma,Pune,False
4235,Advik Singh,Lucknow,False
4236,Aarav Singh,Mumbai,False
4237,Ananya Sharma,Pune,False
4238,Diya Patel,Delhi,False
4239,Advik Patel,Chennai,False
4240,Saanvi Singh,Mumbai,False
4241,Diya Sharma,Gurgaon,False
4242,Aarav Sharma,Hyderabad,False
4243,Saanvi Sharma,Gurgaon,False
4244,Ananya Verma,Kolkata,False
4245,Aarav Gupta,Pune,False
4246,Saanvi Singh,Hyderabad,False
4247,Aarav Sharma,Lucknow,False
4248,Saanvi Sharma,Ahmedabad,False
4249,Advik Verma,Gurgaon,False
4250,Advik Singh,Ahmedabad,False
4251,Aarav Gupta,Kolkata,False
4252,Advik Singh,Bangalore,False
4253,Ananya Verma,Mumbai,False
4254,Ananya Singh,Delhi,False
4255,Aarav Verma,Gurgaon,False
4256,Aarav Singh,Jaipur,False
4257,Vihaan Singh,Mumbai,False
4258,Vihaan Gupta,Lucknow,False
4259,Diya Verma,Jaipur,False
4260,Saanvi Sharma,Delhi,False
4261,Vihaan Patel,Kolkata,True
4262,Diya Gupta,Jaipur,False
4263,Saanvi Patel,Jaipur,False
4264,Advik Sharma,Noida,False
4265,Ananya Singh,Ahmedabad,False
4266,Aarav Sharma,Delhi,False
4267,Saanvi Gupta,Gurgaon,False
4268,Vihaan Verma,Delhi,True
4269,Aarav Patel,Bangalore,False
4270,Diya Patel,Chennai,False
4271,Diya Sharma,Lucknow,False
4272,Diya Sharma,Ahmedabad,True
4273,Vihaan Verma,Pune,False
4274,Saanvi Singh,Mumbai,False
4275,Advik Sharma,Delhi,False
4276,Ananya Patel,Ahmedabad,True
4277,Vihaan Gupta,Hyderabad,False
4278,Vihaan Verma,Lucknow,False
4279,Diya Verma,Delhi,False
4280,Advik Patel,Delhi,False
4281,Vihaan Patel,Bangalore,False
4282,Aarav Singh,Ahmedabad,False
4283,Aarav Patel,Bangalore,False
4284,Diya Gupta,Hyderabad,False
4285,Diya Sharma,Noida,True
4286,Ananya Singh,Mumbai,False
4287,Saanvi Gupta,Noida,False
4288,Vihaan Verma,Gurgaon,False
4289,Advik Singh,Lucknow,False
4290,Saanvi Verma,Hyderabad,False
4291,Ananya Singh,Delhi,False
4292,Aarav Singh,Delhi,False
4293,Saanvi Verma,Lucknow,True
4294,Ananya Singh,Pune,False
4295,Ananya Gupta,Ahmedabad,False
4296,Ananya Singh,Ahmedabad,False
4297,Saanvi Patel,Jaipur,False
4298,Saanvi Patel,Kolkata,False
4299,Advik Verma,Gurgaon,False
4300,Saanvi Singh,Chennai,False
4301,Advik Sharma,Pune,False
4302,Ananya Gupta,Kolkata,False
4303,Ananya Gupta,Hyderabad,False
4304,Ananya Gupta,Hyderabad,False
4305,Advik Singh,Pune,False
4306,Diya Verma,Kolkata,False
4307,Vihaan Gupta,Hyderabad,False
4308,Ananya Patel,Ahmedabad,False
4309,Diya Patel,Ahmedabad,False
4310,Saanvi Gupta,Lucknow,False
4311,Advik Gupta,Bangalore,False
4312,Diya Gupta,Hyderabad,False
4313,Saanvi Gupta,Kolkata,False
4314,Ananya Verma,Pune,False
4315,Ananya Sharma,Noida,False
4316,Diya Sharma,Delhi,False
4317,Ananya Singh,Gurgaon,False
4318,Advik Patel,Pune,False
4319,Diya Verma,Pune,True
4320,Diya Singh,Kolkata,False
4321,Diya Singh,Chennai,False
4322,Vihaan Sharma,Chennai,False
4323,Aarav Sharma,Delhi,False
4324,Advik Patel,Pune,False
4325,Aarav Singh,Hyderabad,True
4326,Saanvi Patel,Mumbai,True
4327,Ananya Patel,Jaipur,False
4328,Diya Verma,Hyderabad,False
4329,Advik Patel,Pune,False
4330,Ananya Verma,Bangalore,True
4331,Advik Gupta,Hyderabad,False
4332,Diya Verma,Ahmedabad,False
4333,Vihaan Sharma,Kolkata,False
4334,Ananya Singh,Delhi,True
4335,Diya Verma,Hyderabad,False
4336,Vihaan Verma,Hyderabad,False
4337,Aarav Verma,Lucknow,False
4338,Advik Patel,Noida,False
4339,Vihaan Sharma,Delhi,False
4340,Diya Singh,Bangalore,False
4341,Diya Patel,Noida,True
4342,Ananya Verma,Lucknow,False
4343,Advik Gupta,Chennai,True
4344,Advik Patel,Noida,False
4345,Advik Verma,Chennai,False
4346,Aarav Patel,Jaipur,False
4347,Vihaan Singh,Hyderabad,False
4348,Ananya Singh,Pune,False
4349,Ananya Verma,Noida,False
4350,Diya Sharma,Lucknow,False
4351,Vihaan Sharma,Gurgaon,False
4352,Aarav Singh,Kolkata,False
4353,Diya Sharma,Gurgaon,False
4354,Diya Singh,Delhi,False
4355,Ananya Verma,Pune,False
4356,Ananya Singh,Bangalore,False
4357,Advik Patel,Kolkata,False
4358,Vihaan Sharma,Noida,False
4359,Vihaan Sharma,Jaipur,False
4360,Aarav Patel,Jaipur,False
4361,Ananya Sharma,Ahmedabad,False
4362,Diya Verma,Pune,False
4363,Diya Gupta,Bangalore,False
4364,Ananya Verma,Ahmedabad,True
4365,Aarav Patel,Mumbai,False
4366,Saanvi Verma,Pune,False
4367,Diya Verma,Hyderabad,True
4368,Vihaan Patel,Jaipur,True
4369,Aarav Gupta,Bangalore,False
4370,Diya Patel,Chennai,False
4371,Vihaan Patel,Bangalore,False
4372,Aarav Gupta,Bangalore,False
4373,Advik Sharma,Ahmedabad,False
4374,Aarav Singh,Bangalore,False
4375,Diya Verma,Bangalore,False
4376,Advik Gupta,Kolkata,False
4377,Diya Verma,Gurgaon,False
4378,Aarav Verma,Bangalore,False
4379,Aarav Sharma,Noida,False
4380,Ananya Singh,Ahmedabad,False
4381,Saanvi Singh,Ahmedabad,False
4382,Diya Patel,Gurgaon,False
4383,Advik Gupta,Kolkata,False
4384,Saanvi Singh,Pune,False
4385,Diya Verma,Ahmedabad,False
4386,Vihaan Sharma,Hyderabad,True
4387,Ananya Gupta,Delhi,False
4388,Diya Singh,Noida,False
4389,Aarav Gupta,Gurgaon,False
4390,Aarav Verma,Noida,False
4391,Vihaan Singh,Kolkata,False
4392,Saanvi Verma,Lucknow,False
4393,Diya Verma,Bangalore,True
4394,Vihaan Singh,Pune,False
4395,Diya Singh,Chennai,False
4396,Diya Verma,Noida,False
4397,Vihaan Verma,Lucknow,False
4398,Ananya Gupta,Mumbai,False
4399,Diya Singh,Delhi,False
4400,Ananya Patel,Ahmedabad,False
4401,Diya Sharma,Chennai,False
4402,Ananya Patel,Bangalore,True
4403,Aarav Verma,Jaipur,False
4404,Ananya Sharma,Mumbai,False
4405,Saanvi Patel,Chennai,True
4406,Diya Gupta,Kolkata,False
4407,Advik Gupta,Pune,False
4408,Advik Patel,Delhi,False
4409,Diya Singh,Ahmedabad,True
4410,Advik Patel,Ahmedabad,True
4411,Vihaan Singh,Chennai,False
4412,Diya Gupta,Bangalore,False
4413,Vihaan Sharma,Kolkata,False
4414,Diya Verma,Mumbai,True
4415,Aarav Verma,Hyderabad,False
4416,Vihaan Singh,Bangalore,False
4417,Advik Gupta,Hyderabad,True
4418,Aarav Verma,Mumbai,False
4419,Diya Sharma,Hyderabad,False
4420,Vihaan Singh,Delhi,True
4421,Diya Gupta,Kolkata,False
4422,Ananya Singh,Pune,False
4423,Advik Gupta,Lucknow,False
4424,Advik Verma,Lucknow,False
4425,Saanvi Patel,Ahmedabad,False
4426,Advik Verma,Hyderabad,False
4427,Diya Singh,Pune,False
4428,Advik Gupta,Gurgaon,False
4429,Diya Sharma,Kolkata,False
4430,Ananya Sharma,Bangalore,False
4431,Vihaan Verma,Gurgaon,False
4432,Aarav Patel,Ahmedabad,False
4433,Saanvi Singh,Noida,False
4434,Ananya Sharma,Hyderabad,False
4435,Diya Sharma,Chennai,False
4436,Aarav Singh,Noida,False
4437,Vihaan Singh,Gurgaon,False
4438,Ananya Gupta,Delhi,False
4439,Diya Singh,Noida,False
4440,Diya Singh,Hyderabad,False
4441,Advik Verma,Chennai,False
4442,Ananya Patel,Noida,False
4443,Aarav Sharma,Delhi,False
4444,Aarav Verma,Ahmedabad,False
4445,Aarav Verma,Mumbai,True
4446,Vihaan Sharma,Bangalore,False
4447,Ananya Gupta,Lucknow,False
4448,Aarav Verma,Pune,False
4449,Aarav Patel,Delhi,False
4450,Advik Sharma,Hyderabad,False
4451,Diya Singh,Delhi,False
4452,Ananya Patel,Ahmedabad,True
4453,Advik Gupta,Bangalore,True
4454,Advik Gupta,Bangalore,False
4455,Saanvi Patel,Delhi,False
4456,Vihaan Gupta,Mumbai,False
4457,Ananya Verma,Jaipur,False
4458,Diya Gupta,Ahmedabad,False
4459,Saanvi Singh,Noida,False
4460,Vihaan Gupta,Lucknow,False
4461,Vihaan Singh,Bangalore,False
4462,Aarav Sharma,Mumbai,False
4463,Aarav Verma,Delhi,False
4464,Vihaan Verma,Jaipur,True
4465,Ananya Gupta,Kolkata,False
4466,Diya Singh,Noida,False
4467,Saanvi Patel,Jaipur,False
4468,Saanvi Verma,Gurgaon,False
4469,Ananya Verma,Noida,False
4470,Aarav Sharma,Mumbai,False
4471,Ananya Singh,Bangalore,False
4472,Diya Singh,Jaipur,False
4473,Diya Verma,Chennai,False
4474,Saanvi Singh,Lucknow,False
4475,Advik Verma,Mumbai,False
4476,Vihaan Gupta,Noida,True
4477,Ananya Verma,Mumbai,False
4478,Vihaan Patel,Kolkata,False
4479,Ananya Verma,Jaipur,False
4480,Aarav Sharma,Lucknow,False
4481,Ananya Patel,Chennai,False
4482,Aarav Singh,Ahmedabad,False
4483,Vihaan Gupta,Lucknow,False
4484,Saanvi Patel,Pune,False
4485,Advik Patel,Kolkata,False
4486,Vihaan Singh,Jaipur,False
4487,Diya Patel,Ahmedabad,False
4488,Diya Sharma,Pune,False
4489,Diya Patel,Lucknow,False
4490,Aarav Singh,Noida,False
4491,Advik Patel,Hyderabad,False
4492,Advik Verma,Gurgaon,False
4493,Saanvi Sharma,Hyderabad,False
4494,Advik Gupta,Noida,False
4495,Advik Verma,Mumbai,False
4496,Diya Verma,Noida,True
4497,Aarav Sharma,Pune,False
4498,Advik Singh,Mumbai,False
4499,Saanvi Gupta,Kolkata,False
4500,Diya Patel,Hyderabad,False
4501,Advik Gupta,Delhi,False
4502,Diya Patel,Jaipur,False
4503,Advik Verma,Mumbai,False
4504,Aarav Gupta,Lucknow,False
4505,Diya Sharma,Delhi,False
4506,Saanvi Gupta,Bangalore,False
4507,Saanvi Gupta,Noida,False
4508,Diya Verma,Jaipur,False
4509,Aarav Gupta,Pune,False
4510,Saanvi Patel,Lucknow,True
4511,Vihaan Sharma,Mumbai,False
4512,Aarav Gupta,Bangalore,False
4513,Diya Gupta,Delhi,False
4514,Advik Singh,Ahmedabad,False
4515,Saanvi Patel,Pune,False
4516,Ananya Sharma,Chennai,False
4517,Vihaan Patel,Pune,False
4518,Advik Sharma,Delhi,False
4519,Ananya Verma,Ahmedabad,False
4520,Advik Verma,Gurgaon,False
4521,Saanvi Gupta,Mumbai,False
4522,Diya Singh,Delhi,False
4523,Diya Verma,Bangalore,False
4524,Saanvi Singh,Kolkata,False
4525,Aarav Verma,Lucknow,False
4526,Diya Patel,Gurgaon,False
4527,Saanvi Gupta,Hyderabad,False
4528,Aarav Singh,Hyderabad,True
4529,Ananya Sharma,Lucknow,False
4530,Saanvi Gupta,Noida,False
4531,Aarav Gupta,Gurgaon,True
4532,Aarav Patel,Ahmedabad,False
4533,Aarav Patel,Bangalore,False
4534,Advik Patel,Jaipur,False
4535,Aarav Patel,Mumbai,False
4536,Saanvi Gupta,Hyderabad,False
4537,Diya Gupta,Mumbai,False
4538,Aarav Gupta,Lucknow,False
4539,Vihaan Gupta,Noida,False
4540,Ananya Gupta,Noida,False
4541,Advik Gupta,Delhi,False
4542,Saanvi Gupta,Noida,True
4543,Ananya Gupta,Bangalore,False
4544,Vihaan Patel,Kolkata,False
4545,Aarav Gupta,Delhi,True
4546,Ananya Gupta,Chennai,False
4547,Vihaan Patel,Hyderabad,False
4548,Aarav Verma,Mumbai,False
4549,Advik Patel,Delhi,False
4550,Advik Patel,Jaipur,False
4551,Advik Gupta,Delhi,False
4552,Aarav Gupta,Noida,True
4553,Ananya Gupta,Jaipur,True
4554,Aarav Sharma,Kolkata,True
4555,Diya Sharma,Gurgaon,False
4556,Diya Patel,Delhi,False
4557,Advik Patel,Hyderabad,True
4558,Vihaan Verma,Lucknow,False
4559,Saanvi Sharma,Lucknow,False
4560,Diya Verma,Jaipur,False
4561,Vihaan Patel,Hyderabad,False
4562,Aarav Patel,Pune,False
4563,Saanvi Verma,Gurgaon,False
4564,Aarav Singh,Hyderabad,False
4565,Diya Verma,Ahmedabad,False
4566,Vihaan Singh,Kolkata,False
4567,Advik Gupta,Pune,False
4568,Aarav Singh,Pune,False
4569,Diya Sharma,Delhi,False
4570,Vihaan Gupta,Jaipur,False
4571,Vihaan Patel,Delhi,False
4572,Vihaan Verma,Jaipur,True
4573,Vihaan Sharma,Jaipur,True
4574,Diya Verma,Hyderabad,False
4575,Aarav Patel,Mumbai,False
4576,Saanvi Sharma,Jaipur,True
4577,Aarav Gupta,Hyderabad,False
4578,Vihaan Sharma,Chennai,False
4579,Diya Singh,Lucknow,False
4580,Ananya Singh,Lucknow,False
4581,Saanvi Verma,Hyderabad,False
4582,Vihaan Verma,Gurgaon,False
4583,Ananya Singh,Mumbai,False
4584,Diya Singh,Bangalore,True
4585,Aarav Singh,Ahmedabad,False
4586,Diya Sharma,Pune,False
4587,Ananya Verma,Noida,False
4588,Diya Patel,Delhi,False
4589,Ananya Gupta,Lucknow,False
4590,Vihaan Gupta,Gurgaon,False
4591,Ananya Verma,Gurgaon,False
4592,Vihaan Sharma,Hyderabad,False
4593,Diya Verma,Ahmedabad,False
4594,Vihaan Sharma,Pune,False
4595,Advik Gupta,Jaipur,True
4596,Saanvi Patel,Pune,False
4597,Aarav Sharma,Kolkata,False
4598,Aarav Verma,Pune,False
4599,Vihaan Patel,Kolkata,False
4600,Advik Verma,Lucknow,False
4601,Advik Sharma,Bangalore,False
4602,Ananya Patel,Noida,False
4603,Aarav Singh,Hyderabad,False
4604,Saanvi Gupta,Jaipur,False
4605,Ananya Gupta,Kolkata,False
4606,Diya Patel,Kolkata,False
4607,Aarav Singh,Gurgaon,False
4608,Vihaan Gupta,Mumbai,False
4609,Ananya Singh,Hyderabad,False
4610,Diya Verma,Noida,False
4611,Aarav Sharma,Delhi,False
4612,Vihaan Verma,Noida,False
4613,Vihaan Singh,Noida,False
4614,Saanvi Sharma,Delhi,False
4615,Advik Singh,Jaipur,False
4616,Saanvi Verma,Hyderabad,False
4617,Aarav Gupta,Mumbai,False
4618,Diya Sharma,Pune,False
4619,Diya Verma,Delhi,False
4620,Vihaan Patel,Delhi,True
4621,Ananya Patel,Ahmedabad,False
4622,Vihaan Sharma,Gurgaon,False
4623,Advik Verma,Lucknow,False
4624,Saanvi Sharma,Gurgaon,False
4625,Vihaan Singh,Chennai,False
4626,Advik Patel,Hyderabad,False
4627,Ananya Sharma,Noida,False
4628,Ananya Singh,Ahmedabad,False
4629,Aarav Sharma,Lucknow,False
4630,Saanvi Gupta,Hyderabad,False
4631,Vihaan Verma,Jaipur,True
4632,Vihaan Verma,Hyderabad,False
4633,Ananya Singh,Mumbai,False
4634,Vihaan Patel,Bangalore,True
4635,Saanvi Verma,Chennai,False
4636,Ananya Singh,Bangalore,False
4637,Vihaan Singh,Noida,True
4638,Ananya Sharma,Ahmedabad,False
4639,Diya Sharma,Delhi,False
4640,Vihaan Sharma,Bangalore,False
4641,Diya Verma,Jaipur,False
4642,Ananya Patel,Jaipur,False
4643,Saanvi Patel,Kolkata,False
4644,Advik Gupta,Gurgaon,False
4645,Advik Patel,Lucknow,False
4646,Diya Singh,Bangalore,False
4647,Diya Gupta,Chennai,False
4648,Vihaan Sharma,Hyderabad,False
4649,Diya Patel,Gurgaon,False
4650,Advik Sharma,Jaipur,False
4651,Aarav Verma,Jaipur,False
4652,Aarav Patel,Gurgaon,False
4653,Saanvi Patel,Jaipur,False
4654,Vihaan Sharma,Ahmedabad,False
4655,Vihaan Verma,Hyderabad,False
4656,Advik Patel,Ahmedabad,False
4657,Vihaan Patel,Ahmedabad,True
4658,Advik Patel,Delhi,False
4659,Ananya Patel,Bangalore,False
4660,Aarav Singh,Gurgaon,False
4661,Vihaan Verma,Hyderabad,False
4662,Aarav Patel,Bangalore,False
4663,Aarav Singh,Jaipur,False
4664,Aarav Gupta,Gurgaon,False
4665,Ananya Gupta,Mumbai,True
4666,Aarav Sharma,Lucknow,False
4667,Saanvi Sharma,Delhi,False
4668,Saanvi Patel,Delhi,True
4669,Vihaan Singh,Delhi,False
4670,Advik Gupta,Mumbai,False
4671,Saanvi Patel,Mumbai,False
4672,Ananya Gupta,Noida,False
4673,Advik Gupta,Pune,False
4674,Aarav Patel,Bangalore,False
4675,Advik Patel,Gurgaon,False
4676,Advik Sharma,Bangalore,False
4677,Ananya Patel,Kolkata,False
4678,Ananya Singh,Gurgaon,True
4679,Diya Singh,Mumbai,True
4680,Aarav Sharma,Lucknow,False
4681,Vihaan Singh,Chennai,False
4682,Aarav Gupta,Jaipur,False
4683,Advik Verma,Noida,False
4684,Aarav Verma,Noida,False
4685,Ananya Patel,Hyderabad,False
4686,Ananya Sharma,Chennai,False
4687,Vihaan Patel,Noida,False
4688,Advik Sharma,Lucknow,False
4689,Diya Verma,Hyderabad,False
4690,Advik Patel,Gurgaon,False
4691,Aarav Patel,Lucknow,False
4692,Advik Verma,Bangalore,True
4693,Ananya Sharma,Delhi,False
4694,Ananya Patel,Delhi,False
4695,Advik Sharma,Pune,False
4696,Ananya Verma,Ahmedabad,False
4697,Diya Verma,Ahmedabad,False
4698,Saanvi Verma,Ahmedabad,False
4699,Diya Gupta,Hyderabad,False
4700,Aarav Verma,Jaipur,False
4701,Saanvi Gupta,Jaipur,False
4702,Advik Gupta,Noida,False
4703,Aarav Verma,Noida,False
4704,Vihaan Gupta,Jaipur,False
4705,Advik Singh,Hyderabad,False
4706,Ananya Sharma,Gurgaon,False
4707,Diya Gupta,Lucknow,False
4708,Ananya Gupta,Pune,False
4709,Aarav Verma,Noida,False
4710,Saanvi Gupta,Chennai,False
4711,Vihaan Gupta,Hyderabad,False
4712,Saanvi Sharma,Lucknow,True
4713,Diya Gupta,Noida,False
4714,Ananya Patel,Kolkata,False
4715,Advik Patel,Mumbai,False
4716,Saanvi Sharma,Chennai,False
4717,Saanvi Patel,Ahmedabad,False
4718,Ananya Gupta,Jaipur,False
4719,Diya Patel,Jaipur,True
4720,Saanvi Gupta,Mumbai,False
4721,Saanvi Sharma,Pune,False
4722,Vihaan Verma,Chennai,False
4723,Advik Gupta,Kolkata,False
4724,Saanvi Sharma,Noida,False
4725,Vihaan Sharma,Delhi,True
4726,Advik Singh,Ahmedabad,False
4727,Aarav Patel,Mumbai,False
4728,Vihaan Verma,Kolkata,True
4729,Saanvi Verma,Gurgaon,False
4730,Diya Gupta,Hyderabad,True
4731,Diya Sharma,Jaipur,True
4732,Aarav Patel,Ahmedabad,False
4733,Ananya Singh,Delhi,False
4734,Advik Singh,Ahmedabad,False
4735,Advik Sharma,Mumbai,False
4736,Vihaan Sharma,Mumbai,False
4737,Ananya Singh,Delhi,False
4738,Advik Patel,Mumbai,False
4739,Diya Gupta,Gurgaon,False
4740,Diya Gupta,Jaipur,False
4741,Advik Sharma,Jaipur,False
4742,Aarav Patel,Lucknow,False
4743,Ananya Patel,Chennai,False
4744,Aarav Sharma,Pune,False
4745,Aarav Patel,Lucknow,False
4746,Ananya Sharma,Ahmedabad,False
4747,Vihaan Singh,Ahmedabad,False
4748,Aarav Patel,Bangalore,False
4749,Diya Verma,Bangalore,False
4750,Vihaan Verma,Kolkata,False
4751,Vihaan Sharma,Hyderabad,False
4752,Ananya Gupta,Noida,True
4753,Ananya Sharma,Jaipur,False
4754,Saanvi Gupta,Bangalore,False
4755,Diya Sharma,Chennai,False
4756,Ananya Verma,Gurgaon,False
4757,Diya Singh,Jaipur,True
4758,Saanvi Sharma,Delhi,False
4759,Diya Sharma,Mumbai,False
4760,Aarav Patel,Hyderabad,False
4761,Diya Patel,Delhi,False
4762,Aarav Singh,Bangalore,False
4763,Aarav Gupta,Jaipur,False
4764,Vihaan Verma,Pune,False
4765,Ananya Sharma,Noida,False
4766,Vihaan Singh,Kolkata,False
4767,Saanvi Singh,Noida,False
4768,Saanvi Verma,Kolkata,False
4769,Advik Gupta,Pune,False
4770,Aarav Sharma,Hyderabad,False
4771,Advik Sharma,Ahmedabad,False
4772,Vihaan Gupta,Pune,False
4773,Saanvi Patel,Jaipur,False
4774,Vihaan Singh,Mumbai,False
4775,Saanvi Gupta,Kolkata,False
4776,Aarav Sharma,Lucknow,False
4777,Saanvi Sharma,Kolkata,False
4778,Advik Gupta,Kolkata,False
4779,Aarav Gupta,Pune,False
4780,Aarav Singh,Pune,False
4781,Vihaan Singh,Kolkata,False
4782,Advik Singh,Kolkata,False
4783,Diya Gupta,Ahmedabad,False
4784,Advik Singh,Delhi,False
4785,Ananya Verma,Ahmedabad,False
4786,Advik Singh,Lucknow,False
4787,Vihaan Verma,Chennai,False
4788,Ananya Sharma,Ahmedabad,False
4789,Advik Patel,Hyderabad,False
4790,Vihaan Sharma,Bangalore,False
4791,Vihaan Gupta,Bangalore,False
4792,Diya Singh,Kolkata,False
4793,Aarav Singh,Kolkata,False
4794,Advik Singh,Bangalore,False
4795,Aarav Singh,Noida,False
4796,Aarav Singh,Bangalore,False
4797,Ananya Patel,Jaipur,False
4798,Advik Verma,Chennai,False
4799,Advik Gupta,Lucknow,False
4800,Advik Verma,Lucknow,False
4801,Aarav Gupta,Mumbai,False
4802,Diya Sharma,Bangalore,False
4803,Advik Patel,Noida,False
4804,Advik Verma,Noida,False
4805,Ananya Patel,Lucknow,False
4806,Saanvi Gupta,Delhi,False
4807,Diya Patel,Noida,False
4808,Saanvi Sharma,Hyderabad,True
4809,Diya Singh,Delhi,False
4810,Saanvi Verma,Hyderabad,False
4811,Ananya Patel,Chennai,False
4812,Aarav Gupta,Hyderabad,False
4813,Diya Patel,Bangalore,False
4814,Ananya Patel,Pune,False
4815,Aarav Sharma,Bangalore,False
4816,Vihaan Sharma,Mumbai,False
4817,Advik Singh,Kolkata,False
4818,Diya Sharma,Mumbai,False
4819,Diya Patel,Hyderabad,True
4820,Saanvi Verma,Kolkata,False
4821,Aarav Sharma,Delhi,False
4822,Aarav Patel,Lucknow,False
4823,Ananya Patel,Delhi,False
4824,Ananya Sharma,Gurgaon,False
4825,Vihaan Patel,Hyderabad,False
4826,Diya Singh,Lucknow,False
4827,Saanvi Gupta,Hyderabad,False
4828,Ananya Sharma,Gurgaon,False
4829,Advik Gupta,Noida,False
4830,Saanvi Singh,Bangalore,False
4831,Diya Verma,Kolkata,False
4832,Aarav Patel,Delhi,False
4833,Diya Singh,Noida,False
4834,Vihaan Patel,Jaipur,False
4835,Aarav Gupta,Mumbai,False
4836,Advik Patel,Pune,True
4837,Vihaan Verma,Hyderabad,False
4838,Aarav Verma,Chennai,False
4839,Vihaan Verma,Chennai,False
4840,Diya Sharma,Gurgaon,False
4841,Aarav Singh,Mumbai,False
4842,Vihaan Sharma,Delhi,False
4843,Aarav Singh,Delhi,False
4844,Diya Verma,Ahmedabad,False
4845,Ananya Verma,Gurgaon,False
4846,Advik Gupta,Noida,False
4847,Vihaan Singh,Delhi,False
4848,Advik Gupta,Pune,False
4849,Aarav Verma,Kolkata,False
4850,Vihaan Singh,Pune,False
4851,Aarav Singh,Pune,False
4852,Aarav Verma,Gurgaon,False
4853,Ananya Sharma,Noida,False
4854,Aarav Verma,Gurgaon,False
4855,Diya Patel,Bangalore,False
4856,Aarav Sharma,Bangalore,False
4857,Diya Patel,Ahmedabad,False
4858,Aarav Verma,Pune,False
4859,Diya Verma,Kolkata,False
4860,Saanvi Singh,Jaipur,False
4861,Diya Verma,Noida,False
4862,Vihaan Patel,Hyderabad,False
4863,Advik Verma,Ahmedabad,False
4864,Ananya Singh,Mumbai,False
4865,Advik Singh,Jaipur,True
4866,Saanvi Patel,Ahmedabad,False
4867,Diya Singh,Lucknow,False
4868,Aarav Singh,Gurgaon,False
4869,Diya Singh,Hyderabad,False
4870,Advik Verma,Mumbai,False
4871,Aarav Singh,Ahmedabad,False
4872,Saanvi Verma,Bangalore,False
4873,Ananya Gupta,Lucknow,False
4874,Diya Gupta,Mumbai,False
4875,Advik Singh,Delhi,False
4876,Diya Patel,Bangalore,False
4877,Advik Verma,Delhi,False
4878,Vihaan Gupta,Kolkata,False
4879,Diya Patel,Mumbai,False
4880,Advik Gupta,Hyderabad,False
4881,Advik Patel,Pune,False
4882,Aarav Verma,Bangalore,False
4883,Aarav Gupta,Mumbai,False
4884,Saanvi Verma,Lucknow,False
4885,Diya Patel,Jaipur,False
4886,Advik Gupta,Lucknow,False
4887,Advik Gupta,Jaipur,False
4888,Advik Sharma,Lucknow,True
4889,Ananya Singh,Lucknow,False
4890,Diya Sharma,Jaipur,False
4891,Aarav Gupta,Bangalore,False
4892,Advik Singh,Gurgaon,False
4893,Vihaan Patel,Lucknow,False
4894,Advik Singh,Pune,False
4895,Aarav Patel,Delhi,False
4896,Saanvi Singh,Gurgaon,False
4897,Diya Singh,Ahmedabad,False
4898,Advik Patel,Noida,False
4899,Saanvi Verma,Bangalore,False
4900,Advik Verma,Gurgaon,False
4901,Aarav Patel,Chennai,False
4902,Aarav Singh,Lucknow,False
4903,Saanvi Verma,Chennai,True
4904,Ananya Sharma,Lucknow,False
4905,Ananya Singh,Noida,False
4906,Ananya Singh,Kolkata,True
4907,Saanvi Sharma,Bangalore,False
4908,Advik Verma,Jaipur,False
4909,Ananya Gupta,Pune,False
4910,Advik Singh,Gurgaon,False
4911,Vihaan Verma,Chennai,False
4912,Advik Gupta,Bangalore,False
4913,Saanvi Verma,Lucknow,False
4914,Advik Gupta,Noida,False
4915,Vihaan Verma,Ahmedabad,False
4916,Advik Sharma,Chennai,False
4917,Ananya Sharma,Lucknow,False
4918,Ananya Verma,Ahmedabad,False
4919,Saanvi Singh,Bangalore,False
4920,Ananya Singh,Bangalore,False
4921,Vihaan Singh,Kolkata,False
4922,Saanvi Verma,Chennai,False
4923,Saanvi Gupta,Delhi,False
4924,Advik Sharma,Ahmedabad,False
4925,Ananya Gupta,Mumbai,False
4926,Diya Patel,Pune,False
4927,Advik Gupta,Mumbai,False
4928,Diya Gupta,Pune,False
4929,Vihaan Gupta,Lucknow,False
4930,Saanvi Patel,Kolkata,True
4931,Aarav Singh,Kolkata,False
4932,Aarav Verma,Ahmedabad,False
4933,Ananya Patel,Hyderabad,False
4934,Aarav Sharma,Chennai,False
4935,Ananya Sharma,Chennai,False
4936,Aarav Gupta,Chennai,False
4937,Vihaan Verma,Chennai,False
4938,Vihaan Singh,Gurgaon,False
4939,Advik Sharma,Hyderabad,False
4940,Diya Gupta,Mumbai,True
4941,Advik Gupta,Bangalore,False
4942,Saanvi Sharma,Pune,False
4943,Aarav Sharma,Chennai,False
4944,Diya Patel,Ahmedabad,False
4945,Aarav Patel,Ahmedabad,False
4946,Aarav Patel,Jaipur,False
4947,Diya Sharma,Pune,False
4948,Vihaan Patel,Ahmedabad,False
4949,Ananya Singh,Bangalore,False
4950,Ananya Patel,Noida,False
4951,Ananya Patel,Ahmedabad,False
4952,Diya Patel,Gurgaon,False
4953,Vihaan Verma,Gurgaon,False
4954,Advik Gupta,Jaipur,False
4955,Ananya Patel,Lucknow,False
4956,Advik Singh,Chennai,False
4957,Ananya Patel,Pune,False
4958,Vihaan Gupta,Kolkata,False
4959,Aarav Singh,Chennai,True
4960,Aarav Sharma,Mumbai,False
4961,Ananya Gupta,Lucknow,False
4962,Saanvi Verma,Delhi,False
4963,Vihaan Sharma,Chennai,False
4964,Aarav Verma,Mumbai,False
4965,Diya Sharma,Ahmedabad,False
4966,Saanvi Singh,Ahmedabad,False
4967,Saanvi Sharma,Pune,False
4968,Advik Patel,Kolkata,False
4969,Advik Patel,Jaipur,False
4970,Diya Verma,Noida,False
4971,Saanvi Singh,Jaipur,False
4972,Saanvi Singh,Bangalore,False
4973,Vihaan Gupta,Ahmedabad,False
4974,Saanvi Verma,Chennai,False
4975,Aarav Patel,Hyderabad,False
4976,Vihaan Patel,Delhi,False
4977,Vihaan Sharma,Bangalore,False
4978,Vihaan Sharma,Lucknow,False
4979,Aarav Sharma,Noida,False
4980,Aarav Patel,Hyderabad,False
4981,Diya Verma,Hyderabad,False
4982,Diya Gupta,Mumbai,False
4983,Diya Singh,Ahmedabad,False
4984,Saanvi Singh,Bangalore,False
4985,Ananya Singh,Gurgaon,False
4986,Saanvi Gupta,Ahmedabad,False
4987,Diya Verma,Noida,False
4988,Advik Sharma,Chennai,False
4989,Aarav Patel,Lucknow,False
4990,Diya Patel,Hyderabad,False
4991,Diya Sharma,Ahmedabad,False
4992,Saanvi Singh,Delhi,False
4993,Vihaan Sharma,Gurgaon,False
4994,Vihaan Singh,Jaipur,False
4995,Advik Patel,Bangalore,False
4996,Aarav Gupta,Bangalore,False
4997,Advik Patel,Kolkata,False
4998,Diya Verma,Delhi,False
4999,Ananya Patel,Delhi,False
5000,Vihaan Patel,Ahmedabad,False
5001,Vihaan Gupta,Lucknow,False
5002,Vihaan Patel,Ahmedabad,False
5003,Advik Gupta,Pune,False
5004,Diya Singh,Jaipur,False
5005,Diya Verma,Bangalore,False
5006,Ananya Verma,Mumbai,False
5007,Ananya Gupta,Kolkata,False
5008,Diya Patel,Jaipur,False
5009,Vihaan Singh,Kolkata,False
5010,Advik Singh,Mumbai,False
5011,Vihaan Singh,Delhi,False
5012,Ananya Verma,Lucknow,False
5013,Diya Patel,Gurgaon,False
5014,Vihaan Singh,Jaipur,False
5015,Ananya Verma,Kolkata,False
5016,Advik Verma,Bangalore,False
5017,Saanvi Sharma,Bangalore,False
5018,Diya Sharma,Ahmedabad,False
5019,Aarav Sharma,Pune,False
5020,Diya Patel,Lucknow,False
5021,Advik Patel,Ahmedabad,False
5022,Diya Gupta,Lucknow,False
5023,Saanvi Gupta,Lucknow,False
5024,Vihaan Verma,Lucknow,False
5025,Aarav Sharma,Hyderabad,True
5026,Ananya Verma,Noida,False
5027,Advik Patel,Chennai,False
5028,Aarav Gupta,Bangalore,False
5029,Saanvi Patel,Delhi,True
5030,Vihaan Patel,Bangalore,False
5031,Saanvi Patel,Jaipur,False
5032,Aarav Sharma,Pune,False
5033,Ananya Patel,Hyderabad,True
5034,Vihaan Sharma,Kolkata,False
5035,Diya Sharma,Hyderabad,False
5036,Diya Sharma,Kolkata,False
5037,Vihaan Singh,Mumbai,False
5038,Saanvi Verma,Delhi,False
5039,Aarav Singh,Noida,False
5040,Saanvi Verma,Mumbai,False
5041,Saanvi Sharma,Delhi,False
5042,Diya Sharma,Bangalore,False
5043,Aarav Sharma,Kolkata,False
5044,Diya Verma,Jaipur,False
5045,Saanvi Patel,Gurgaon,False
5046,Vihaan Patel,Jaipur,False
5047,Aarav Gupta,Kolkata,False
5048,Diya Gupta,Hyderabad,False
5049,Saanvi Verma,Gurgaon,False
5050,Saanvi Gupta,Ahmedabad,False
5051,Ananya Verma,Delhi,True
5052,Aarav Patel,Lucknow,False
5053,Advik Verma,Chennai,False
5054,Advik Gupta,Bangalore,False
5055,Ananya Singh,Bangalore,True
5056,Advik Verma,Jaipur,False
5057,Ananya Singh,Delhi,False
5058,Saanvi Sharma,Hyderabad,False
5059,Advik Patel,Chennai,False
5060,Saanvi Patel,Gurgaon,False
5061,Aarav Verma,Gurgaon,False
5062,Ananya Verma,Noida,False
5063,Advik Gupta,Ahmedabad,False
5064,Ananya Verma,Hyderabad,False
5065,Ananya Sharma,Jaipur,False
5066,Aarav Verma,Gurgaon,False
5067,Diya Sharma,Chennai,False
5068,Diya Verma,Ahmedabad,False
5069,Aarav Verma,Kolkata,False
5070,Diya Sharma,Noida,False
5071,Advik Sharma,Noida,False
5072,Vihaan Gupta,Ahmedabad,False
5073,Aarav Gupta,Chennai,False
5074,Vihaan Sharma,Hyderabad,False
5075,Ananya Sharma,Hyderabad,True
5076,Aarav Patel,Chennai,False
5077,Diya Singh,Kolkata,False
5078,Saanvi Singh,Chennai,False
5079,Ananya Patel,Delhi,False
5080,Advik Gupta,Chennai,False
5081,Vihaan Verma,Pune,False
5082,Aarav Verma,Pune,False
5083,Aarav Sharma,Mumbai,False
5084,Aarav Patel,Delhi,True
5085,Aarav Singh,Ahmedabad,False
5086,Diya Singh,Pune,False
5087,Aarav Singh,Bangalore,False
5088,Aarav Patel,Mumbai,False
5089,Saanvi Gupta,Gurgaon,False
5090,Advik Sharma,Jaipur,False
5091,Ananya Sharma,Gurgaon,True
5092,Advik Sharma,Noida,False
5093,Vihaan Sharma,Gurgaon,False
5094,Ananya Sharma,Mumbai,False
5095,Ananya Gupta,Ahmedabad,False
5096,Diya Gupta,Hyderabad,False
5097,Vihaan Sharma,Jaipur,False
5098,Aarav Patel,Noida,False
5099,Advik Patel,Lucknow,False
5100,Diya Singh,Kolkata,False
5101,Aarav Verma,Delhi,False
5102,Ananya Verma,Lucknow,False
5103,Vihaan Patel,Noida,False
5104,Diya Gupta,Noida,False
5105,Diya Verma,Delhi,False
5106,Aarav Patel,Hyderabad,False
5107,Saanvi Singh,Mumbai,True
5108,Ananya Singh,Noida,False
5109,Ananya Gupta,Lucknow,False
5110,Aarav Sharma,Mumbai,False
5111,Diya Singh,Delhi,False
5112,Aarav Sharma,Jaipur,False
5113,Advik Verma,Ahmedabad,False
5114,Advik Sharma,Jaipur,False
5115,Saanvi Gupta,Kolkata,True
5116,Vihaan Sharma,Chennai,False
5117,Aarav Gupta,Kolkata,False
5118,Aarav Patel,Pune,False
5119,Advik Singh,Noida,False
5120,Advik Singh,Lucknow,False
5121,Aarav Verma,Gurgaon,False
5122,Saanvi Sharma,Noida,False
5123,Advik Gupta,Delhi,False
5124,Diya Sharma,Bangalore,False
5125,Ananya Sharma,Gurgaon,False
5126,Ananya Verma,Hyderabad,False
5127,Ananya Singh,Bangalore,False
5128,Saanvi Patel,Lucknow,False
5129,Ananya Patel,Kolkata,False
5130,Advik Singh,Mumbai,True
5131,Ananya Verma,Noida,False
5132,Saanvi Verma,Mumbai,False
5133,Aarav Patel,Gurgaon,False
5134,Advik Verma,Delhi,True
5135,Aarav Verma,Lucknow,False
5136,Aarav Gupta,Delhi,False
5137,Advik Sharma,Hyderabad,False
5138,Saanvi Patel,Kolkata,False
5139,Advik Patel,Gurgaon,False
5140,Aarav Sharma,Gurgaon,False
5141,Saanvi Patel,Ahmedabad,False
5142,Ananya Patel,Mumbai,False
5143,Aarav Patel,Noida,False
5144,Ananya Patel,Bangalore,False
5145,Aarav Singh,Chennai,False
5146,Saanvi Verma,Kolkata,False
5147,Advik Gupta,Gurgaon,False
5148,Advik Verma,Mumbai,False
5149,Ananya Patel,Mumbai,False
5150,Ananya Singh,Lucknow,True
5151,Vihaan Verma,Noida,False
5152,Ananya Patel,Noida,True
5153,Saanvi Sharma,Bangalore,False
5154,Diya Patel,Pune,False
5155,Advik Singh,Ahmedabad,False
5156,Vihaan Singh,Jaipur,False
5157,Advik Singh,Lucknow,False
5158,Ananya Sharma,Kolkata,False
5159,Saanvi Sharma,Pune,False
5160,Aarav Patel,Noida,False
5161,Diya Sharma,Gurgaon,False
5162,Saanvi Verma,Bangalore,False
5163,Saanvi Patel,Ahmedabad,False
5164,Saanvi Singh,Chennai,False
5165,Diya Patel,Lucknow,False
5166,Diya Verma,Pune,False
5167,Advik Singh,Jaipur,False
5168,Advik Singh,Noida,False
5169,Saanvi Gupta,Kolkata,False
5170,Ananya Singh,Ahmedabad,False
5171,Aarav Singh,Mumbai,False
5172,Ananya Sharma,Noida,False
5173,Ananya Patel,Hyderabad,False
5174,Diya Gupta,Ahmedabad,False
5175,Aarav Patel,Kolkata,False
5176,Vihaan Gupta,Ahmedabad,False
5177,Saanvi Patel,Hyderabad,False
5178,Diya Verma,Pune,False
5179,Vihaan Patel,Gurgaon,False
5180,Aarav Singh,Mumbai,False
5181,Aarav Sharma,Pune,True
5182,Aarav Patel,Jaipur,False
5183,Saanvi Patel,Lucknow,False
5184,Vihaan Singh,Delhi,False
5185,Diya Singh,Mumbai,False
5186,Vihaan Sharma,Pune,False
5187,Advik Sharma,Noida,False
5188,Saanvi Sharma,Bangalore,False
5189,Ananya Gupta,Gurgaon,False
5190,Aarav Patel,Delhi,False
5191,Saanvi Sharma,Hyderabad,False
5192,Ananya Sharma,Kolkata,False
5193,Aarav Singh,Jaipur,False
5194,Saanvi Sharma,Ahmedabad,False
5195,Ananya Patel,Ahmedabad,False
5196,Advik Sharma,Ahmedabad,False
5197,Saanvi Sharma,Noida,False
5198,Advik Verma,Delhi,False
5199,Diya Gupta,Noida,False
5200,Aarav Verma,Chennai,False
5201,Diya Singh,Pune,False
5202,Advik Patel,Kolkata,False
5203,Vihaan Patel,Noida,False
5204,Advik Singh,Pune,False
5205,Diya Patel,Pune,False
5206,Aarav Gupta,Chennai,False
5207,Ananya Sharma,Delhi,False
5208,Vihaan Patel,Lucknow,False
5209,Saanvi Singh,Chennai,False
5210,Diya Sharma,Chennai,False
5211,Diya Sharma,Noida,False
5212,Aarav Verma,Kolkata,False
5213,Advik Singh,Hyderabad,False
5214,Vihaan Singh,Jaipur,False
5215,Aarav Patel,Kolkata,False
5216,Ananya Patel,Mumbai,False
5217,Aarav Sharma,Mumbai,False
5218,Saanvi Patel,Pune,False
5219,Ananya Patel,Kolkata,False
5220,Aarav Gupta,Noida,False
5221,Saanvi Gupta,Jaipur,False
5222,Advik Singh,Noida,False
5223,Aarav Gupta,Noida,False
5224,Aarav Gupta,Chennai,False
5225,Ananya Singh,Gurgaon,False
5226,Aarav Patel,Gurgaon,False
5227,Ananya Gupta,Hyderabad,False
5228,Advik Patel,Mumbai,False
5229,Vihaan Gupta,Pune,False
5230,Diya Verma,Lucknow,False
5231,Diya Gupta,Jaipur,False
5232,Aarav Singh,Lucknow,False
5233,Advik Gupta,Hyderabad,False
5234,Aarav Singh,Bangalore,False
5235,Aarav Verma,Bangalore,False
5236,Diya Singh,Gurgaon,False
5237,Diya Gupta,Noida,False
5238,Ananya Patel,Delhi,False
5239,Aarav Sharma,Bangalore,False
5240,Aarav Sharma,Chennai,False
5241,Advik Gupta,Ahmedabad,False
5242,Saanvi Singh,Mumbai,True
5243,Advik Sharma,Delhi,False
5244,Advik Singh,Gurgaon,False
5245,Advik Verma,Hyderabad,False
5246,Vihaan Patel,Kolkata,False
5247,Ananya Singh,Mumbai,False
5248,Ananya Singh,Bangalore,False
5249,Diya Gupta,Bangalore,False
5250,Diya Sharma,Bangalore,False
5251,Vihaan Sharma,Hyderabad,False
5252,Vihaan Singh,Chennai,False
5253,Ananya Patel,Jaipur,False
5254,Advik Sharma,Gurgaon,False
5255,Saanvi Verma,Chennai,False
5256,Advik Verma,Pune,False
5257,Saanvi Patel,Jaipur,False
5258,Advik Gupta,Pune,False
5259,Ananya Sharma,Mumbai,False
5260,Diya Gupta,Pune,False
5261,Ananya Singh,Chennai,False
5262,Vihaan Sharma,Delhi,False
5263,Vihaan Verma,Jaipur,False
5264,Ananya Patel,Kolkata,False
5265,Saanvi Singh,Lucknow,False
5266,Saanvi Sharma,Gurgaon,False
5267,Diya Verma,Hyderabad,False
5268,Saanvi Verma,Gurgaon,False
5269,Vihaan Patel,Ahmedabad,False
5270,Vihaan Sharma,Gurgaon,False
5271,Aarav Patel,Mumbai,False
5272,Aarav Patel,Noida,False
5273,Aarav Gupta,Chennai,False
5274,Vihaan Sharma,Noida,False
5275,Vihaan Gupta,Jaipur,False
5276,Vihaan Gupta,Kolkata,False
5277,Ananya Verma,Pune,True
5278,Saanvi Sharma,Ahmedabad,True
5279,Diya Singh,Gurgaon,False
5280,Advik Sharma,Noida,False
5281,Vihaan Gupta,Pune,False
5282,Saanvi Gupta,Pune,False
5283,Aarav Patel,Hyderabad,False
5284,Ananya Sharma,Gurgaon,False
5285,Vihaan Singh,Jaipur,False
5286,Aarav Sharma,Lucknow,False
5287,Saanvi Gupta,Hyderabad,False
5288,Aarav Verma,Ahmedabad,False
5289,Advik Patel,Lucknow,False
5290,Advik Singh,Kolkata,False
5291,Diya Patel,Ahmedabad,False
5292,Vihaan Patel,Mumbai,False
5293,Ananya Singh,Kolkata,False
5294,Diya Sharma,Pune,False
5295,Saanvi Verma,Pune,False
5296,Aarav Sharma,Jaipur,False
5297,Advik Singh,Jaipur,False
5298,Ananya Verma,Hyderabad,False
5299,Saanvi Verma,Kolkata,False
5300,Advik Verma,Hyderabad,False
5301,Aarav Verma,Delhi,False
5302,Saanvi Patel,Gurgaon,True
5303,Vihaan Patel,Hyderabad,False
5304,Advik Patel,Mumbai,False
5305,Advik Verma,Bangalore,False
5306,Aarav Sharma,Mumbai,False
5307,Vihaan Sharma,Mumbai,True
5308,Advik Singh,Gurgaon,False
5309,Aarav Sharma,Mumbai,False
5310,Saanvi Patel,Lucknow,False
5311,Saanvi Singh,Jaipur,False
5312,Aarav Patel,Delhi,False
5313,Vihaan Gupta,Noida,False
5314,Ananya Sharma,Jaipur,False
5315,Advik Gupta,Chennai,False
5316,Saanvi Sharma,Kolkata,False
5317,Aarav Singh,Pune,False
5318,Advik Verma,Hyderabad,False
5319,Diya Patel,Chennai,False
5320,Aarav Sharma,Mumbai,False
5321,Aarav Singh,Noida,False
5322,Aarav Gupta,Pune,False
5323,Saanvi Patel,Noida,False
5324,Aarav Gupta,Mumbai,False
5325,Aarav Singh,Noida,False
5326,Saanvi Singh,Noida,False
5327,Aarav Sharma,Lucknow,False
5328,Ananya Gupta,Delhi,False
5329,Saanvi Verma,Pune,True
5330,Diya Patel,Chennai,False
5331,Advik Patel,Pune,False
5332,Diya Sharma,Ahmedabad,False
5333,Ananya Patel,Hyderabad,False
5334,Advik Verma,Pune,False
5335,Diya Patel,Jaipur,False
5336,Advik Singh,Bangalore,False
5337,Diya Sharma,Ahmedabad,False
5338,Diya Patel,Ahmedabad,False
5339,Saanvi Patel,Delhi,False
5340,Saanvi Singh,Kolkata,True
5341,Aarav Gupta,Kolkata,False
5342,Ananya Singh,Delhi,False
5343,Diya Sharma,Jaipur,False
5344,Vihaan Sharma,Delhi,False
5345,Saanvi Gupta,Gurgaon,False
5346,Saanvi Patel,Kolkata,False
5347,Vihaan Singh,Mumbai,False
5348,Aarav Patel,Mumbai,False
5349,Advik Gupta,Bangalore,False
5350,Diya Gupta,Chennai,False
5351,Aarav Singh,Gurgaon,False
5352,Saanvi Sharma,Lucknow,False
5353,Diya Gupta,Noida,False
5354,Aarav Sharma,Ahmedabad,False
5355,Saanvi Patel,Bangalore,False
5356,Advik Patel,Noida,False
5357,Diya Gupta,Bangalore,False
5358,Advik Singh,Chennai,False
5359,Aarav Singh,Mumbai,False
5360,Ananya Gupta,Pune,False
5361,Aarav Patel,Chennai,False
5362,Ananya Singh,Mumbai,False
5363,Advik Verma,Mumbai,False
5364,Vihaan Verma,Chennai,False
5365,Aarav Patel,Mumbai,False
5366,Aarav Sharma,Lucknow,False
5367,Saanvi Gupta,Noida,False
5368,Aarav Singh,Bangalore,False
5369,Vihaan Gupta,Gurgaon,False
5370,Advik Verma,Ahmedabad,False
5371,Saanvi Gupta,Mumbai,True
5372,Diya Patel,Lucknow,False
5373,Advik Verma,Bangalore,False
5374,Saanvi Singh,Hyderabad,True
5375,Diya Sharma,Noida,False
5376,Advik Gupta,Mumbai,False
5377,Aarav Gupta,Ahmedabad,False
5378,Aarav Sharma,Delhi,False
5379,Aarav Patel,Bangalore,False
5380,Aarav Sharma,Chennai,False
5381,Aarav Sharma,Jaipur,False
5382,Diya Sharma,Kolkata,False
5383,Aarav Sharma,Gurgaon,True
5384,Diya Patel,Chennai,False
5385,Aarav Singh,Pune,False
5386,Saanvi Sharma,Ahmedabad,False
5387,Ananya Patel,Jaipur,False
5388,Ananya Verma,Lucknow,False
5389,Advik Patel,Gurgaon,False
5390,Advik Patel,Hyderabad,False
5391,Diya Gupta,Bangalore,False
5392,Ananya Singh,Delhi,False
5393,Saanvi Sharma,Kolkata,False
5394,Advik Verma,Gurgaon,False
5395,Ananya Patel,Delhi,False
5396,Saanvi Sharma,Mumbai,False
5397,Aarav Verma,Chennai,False
5398,Saanvi Patel,Noida,False
5399,Vihaan Sharma,Gurgaon,False
5400,Vihaan Gupta,Gurgaon,False
5401,Vihaan Gupta,Bangalore,False
5402,Aarav Singh,Pune,False
5403,Diya Sharma,Jaipur,False
5404,Vihaan Patel,Ahmedabad,False
5405,Saanvi Gupta,Pune,False
5406,Advik Verma,Ahmedabad,False
5407,Vihaan Gupta,Hyderabad,False
5408,Saanvi Gupta,Noida,False
5409,Advik Sharma,Chennai,False
5410,Diya Singh,Pune,False
5411,Diya Gupta,Gurgaon,False
5412,Ananya Sharma,Chennai,False
5413,Vihaan Verma,Kolkata,False
5414,Aarav Patel,Mumbai,False
5415,Ananya Gupta,Delhi,True
5416,Saanvi Gupta,Jaipur,True
5417,Advik Sharma,Hyderabad,True
5418,Aarav Sharma,Gurgaon,False
5419,Diya Sharma,Kolkata,False
5420,Aarav Verma,Chennai,False
5421,Saanvi Singh,Lucknow,False
5422,Saanvi Verma,Bangalore,False
5423,Diya Patel,Chennai,False
5424,Ananya Gupta,Jaipur,False
5425,Saanvi Verma,Mumbai,False
5426,Saanvi Verma,Bangalore,False
5427,Ananya Patel,Chennai,False
5428,Aarav Sharma,Bangalore,False
5429,Saanvi Sharma,Delhi,False
5430,Ananya Verma,Jaipur,False
5431,Ananya Patel,Pune,False
5432,Advik Gupta,Mumbai,False
5433,Aarav Singh,Delhi,False
5434,Saanvi Verma,Bangalore,False
5435,Advik Sharma,Chennai,False
5436,Advik Gupta,Lucknow,True
5437,Vihaan Sharma,Mumbai,True
5438,Diya Gupta,Lucknow,False
5439,Ananya Sharma,Hyderabad,False
5440,Advik Sharma,Mumbai,False
5441,Vihaan Sharma,Hyderabad,False
5442,Advik Patel,Jaipur,False
5443,Ananya Sharma,Delhi,False
5444,Saanvi Patel,Delhi,False
5445,Saanvi Gupta,Kolkata,False
5446,Vihaan Patel,Chennai,False
5447,Vihaan Gupta,Lucknow,False
5448,Vihaan Sharma,Chennai,False
5449,Aarav Sharma,Noida,False
5450,Advik Patel,Mumbai,False
5451,Diya Patel,Noida,False
5452,Advik Sharma,Delhi,False
5453,Saanvi Singh,Gurgaon,False
5454,Saanvi Verma,Gurgaon,False
5455,Saanvi Verma,Jaipur,False
5456,Vihaan Verma,Kolkata,False
5457,Ananya Patel,Jaipur,False
5458,Ananya Verma,Mumbai,True
5459,Diya Singh,Noida,False
5460,Vihaan Gupta,Chennai,True
5461,Vihaan Gupta,Mumbai,True
5462,Vihaan Singh,Chennai,False
5463,Diya Verma,Pune,False
5464,Advik Gupta,Bangalore,False
5465,Saanvi Verma,Lucknow,False
5466,Saanvi Verma,Hyderabad,False
5467,Ananya Gupta,Delhi,True
5468,Saanvi Sharma,Kolkata,True
5469,Diya Sharma,Chennai,False
5470,Saanvi Patel,Ahmedabad,False
5471,Advik Gupta,Hyderabad,True
5472,Aarav Sharma,Noida,False
5473,Vihaan Verma,Kolkata,False
5474,Ananya Gupta,Gurgaon,False
5475,Advik Patel,Ahmedabad,False
5476,Advik Verma,Delhi,False
5477,Saanvi Patel,Noida,False
5478,Diya Sharma,Hyderabad,False
5479,Vihaan Singh,Lucknow,False
5480,Vihaan Sharma,Jaipur,False
5481,Ananya Gupta,Ahmedabad,False
5482,Ananya Singh,Gurgaon,False
5483,Saanvi Patel,Bangalore,True
5484,Diya Sharma,Delhi,False
5485,Vihaan Verma,Jaipur,False
5486,Aarav Verma,Hyderabad,False
5487,Vihaan Sharma,Lucknow,False
5488,Saanvi Verma,Delhi,False
5489,Advik Sharma,Ahmedabad,False
5490,Diya Sharma,Lucknow,False
5491,Aarav Singh,Delhi,False
5492,Advik Singh,Hyderabad,False
5493,Ananya Patel,Ahmedabad,True
5494,Advik Gupta,Kolkata,False
5495,Saanvi Singh,Bangalore,False
5496,Aarav Singh,Ahmedabad,False
5497,Saanvi Sharma,Chennai,False
5498,Diya Patel,Jaipur,False
5499,Vihaan Sharma,Ahmedabad,False
5500,Advik Verma,Ahmedabad,False
5501,Diya Verma,Ahmedabad,False
5502,Ananya Sharma,Lucknow,True
5503,Advik Verma,Bangalore,False
5504,Diya Verma,Mumbai,True
5505,Advik Verma,Kolkata,False
5506,Vihaan Verma,Bangalore,False
5507,Vihaan Sharma,Pune,True
5508,Ananya Singh,Pune,False
5509,Saanvi Verma,Jaipur,False
5510,Saanvi Sharma,Delhi,False
5511,Ananya Patel,Kolkata,False
5512,Saanvi Sharma,Lucknow,False
5513,Saanvi Sharma,Bangalore,True
5514,Vihaan Sharma,Pune,False
5515,Saanvi Verma,Hyderabad,False
5516,Vihaan Singh,Gurgaon,False
5517,Vihaan Sharma,Hyderabad,False
5518,Vihaan Sharma,Bangalore,False
5519,Diya Gupta,Mumbai,False
5520,Diya Verma,Mumbai,False
5521,Aarav Gupta,Jaipur,False
5522,Vihaan Singh,Gurgaon,False
5523,Diya Patel,Delhi,False
5524,Vihaan Verma,Delhi,False
5525,Saanvi Verma,Kolkata,True
5526,Saanvi Sharma,Gurgaon,False
5527,Advik Sharma,Bangalore,False
5528,Advik Verma,Delhi,False
5529,Aarav Gupta,Hyderabad,False
5530,Saanvi Patel,Pune,True
5531,Diya Singh,Bangalore,False
5532,Aarav Verma,Delhi,False
5533,Aarav Patel,Mumbai,False
5534,Advik Gupta,Noida,False
5535,Diya Singh,Mumbai,False
5536,Saanvi Singh,Bangalore,True
5537,Advik Singh,Chennai,False
5538,Ananya Patel,Pune,False
5539,Ananya Gupta,Lucknow,True
5540,Diya Singh,Hyderabad,False
5541,Advik Verma,Jaipur,False
5542,Diya Gupta,Mumbai,False
5543,Advik Singh,Bangalore,False
5544,Vihaan Verma,Noida,False
5545,Aarav Sharma,Pune,False
5546,Ananya Verma,Noida,False
5547,Saanvi Gupta,Lucknow,False
5548,Ananya Gupta,Lucknow,False
5549,Saanvi Patel,Ahmedabad,False
5550,Aarav Patel,Jaipur,False
5551,Advik Patel,Delhi,False
5552,Diya Verma,Lucknow,False
5553,Ananya Sharma,Lucknow,False
5554,Saanvi Singh,Pune,False
5555,Advik Gupta,Hyderabad,False
5556,Saanvi Gupta,Gurgaon,False
5557,Vihaan Gupta,Lucknow,True
5558,Advik Verma,Hyderabad,False
5559,Vihaan Sharma,Jaipur,False
5560,Aarav Gupta,Lucknow,False
5561,Diya Sharma,Chennai,False
5562,Ananya Gupta,Gurgaon,False
5563,Diya Patel,Lucknow,False
5564,Ananya Singh,Noida,False
5565,Saanvi Gupta,Jaipur,False
5566,Saanvi Gupta,Hyderabad,False
5567,Vihaan Singh,Chennai,False
5568,Ananya Singh,Noida,False
5569,Advik Patel,Noida,False
5570,Aarav Singh,Hyderabad,False
5571,Vihaan Sharma,Bangalore,False
5572,Ananya Sharma,Ahmedabad,False
5573,Aarav Patel,Chennai,False
5574,Advik Gupta,Ahmedabad,True
5575,Ananya Verma,Noida,False
5576,Ananya Gupta,Kolkata,False
5577,Ananya Singh,Bangalore,False
5578,Vihaan Sharma,Gurgaon,False
5579,Ananya Verma,Hyderabad,False
5580,Saanvi Patel,Delhi,False
5581,Diya Sharma,Pune,True
5582,Saanvi Gupta,Lucknow,False
5583,Vihaan Verma,Bangalore,False
5584,Aarav Gupta,Chennai,False
5585,Vihaan Sharma,Gurgaon,False
5586,Vihaan Singh,Hyderabad,False
5587,Saanvi Sharma,Mumbai,False
5588,Saanvi Sharma,Gurgaon,False
5589,Ananya Verma,Bangalore,False
5590,Aarav Gupta,Jaipur,False
5591,Aarav Patel,Pune,False
5592,Vihaan Gupta,Lucknow,False
5593,Vihaan Singh,Ahmedabad,False
5594,Ananya Gupta,Lucknow,False
5595,Saanvi Singh,Mumbai,False
5596,Vihaan Verma,Lucknow,False
5597,Saanvi Sharma,Jaipur,False
5598,Ananya Verma,Hyderabad,False
5599,Diya Singh,Bangalore,False
5600,Diya Gupta,Noida,False
5601,Diya Sharma,Delhi,False
5602,Aarav Sharma,Lucknow,False
5603,Vihaan Singh,Ahmedabad,True
5604,Ananya Gupta,Lucknow,False
5605,Aarav Sharma,Mumbai,False
5606,Diya Verma,Jaipur,False
5607,Ananya Verma,Chennai,False
5608,Vihaan Sharma,Noida,True
5609,Ananya Verma,Kolkata,False
5610,Aarav Verma,Noida,False
5611,Saanvi Sharma,Gurgaon,False
5612,Aarav Verma,Delhi,False
5613,Advik Gupta,Chennai,False
5614,Advik Singh,Bangalore,False
5615,Aarav Patel,Lucknow,False
5616,Saanvi Singh,Hyderabad,False
5617,Saanvi Gupta,Kolkata,False
5618,Saanvi Verma,Hyderabad,False
5619,Vihaan Singh,Hyderabad,False
5620,Vihaan Patel,Kolkata,False
5621,Aarav Gupta,Chennai,False
5622,Saanvi Verma,Chennai,False
5623,Vihaan Singh,Noida,True
5624,Ananya Sharma,Gurgaon,False
5625,Aarav Patel,Gurgaon,True
5626,Vihaan Singh,Kolkata,False
5627,Aarav Patel,Bangalore,False
5628,Vihaan Singh,Mumbai,True
5629,Diya Sharma,Bangalore,False
5630,Ananya Patel,Hyderabad,False
5631,Advik Patel,Lucknow,False
5632,Saanvi Sharma,Gurgaon,False
5633,Saanvi Singh,Jaipur,False
5634,Advik Gupta,Noida,False
5635,Ananya Singh,Pune,False
5636,Vihaan Verma,Jaipur,False
5637,Vihaan Verma,Jaipur,False
5638,Saanvi Sharma,Kolkata,False
5639,Vihaan Gupta,Ahmedabad,False
5640,Saanvi Patel,Bangalore,False
5641,Saanvi Verma,Bangalore,False
5642,Ananya Singh,Mumbai,False
5643,Advik Gupta,Hyderabad,False
5644,Aarav Singh,Hyderabad,False
5645,Saanvi Singh,Hyderabad,True
5646,Saanvi Sharma,Ahmedabad,True
5647,Diya Singh,Pune,False
5648,Vihaan Sharma,Gurgaon,False
5649,Vihaan Patel,Pune,False
5650,Saanvi Patel,Chennai,False
5651,Saanvi Sharma,Hyderabad,False
5652,Vihaan Singh,Lucknow,True
5653,Ananya Singh,Hyderabad,False
5654,Saanvi Singh,Lucknow,False
5655,Aarav Gupta,Jaipur,False
5656,Diya Sharma,Chennai,False
5657,Advik Sharma,Bangalore,False
5658,Saanvi Sharma,Chennai,True
5659,Saanvi Gupta,Delhi,True
5660,Saanvi Gupta,Chennai,False
5661,Aarav Patel,Lucknow,True
5662,Saanvi Singh,Kolkata,False
5663,Advik Gupta,Gurgaon,False
5664,Ananya Verma,Mumbai,False
5665,Aarav Verma,Mumbai,False
5666,Diya Verma,Lucknow,True
5667,Advik Singh,Delhi,False
5668,Saanvi Sharma,Bangalore,False
5669,Vihaan Patel,Hyderabad,False
5670,Diya Patel,Noida,False
5671,Advik Singh,Noida,True
5672,Advik Singh,Hyderabad,True
5673,Diya Singh,Gurgaon,False
5674,Advik Verma,Bangalore,False
5675,Diya Sharma,Gurgaon,False
5676,Saanvi Patel,Ahmedabad,False
5677,Diya Patel,Noida,False
5678,Saanvi Verma,Lucknow,False
5679,Saanvi Gupta,Hyderabad,False
5680,Aarav Singh,Chennai,False
5681,Aarav Patel,Lucknow,False
5682,Advik Gupta,Bangalore,False
5683,Vihaan Sharma,Bangalore,False
5684,Aarav Gupta,Mumbai,False
5685,Diya Singh,Pune,False
5686,Advik Singh,Pune,False
5687,Saanvi Sharma,Mumbai,False
5688,Advik Singh,Noida,False
5689,Advik Singh,Gurgaon,False
5690,Advik Singh,Kolkata,False
5691,Ananya Sharma,Noida,False
5692,Diya Gupta,Noida,False
5693,Aarav Gupta,Chennai,True
5694,Diya Verma,Chennai,False
5695,Vihaan Singh,Hyderabad,True
5696,Saanvi Singh,Pune,False
5697,Advik Verma,Gurgaon,False
5698,Aarav Patel,Lucknow,False
5699,Advik Singh,Hyderabad,False
5700,Aarav Gupta,Kolkata,False
5701,Aarav Verma,Chennai,False
5702,Vihaan Patel,Bangalore,False
5703,Saanvi Verma,Noida,False
5704,Aarav Gupta,Kolkata,False
5705,Advik Patel,Ahmedabad,False
5706,Ananya Patel,Noida,False
5707,Ananya Singh,Lucknow,False
5708,Ananya Gupta,Pune,False
5709,Ananya Verma,Pune,False
5710,Aarav Gupta,Kolkata,False
5711,Advik Patel,Kolkata,False
5712,Advik Verma,Jaipur,False
5713,Ananya Gupta,Kolkata,False
5714,Vihaan Patel,Pune,False
5715,Ananya Sharma,Ahmedabad,False
5716,Saanvi Patel,Bangalore,False
5717,Aarav Patel,Chennai,False
5718,Vihaan Patel,Jaipur,False
5719,Vihaan Patel,Lucknow,False
5720,Saanvi Patel,Kolkata,False
5721,Ananya Sharma,Hyderabad,False
5722,Aarav Patel,Gurgaon,False
5723,Saanvi Verma,Delhi,False
5724,Aarav Singh,Chennai,False
5725,Advik Gupta,Hyderabad,False
5726,Saanvi Singh,Chennai,False
5727,Advik Verma,Bangalore,True
5728,Aarav Sharma,Pune,False
5729,Diya Gupta,Noida,False
5730,Vihaan Patel,Hyderabad,False
5731,Aarav Verma,Jaipur,False
5732,Aarav Verma,Delhi,False
5733,Diya Gupta,Noida,False
5734,Advik Patel,Noida,False
5735,Advik Gupta,Lucknow,False
5736,Diya Sharma,Ahmedabad,False
5737,Aarav Patel,Kolkata,False
5738,Aarav Gupta,Jaipur,False
5739,Ananya Verma,Pune,False
5740,Diya Singh,Hyderabad,True
5741,Vihaan Patel,Ahmedabad,False
5742,Vihaan Gupta,Bangalore,False
5743,Diya Verma,Lucknow,False
5744,Aarav Verma,Hyderabad,False
5745,Ananya Verma,Pune,False
5746,Saanvi Sharma,Mumbai,False
5747,Saanvi Singh,Jaipur,False
5748,Advik Singh,Ahmedabad,False
5749,Aarav Patel,Lucknow,False
5750,Saanvi Verma,Kolkata,False
5751,Diya Patel,Mumbai,False
5752,Saanvi Sharma,Lucknow,False
5753,Diya Singh,Pune,True
5754,Ananya Verma,Mumbai,False
5755,Ananya Sharma,Bangalore,False
5756,Ananya Sharma,Bangalore,False
5757,Advik Patel,Pune,False
5758,Ananya Verma,Gurgaon,False
5759,Saanvi Verma,Hyderabad,False
5760,Advik Verma,Kolkata,False
5761,Aarav Verma,Mumbai,False
5762,Diya Patel,Delhi,False
5763,Aarav Verma,Mumbai,False
5764,Ananya Singh,Gurgaon,False
5765,Saanvi Sharma,Lucknow,False
5766,Diya Gupta,Mumbai,False
5767,Diya Verma,Gurgaon,False
5768,Ananya Gupta,Hyderabad,False
5769,Aarav Verma,Pune,False
5770,Vihaan Sharma,Delhi,False
5771,Vihaan Verma,Jaipur,False
5772,Ananya Singh,Bangalore,False
5773,Vihaan Gupta,Jaipur,False
5774,Vihaan Sharma,Bangalore,False
5775,Diya Sharma,Kolkata,False
5776,Aarav Sharma,Gurgaon,False
5777,Vihaan Verma,Pune,True
5778,Ananya Sharma,Gurgaon,False
5779,Saanvi Singh,Pune,False
5780,Advik Singh,Jaipur,False
5781,Aarav Singh,Lucknow,False
5782,Diya Gupta,Pune,False
5783,Advik Patel,Bangalore,False
5784,Aarav Singh,Chennai,False
5785,Vihaan Patel,Gurgaon,False
5786,Saanvi Singh,Lucknow,False
5787,Advik Sharma,Bangalore,False
5788,Advik Sharma,Kolkata,False
5789,Ananya Singh,Noida,False
5790,Ananya Gupta,Ahmedabad,False
5791,Vihaan Verma,Gurgaon,False
5792,Vihaan Singh,Kolkata,False
5793,Aarav Verma,Delhi,False
5794,Aarav Sharma,Delhi,False
5795,Advik Sharma,Hyderabad,False
5796,Saanvi Patel,Noida,False
5797,Saanvi Patel,Mumbai,False
5798,Aarav Singh,Mumbai,False
5799,Diya Gupta,Jaipur,True
5800,Saanvi Verma,Kolkata,False
5801,Aarav Patel,Kolkata,False
5802,Saanvi Gupta,Bangalore,False
5803,Saanvi Sharma,Gurgaon,False
5804,Vihaan Verma,Gurgaon,False
5805,Saanvi Gupta,Hyderabad,False
5806,Diya Verma,Bangalore,True
5807,Ananya Verma,Bangalore,False
5808,Vihaan Singh,Lucknow,False
5809,Ananya Patel,Lucknow,False
5810,Vihaan Verma,Jaipur,False
5811,Saanvi Patel,Hyderabad,False
5812,Ananya Gupta,Pune,False
5813,Aarav Gupta,Ahmedabad,False
5814,Diya Patel,Kolkata,False
5815,Ananya Sharma,Pune,False
5816,Vihaan Sharma,Chennai,False
5817,Diya Patel,Lucknow,False
5818,Advik Gupta,Hyderabad,False
5819,Diya Singh,Pune,False
5820,Vihaan Singh,Noida,False
5821,Vihaan Verma,Kolkata,False
5822,Diya Verma,Pune,False
5823,Diya Singh,Chennai,False
5824,Vihaan Gupta,Kolkata,False
5825,Diya Sharma,Noida,False
5826,Aarav Verma,Kolkata,False
5827,Saanvi Gupta,Kolkata,False
5828,Vihaan Verma,Kolkata,False
5829,Aarav Gupta,Noida,False
5830,Vihaan Patel,Chennai,False
5831,Saanvi Patel,Noida,False
5832,Vihaan Singh,Lucknow,False
5833,Vihaan Singh,Bangalore,False
5834,Saanvi Gupta,Lucknow,False
5835,Vihaan Sharma,Noida,False
5836,Ananya Gupta,Kolkata,False
5837,Saanvi Patel,Chennai,True
5838,Vihaan Sharma,Hyderabad,False
5839,Aarav Sharma,Pune,False
5840,Vihaan Verma,Delhi,False
5841,Aarav Verma,Bangalore,True
5842,Vihaan Sharma,Chennai,False
5843,Advik Sharma,Jaipur,False
5844,Vihaan Singh,Ahmedabad,False
5845,Diya Singh,Pune,False
5846,Aarav Patel,Delhi,False
5847,Ananya Patel,Ahmedabad,True
5848,Ananya Gupta,Bangalore,False
5849,Saanvi Sharma,Mumbai,False
5850,Vihaan Patel,Ahmedabad,False
5851,Diya Singh,Lucknow,False
5852,Vihaan Gupta,Ahmedabad,False
5853,Saanvi Singh,Lucknow,False
5854,Diya Gupta,Jaipur,False
5855,Diya Verma,Hyderabad,False
5856,Vihaan Sharma,Kolkata,False
5857,Diya Verma,Bangalore,True
5858,Vihaan Sharma,Pune,False
5859,Aarav Gupta,Bangalore,False
5860,Advik Verma,Delhi,False
5861,Diya Patel,Kolkata,False
5862,Saanvi Sharma,Delhi,False
5863,Advik Singh,Bangalore,False
5864,Diya Patel,Kolkata,False
5865,Advik Gupta,Kolkata,False
5866,Aarav Verma,Ahmedabad,False
5867,Aarav Patel,Mumbai,True
5868,Diya Singh,Noida,True
5869,Saanvi Verma,Jaipur,True
5870,Aarav Gupta,Hyderabad,False
5871,Advik Gupta,Hyderabad,False
5872,Vihaan Sharma,Mumbai,False
5873,Aarav Gupta,Bangalore,False
5874,Advik Verma,Ahmedabad,False
5875,Ananya Patel,Jaipur,False
5876,Diya Patel,Bangalore,False
5877,Advik Patel,Mumbai,True
5878,Diya Patel,Jaipur,False
5879,Diya Singh,Hyderabad,False
5880,Vihaan Patel,Hyderabad,False
5881,Advik Patel,Noida,False
5882,Vihaan Verma,Gurgaon,False
5883,Saanvi Sharma,Ahmedabad,False
5884,Aarav Patel,Noida,False
5885,Diya Sharma,Hyderabad,False
5886,Ananya Sharma,Mumbai,False
5887,Vihaan Verma,Lucknow,False
5888,Vihaan Verma,Hyderabad,False
5889,Vihaan Sharma,Lucknow,False
5890,Advik Verma,Chennai,False
5891,Diya Patel,Jaipur,False
5892,Advik Singh,Chennai,False
5893,Saanvi Sharma,Noida,False
5894,Diya Singh,Noida,True
5895,Aarav Singh,Lucknow,False
5896,Advik Verma,Mumbai,False
5897,Advik Patel,Delhi,False
5898,Ananya Verma,Delhi,False
5899,Diya Patel,Gurgaon,False
5900,Aarav Singh,Ahmedabad,False
5901,Ananya Patel,Noida,False
5902,Advik Verma,Ahmedabad,False
5903,Ananya Singh,Bangalore,False
5904,Aarav Verma,Jaipur,False
5905,Ananya Singh,Ahmedabad,False
5906,Vihaan Patel,Chennai,False
5907,Aarav Verma,Chennai,False
5908,Ananya Patel,Ahmedabad,False
5909,Vihaan Gupta,Chennai,False
5910,Ananya Singh,Lucknow,False
5911,Diya Gupta,Bangalore,False
5912,Advik Sharma,Gurgaon,False
5913,Diya Verma,Kolkata,False
5914,Advik Gupta,Delhi,False
5915,Advik Patel,Noida,False
5916,Advik Sharma,Ahmedabad,False
5917,Diya Gupta,Lucknow,False
5918,Ananya Patel,Chennai,False
5919,Advik Gupta,Noida,False
5920,Advik Verma,Kolkata,False
5921,Ananya Sharma,Noida,False
5922,Ananya Singh,Ahmedabad,False
5923,Ananya Verma,Noida,False
5924,Advik Patel,Delhi,False
5925,Ananya Patel,Ahmedabad,True
5926,Ananya Gupta,Mumbai,False
5927,Vihaan Patel,Noida,False
5928,Ananya Verma,Delhi,False
5929,Aarav Verma,Noida,False
5930,Diya Sharma,Noida,False
5931,Advik Patel,Mumbai,True
5932,Advik Verma,Pune,False
5933,Ananya Gupta,Ahmedabad,False
5934,Vihaan Sharma,Ahmedabad,False
5935,Advik Patel,Hyderabad,False
5936,Aarav Gupta,Gurgaon,False
5937,Advik Patel,Hyderabad,False
5938,Saanvi Singh,Pune,False
5939,Saanvi Sharma,Ahmedabad,False
5940,Vihaan Sharma,Bangalore,False
5941,Diya Gupta,Mumbai,True
5942,Vihaan Sharma,Lucknow,False
5943,Diya Singh,Delhi,False
5944,Advik Gupta,Lucknow,False
5945,Ananya Singh,Pune,True
5946,Ananya Patel,Hyderabad,False
5947,Advik Gupta,Noida,False
5948,Aarav Patel,Gurgaon,False
5949,Aarav Sharma,Ahmedabad,False
5950,Diya Sharma,Mumbai,False
5951,Vihaan Singh,Chennai,False
5952,Aarav Sharma,Hyderabad,False
5953,Ananya Gupta,Pune,False
5954,Advik Sharma,Noida,False
5955,Saanvi Gupta,Noida,False
5956,Diya Gupta,Bangalore,False
5957,Aarav Singh,Bangalore,False
5958,Vihaan Sharma,Chennai,False
5959,Advik Patel,Noida,False
5960,Vihaan Gupta,Noida,False
5961,Vihaan Verma,Delhi,False
5962,Ananya Verma,Hyderabad,False
5963,Saanvi Gupta,Gurgaon,False
5964,Ananya Singh,Pune,False
5965,Diya Gupta,Ahmedabad,False
5966,Ananya Gupta,Kolkata,False
5967,Diya Gupta,Bangalore,True
5968,Vihaan Patel,Hyderabad,False
5969,Diya Sharma,Bangalore,False
5970,Saanvi Gupta,Hyderabad,False
5971,Saanvi Patel,Mumbai,True
5972,Vihaan Singh,Bangalore,False
5973,Aarav Sharma,Jaipur,False
5974,Vihaan Verma,Lucknow,False
5975,Diya Verma,Noida,False
5976,Advik Patel,Jaipur,False
5977,Ananya Patel,Chennai,False
5978,Ananya Patel,Chennai,False
5979,Advik Gupta,Bangalore,False
5980,Ananya Verma,Jaipur,False
5981,Aarav Singh,Delhi,False
5982,Ananya Singh,Chennai,False
5983,Diya Sharma,Mumbai,False
5984,Aarav Patel,Lucknow,True
5985,Ananya Patel,Delhi,False
5986,Diya Gupta,Pune,False
5987,Ananya Verma,Chennai,False
5988,Ananya Singh,Ahmedabad,False
5989,Saanvi Gupta,Delhi,False
5990,Diya Sharma,Chennai,False
5991,Saanvi Patel,Gurgaon,False
5992,Ananya Patel,Hyderabad,True
5993,Vihaan Singh,Ahmedabad,False
5994,Vihaan Verma,Delhi,False
5995,Diya Sharma,Delhi,False
5996,Vihaan Patel,Kolkata,False
5997,Diya Sharma,Ahmedabad,False
5998,Advik Verma,Ahmedabad,True
5999,Vihaan Singh,Ahmedabad,False
6000,Aarav Gupta,Ahmedabad,False
6001,Ananya Sharma,Chennai,False
6002,Diya Gupta,Noida,False
6003,Saanvi Verma,Chennai,False
6004,Diya Patel,Mumbai,False
6005,Advik Sharma,Chennai,False
6006,Diya Verma,Pune,False
6007,Diya Singh,Delhi,False
6008,Diya Singh,Bangalore,False
6009,Diya Patel,Delhi,False
6010,Vihaan Verma,Noida,False
6011,Advik Patel,Pune,False
6012,Saanvi Singh,Pune,False
6013,Ananya Sharma,Kolkata,False
6014,Advik Sharma,Jaipur,True
6015,Aarav Patel,Kolkata,False
6016,Diya Verma,Kolkata,True
6017,Vihaan Gupta,Bangalore,True
6018,Aarav Patel,Kolkata,False
6019,Advik Gupta,Pune,False
6020,Ananya Singh,Pune,False
6021,Advik Patel,Pune,False
6022,Saanvi Patel,Jaipur,False
6023,Ananya Singh,Bangalore,False
6024,Ananya Singh,Chennai,False
6025,Advik Gupta,Ahmedabad,False
6026,Advik Sharma,Kolkata,True
6027,Vihaan Sharma,Gurgaon,False
6028,Diya Patel,Kolkata,False
6029,Saanvi Sharma,Bangalore,False
6030,Advik Verma,Lucknow,False
6031,Diya Sharma,Gurgaon,True
6032,Ananya Patel,Ahmedabad,False
6033,Ananya Gupta,Delhi,False
6034,Vihaan Singh,Gurgaon,False
6035,Vihaan Patel,Noida,False
6036,Aarav Sharma,Bangalore,False
6037,Saanvi Sharma,Hyderabad,False
6038,Ananya Singh,Ahmedabad,False
6039,Aarav Patel,Hyderabad,False
6040,Diya Patel,Delhi,False
6041,Ananya Patel,Mumbai,False
6042,Aarav Patel,Lucknow,False
6043,Saanvi Patel,Lucknow,False
6044,Aarav Singh,Gurgaon,False
6045,Ananya Gupta,Bangalore,False
6046,Diya Singh,Kolkata,False
6047,Ananya Sharma,Lucknow,False
6048,Ananya Patel,Ahmedabad,False
6049,Saanvi Singh,Jaipur,True
6050,Saanvi Gupta,Hyderabad,False
6051,Diya Sharma,Jaipur,False
6052,Aarav Patel,Hyderabad,False
6053,Aarav Sharma,Hyderabad,False
6054,Advik Verma,Kolkata,False
6055,Ananya Verma,Lucknow,False
6056,Ananya Sharma,Hyderabad,False
6057,Aarav Patel,Mumbai,False
6058,Ananya Patel,Delhi,False
6059,Saanvi Sharma,Mumbai,False
6060,Aarav Verma,Pune,False
6061,Diya Verma,Noida,True
6062,Ananya Patel,Gurgaon,False
6063,Diya Verma,Gurgaon,True
6064,Saanvi Gupta,Ahmedabad,False
6065,Diya Patel,Hyderabad,False
6066,Vihaan Patel,Mumbai,False
6067,Saanvi Gupta,Ahmedabad,False
6068,Diya Sharma,Chennai,False
6069,Ananya Singh,Lucknow,False
6070,Saanvi Gupta,Noida,False
6071,Vihaan Patel,Gurgaon,False
6072,Ananya Gupta,Delhi,False
6073,Ananya Verma,Noida,False
6074,Advik Sharma,Lucknow,False
6075,Advik Verma,Gurgaon,False
6076,Diya Sharma,Bangalore,False
6077,Diya Singh,Noida,True
6078,Vihaan Gupta,Bangalore,False
6079,Diya Gupta,Pune,True
6080,Saanvi Singh,Delhi,True
6081,Aarav Patel,Jaipur,False
6082,Ananya Verma,Chennai,False
6083,Saanvi Gupta,Noida,False
6084,Aarav Gupta,Delhi,True
6085,Saanvi Patel,Ahmedabad,True
6086,Diya Verma,Mumbai,False
6087,Diya Singh,Hyderabad,False
6088,Advik Sharma,Pune,False
6089,Saanvi Gupta,Gurgaon,False
6090,Advik Verma,Kolkata,False
6091,Vihaan Sharma,Kolkata,False
6092,Aarav Singh,Gurgaon,False
6093,Saanvi Patel,Lucknow,False
6094,Aarav Patel,Bangalore,False
6095,Advik Gupta,Kolkata,False
6096,Ananya Gupta,Chennai,False
6097,Saanvi Verma,Chennai,False
6098,Diya Verma,Gurgaon,False
6099,Ananya Verma,Mumbai,False
6100,Diya Patel,Ahmedabad,False
6101,Aarav Singh,Pune,False
6102,Aarav Verma,Pune,False
6103,Advik Patel,Ahmedabad,False
6104,Advik Singh,Hyderabad,False
6105,Diya Gupta,Ahmedabad,False
6106,Vihaan Verma,Noida,False
6107,Diya Singh,Mumbai,False
6108,Aarav Verma,Jaipur,True
6109,Aarav Patel,Delhi,False
6110,Ananya Verma,Ahmedabad,False
6111,Diya Sharma,Bangalore,False
6112,Diya Verma,Chennai,False
6113,Vihaan Sharma,Pune,True
6114,Vihaan Verma,Delhi,False
6115,Saanvi Gupta,Gurgaon,False
6116,Aarav Gupta,Pune,True
6117,Aarav Singh,Jaipur,False
6118,Saanvi Gupta,Delhi,False
6119,Vihaan Gupta,Chennai,False
6120,Vihaan Patel,Lucknow,True
6121,Advik Singh,Jaipur,False
6122,Aarav Verma,Bangalore,False
6123,Advik Singh,Mumbai,False
6124,Saanvi Patel,Gurgaon,False
6125,Diya Gupta,Kolkata,False
6126,Vihaan Verma,Chennai,True
6127,Diya Gupta,Bangalore,False
6128,Aarav Gupta,Jaipur,False
6129,Vihaan Verma,Noida,True
6130,Advik Patel,Mumbai,True
6131,Ananya Singh,Ahmedabad,False
6132,Saanvi Singh,Hyderabad,True
6133,Aarav Verma,Ahmedabad,False
6134,Saanvi Verma,Mumbai,False
6135,Vihaan Sharma,Mumbai,False
6136,Vihaan Singh,Noida,False
6137,Aarav Patel,Chennai,False
6138,Advik Patel,Mumbai,True
6139,Diya Singh,Kolkata,False
6140,Aarav Sharma,Gurgaon,False
6141,Ananya Patel,Mumbai,True
6142,Diya Verma,Kolkata,False
6143,Vihaan Sharma,Lucknow,False
6144,Vihaan Sharma,Delhi,False
6145,Diya Patel,Mumbai,False
6146,Diya Sharma,Lucknow,False
6147,Vihaan Verma,Delhi,True
6148,Ananya Gupta,Jaipur,False
6149,Saanvi Singh,Delhi,False
6150,Aarav Patel,Bangalore,False
6151,Aarav Singh,Mumbai,False
6152,Ananya Verma,Noida,True
6153,Vihaan Verma,Pune,False
6154,Vihaan Verma,Chennai,False
6155,Saanvi Singh,Mumbai,False
6156,Vihaan Verma,Kolkata,False
6157,Aarav Verma,Jaipur,False
6158,Saanvi Sharma,Kolkata,False
6159,Saanvi Singh,Gurgaon,False
6160,Diya Patel,Mumbai,False
6161,Vihaan Singh,Lucknow,False
6162,Ananya Sharma,Hyderabad,False
6163,Diya Singh,Delhi,False
6164,Advik Gupta,Jaipur,False
6165,Saanvi Verma,Pune,False
6166,Saanvi Gupta,Kolkata,False
6167,Aarav Singh,Mumbai,False
6168,Aarav Patel,Lucknow,False
6169,Advik Patel,Delhi,False
6170,Diya Patel,Noida,False
6171,Saanvi Gupta,Jaipur,False
6172,Advik Singh,Pune,False
6173,Diya Patel,Lucknow,False
6174,Vihaan Singh,Noida,False
6175,Aarav Patel,Ahmedabad,False
6176,Diya Gupta,Mumbai,False
6177,Vihaan Singh,Lucknow,False
6178,Aarav Patel,Delhi,False
6179,Diya Gupta,Kolkata,False
6180,Vihaan Sharma,Noida,False
6181,Aarav Singh,Kolkata,False
6182,Advik Verma,Noida,False
6183,Saanvi Verma,Hyderabad,False
6184,Vihaan Gupta,Ahmedabad,False
6185,Diya Gupta,Gurgaon,False
6186,Aarav Patel,Bangalore,False
6187,Advik Patel,Noida,False
6188,Diya Verma,Bangalore,False
6189,Aarav Verma,Delhi,False
6190,Vihaan Singh,Lucknow,False
6191,Vihaan Sharma,Chennai,False
6192,Aarav Verma,Hyderabad,True
6193,Aarav Sharma,Ahmedabad,False
6194,Vihaan Gupta,Jaipur,False
6195,Diya Singh,Hyderabad,False
6196,Advik Sharma,Mumbai,False
6197,Advik Patel,Delhi,False
6198,Aarav Singh,Mumbai,True
6199,Aarav Singh,Kolkata,False
6200,Saanvi Verma,Hyderabad,False
6201,Diya Verma,Gurgaon,False
6202,Advik Patel,Kolkata,False
6203,Saanvi Patel,Mumbai,False
6204,Advik Gupta,Pune,False
6205,Aarav Patel,Noida,False
6206,Ananya Singh,Hyderabad,True
6207,Aarav Patel,Kolkata,False
6208,Saanvi Verma,Hyderabad,False
6209,Aarav Verma,Gurgaon,True
6210,Aarav Patel,Delhi,False
6211,Saanvi Patel,Ahmedabad,False
6212,Saanvi Gupta,Chennai,False
6213,Advik Gupta,Bangalore,False
6214,Vihaan Gupta,Lucknow,True
6215,Ananya Verma,Chennai,False
6216,Ananya Singh,Noida,True
6217,Ananya Singh,Kolkata,False
6218,Ananya Gupta,Kolkata,False
6219,Ananya Singh,Noida,False
6220,Saanvi Sharma,Delhi,True
6221,Vihaan Gupta,Lucknow,False
6222,Vihaan Patel,Delhi,False
6223,Vihaan Verma,Lucknow,False
6224,Diya Patel,Pune,False
6225,Vihaan Singh,Bangalore,True
6226,Ananya Patel,Delhi,False
6227,Saanvi Gupta,Bangalore,False
6228,Ananya Verma,Noida,False
6229,Vihaan Gupta,Gurgaon,True
6230,Ananya Sharma,Bangalore,False
6231,Advik Verma,Ahmedabad,False
6232,Aarav Patel,Delhi,False
6233,Aarav Verma,Lucknow,False
6234,Ananya Patel,Mumbai,False
6235,Diya Sharma,Mumbai,True
6236,Advik Verma,Hyderabad,True
6237,Diya Singh,Mumbai,True
6238,Vihaan Patel,Hyderabad,False
6239,Diya Sharma,Mumbai,True
6240,Saanvi Verma,Hyderabad,False
6241,Vihaan Patel,Jaipur,False
6242,Saanvi Singh,Delhi,False
6243,Vihaan Sharma,Lucknow,False
6244,Advik Gupta,Mumbai,False
6245,Diya Singh,Chennai,False
6246,Saanvi Gupta,Pune,False
6247,Aarav Gupta,Lucknow,False
6248,Vihaan Singh,Noida,False
6249,Saanvi Gupta,Noida,False
6250,Aarav Sharma,Kolkata,True
6251,Vihaan Sharma,Chennai,False
6252,Saanvi Verma,Jaipur,False
6253,Vihaan Gupta,Hyderabad,False
6254,Diya Sharma,Gurgaon,False
6255,Advik Verma,Bangalore,False
6256,Aarav Verma,Gurgaon,False
6257,Vihaan Singh,Gurgaon,False
6258,Advik Singh,Noida,False
6259,Diya Gupta,Jaipur,False
6260,Vihaan Verma,Pune,False
6261,Advik Singh,Noida,False
6262,Diya Patel,Pune,False
6263,Ananya Singh,Gurgaon,False
6264,Saanvi Verma,Kolkata,True
6265,Vihaan Gupta,Mumbai,True
6266,Aarav Patel,Pune,False
6267,Diya Gupta,Bangalore,False
6268,Ananya Gupta,Hyderabad,False
6269,Ananya Singh,Jaipur,False
6270,Advik Verma,Delhi,False
6271,Ananya Singh,Pune,False
6272,Ananya Verma,Chennai,False
6273,Vihaan Sharma,Noida,False
6274,Ananya Gupta,Lucknow,False
6275,Aarav Sharma,Lucknow,False
6276,Diya Verma,Ahmedabad,False
6277,Advik Verma,Gurgaon,False
6278,Saanvi Singh,Hyderabad,False
6279,Ananya Patel,Pune,False
6280,Advik Verma,Jaipur,True
6281,Advik Gupta,Kolkata,False
6282,Advik Sharma,Noida,False
6283,Aarav Gupta,Delhi,False
6284,Aarav Verma,Delhi,False
6285,Ananya Gupta,Hyderabad,False
6286,Ananya Sharma,Jaipur,False
6287,Aarav Sharma,Jaipur,False
6288,Ananya Patel,Jaipur,False
6289,Diya Sharma,Hyderabad,False
6290,Aarav Patel,Noida,True
6291,Aarav Verma,Bangalore,True
6292,Saanvi Verma,Delhi,False
6293,Advik Patel,Kolkata,False
6294,Aarav Sharma,Delhi,False
6295,Aarav Sharma,Hyderabad,False
6296,Diya Sharma,Hyderabad,False
6297,Saanvi Singh,Jaipur,True
6298,Diya Patel,Noida,True
6299,Saanvi Sharma,Lucknow,False
6300,Vihaan Gupta,Lucknow,False
6301,Aarav Patel,Pune,True
6302,Saanvi Gupta,Lucknow,False
6303,Advik Gupta,Chennai,False
6304,Saanvi Sharma,Delhi,False
6305,Diya Gupta,Hyderabad,False
6306,Vihaan Sharma,Mumbai,False
6307,Vihaan Patel,Ahmedabad,False
6308,Diya Patel,Jaipur,True
6309,Vihaan Singh,Kolkata,False
6310,Saanvi Verma,Gurgaon,False
6311,Diya Sharma,Noida,True
6312,Saanvi Patel,Delhi,False
6313,Diya Verma,Bangalore,False
6314,Saanvi Patel,Kolkata,False
6315,Diya Gupta,Gurgaon,False
6316,Aarav Patel,Hyderabad,False
6317,Vihaan Sharma,Gurgaon,False
6318,Advik Sharma,Mumbai,False
6319,Ananya Patel,Mumbai,False
6320,Saanvi Patel,Chennai,False
6321,Diya Patel,Mumbai,True
6322,Saanvi Gupta,Lucknow,False
6323,Vihaan Verma,Hyderabad,False
6324,Vihaan Verma,Delhi,False
6325,Aarav Singh,Kolkata,False
6326,Diya Patel,Chennai,False
6327,Ananya Singh,Lucknow,False
6328,Diya Singh,Lucknow,False
6329,Aarav Singh,Kolkata,False
6330,Vihaan Patel,Chennai,False
6331,Vihaan Sharma,Chennai,True
6332,Aarav Singh,Pune,False
6333,Diya Sharma,Mumbai,False
6334,Aarav Verma,Hyderabad,False
6335,Saanvi Patel,Pune,False
6336,Vihaan Gupta,Hyderabad,False
6337,Saanvi Sharma,Kolkata,False
6338,Vihaan Patel,Bangalore,False
6339,Ananya Patel,Delhi,False
6340,Aarav Gupta,Delhi,False
6341,Advik Sharma,Mumbai,False
6342,Vihaan Sharma,Bangalore,False
6343,Aarav Singh,Gurgaon,False
6344,Saanvi Patel,Noida,False
6345,Diya Verma,Hyderabad,False
6346,Advik Gupta,Hyderabad,False
6347,Aarav Sharma,Mumbai,False
6348,Aarav Gupta,Gurgaon,False
6349,Vihaan Singh,Ahmedabad,False
6350,Advik Singh,Delhi,False
6351,Vihaan Patel,Chennai,False
6352,Aarav Verma,Ahmedabad,False
6353,Diya Singh,Chennai,False
6354,Vihaan Verma,Kolkata,False
6355,Advik Singh,Ahmedabad,True
6356,Ananya Gupta,Bangalore,False
6357,Saanvi Sharma,Lucknow,False
6358,Diya Verma,Hyderabad,False
6359,Aarav Verma,Pune,False
6360,Diya Gupta,Pune,False
6361,Diya Singh,Bangalore,True
6362,Aarav Singh,Delhi,True
6363,Vihaan Sharma,Ahmedabad,False
6364,Ananya Singh,Pune,False
6365,Diya Patel,Lucknow,False
6366,Diya Sharma,Hyderabad,True
6367,Ananya Gupta,Hyderabad,False
6368,Vihaan Singh,Pune,False
6369,Ananya Patel,Chennai,False
6370,Saanvi Verma,Noida,True
6371,Advik Verma,Chennai,False
6372,Diya Patel,Noida,False
6373,Diya Verma,Ahmedabad,False
6374,Ananya Sharma,Gurgaon,False
6375,Ananya Verma,Mumbai,False
6376,Diya Verma,Bangalore,False
6377,Aarav Verma,Chennai,False
6378,Advik Singh,Gurgaon,False
6379,Vihaan Gupta,Kolkata,False
6380,Advik Singh,Jaipur,False
6381,Diya Patel,Mumbai,False
6382,Saanvi Sharma,Pune,False
6383,Advik Singh,Kolkata,False
6384,Vihaan Sharma,Jaipur,False
6385,Ananya Verma,Pune,True
6386,Aarav Patel,Kolkata,False
6387,Diya Verma,Kolkata,False
6388,Aarav Gupta,Kolkata,False
6389,Diya Gupta,Mumbai,False
6390,Saanvi Gupta,Noida,False
6391,Saanvi Singh,Ahmedabad,False
6392,Diya Singh,Jaipur,False
6393,Ananya Verma,Noida,False
6394,Advik Sharma,Hyderabad,False
6395,Advik Gupta,Bangalore,False
6396,Diya Verma,Noida,False
6397,Vihaan Singh,Jaipur,False
6398,Aarav Verma,Bangalore,False
6399,Vihaan Singh,Delhi,False
6400,Aarav Singh,Chennai,False
6401,Diya Singh,Kolkata,False
6402,Diya Sharma,Noida,False
6403,Ananya Verma,Kolkata,False
6404,Ananya Sharma,Pune,False
6405,Advik Singh,Kolkata,False
6406,Aarav Gupta,Bangalore,False
6407,Diya Patel,Mumbai,False
6408,Vihaan Verma,Mumbai,False
6409,Saanvi Singh,Kolkata,False
6410,Aarav Sharma,Pune,False
6411,Diya Gupta,Gurgaon,False
6412,Aarav Singh,Ahmedabad,True
6413,Aarav Singh,Gurgaon,False
6414,Aarav Verma,Delhi,False
6415,Vihaan Singh,Mumbai,False
6416,Saanvi Sharma,Mumbai,False
6417,Vihaan Verma,Bangalore,False
6418,Diya Verma,Pune,False
6419,Diya Patel,Hyderabad,False
6420,Diya Verma,Kolkata,False
6421,Diya Singh,Hyderabad,False
6422,Aarav Patel,Hyderabad,False
6423,Aarav Singh,Chennai,False
6424,Vihaan Gupta,Kolkata,False
6425,Advik Gupta,Delhi,False
6426,Vihaan Patel,Hyderabad,False
6427,Saanvi Verma,Gurgaon,False
6428,Aarav Verma,Kolkata,False
6429,Diya Verma,Chennai,False
6430,Ananya Patel,Noida,True
6431,Diya Singh,Gurgaon,False
6432,Ananya Verma,Gurgaon,False
6433,Advik Gupta,Chennai,False
6434,Advik Singh,Pune,False
6435,Saanvi Patel,Chennai,True
6436,Saanvi Sharma,Ahmedabad,False
6437,Diya Gupta,Mumbai,False
6438,Diya Gupta,Noida,False
6439,Aarav Verma,Mumbai,False
6440,Saanvi Sharma,Kolkata,False
6441,Vihaan Patel,Mumbai,False
6442,Aarav Gupta,Pune,False
6443,Vihaan Patel,Mumbai,False
6444,Advik Patel,Mumbai,False
6445,Vihaan Verma,Chennai,False
6446,Vihaan Verma,Bangalore,True
6447,Vihaan Verma,Chennai,True
6448,Vihaan Gupta,Lucknow,False
6449,Ananya Sharma,Delhi,False
6450,Saanvi Verma,Chennai,False
6451,Saanvi Sharma,Hyderabad,False
6452,Advik Patel,Ahmedabad,False
6453,Ananya Verma,Kolkata,False
6454,Vihaan Verma,Bangalore,False
6455,Vihaan Singh,Bangalore,False
6456,Vihaan Sharma,Ahmedabad,True
6457,Advik Patel,Lucknow,False
6458,Vihaan Gupta,Pune,True
6459,Advik Sharma,Gurgaon,False
6460,Advik Singh,Chennai,False
6461,Advik Patel,Kolkata,False
6462,Aarav Sharma,Bangalore,False
6463,Diya Singh,Hyderabad,True
6464,Diya Gupta,Kolkata,False
6465,Vihaan Sharma,Mumbai,False
6466,Advik Gupta,Lucknow,True
6467,Vihaan Singh,Chennai,False
6468,Aarav Patel,Bangalore,False
6469,Diya Sharma,Jaipur,False
6470,Diya Gupta,Hyderabad,False
6471,Vihaan Singh,Pune,False
6472,Vihaan Patel,Lucknow,False
6473,Ananya Singh,Delhi,False
6474,Vihaan Sharma,Kolkata,False
6475,Diya Verma,Mumbai,True
6476,Advik Verma,Lucknow,False
6477,Advik Gupta,Chennai,False
6478,Ananya Sharma,Hyderabad,False
6479,Aarav Sharma,Chennai,False
6480,Ananya Gupta,Mumbai,False
6481,Ananya Verma,Jaipur,False
6482,Aarav Patel,Lucknow,False
6483,Vihaan Sharma,Ahmedabad,False
6484,Diya Patel,Gurgaon,False
6485,Ananya Singh,Kolkata,False
6486,Ananya Gupta,Bangalore,False
6487,Aarav Patel,Ahmedabad,False
6488,Ananya Gupta,Jaipur,False
6489,Aarav Patel,Bangalore,False
6490,Aarav Gupta,Ahmedabad,False
6491,Aarav Singh,Gurgaon,False
6492,Advik Verma,Hyderabad,False
6493,Vihaan Patel,Kolkata,False
6494,Diya Gupta,Delhi,False
6495,Advik Sharma,Bangalore,False
6496,Saanvi Patel,Lucknow,False
6497,Diya Gupta,Mumbai,False
6498,Ananya Patel,Chennai,False
6499,Advik Verma,Jaipur,False
6500,Ananya Singh,Jaipur,False
6501,Vihaan Singh,Bangalore,True
6502,Advik Gupta,Noida,False
6503,Saanvi Patel,Bangalore,False
6504,Vihaan Gupta,Jaipur,False
6505,Advik Singh,Bangalore,False
6506,Vihaan Verma,Chennai,True
6507,Aarav Patel,Bangalore,False
6508,Saanvi Singh,Bangalore,False
6509,Ananya Singh,Bangalore,False
6510,Vihaan Patel,Pune,False
6511,Saanvi Sharma,Delhi,False
6512,Vihaan Verma,Hyderabad,False
6513,Aarav Gupta,Kolkata,False
6514,Advik Sharma,Mumbai,False
6515,Saanvi Singh,Noida,False
6516,Saanvi Singh,Mumbai,False
6517,Diya Sharma,Pune,False
6518,Ananya Sharma,Kolkata,False
6519,Vihaan Verma,Delhi,False
6520,Ananya Sharma,Mumbai,False
6521,Advik Sharma,Mumbai,False
6522,Aarav Patel,Hyderabad,False
6523,Vihaan Patel,Kolkata,False
6524,Vihaan Gupta,Gurgaon,True
6525,Advik Verma,Noida,False
6526,Saanvi Sharma,Noida,False
6527,Advik Verma,Gurgaon,False
6528,Aarav Gupta,Noida,False
6529,Aarav Singh,Mumbai,False
6530,Diya Verma,Noida,False
6531,Saanvi Patel,Jaipur,False
6532,Aarav Sharma,Kolkata,False
6533,Diya Verma,Hyderabad,False
6534,Aarav Singh,Noida,False
6535,Vihaan Sharma,Hyderabad,False
6536,Vihaan Singh,Delhi,True
6537,Advik Gupta,Pune,False
6538,Diya Gupta,Bangalore,False
6539,Saanvi Sharma,Noida,False
6540,Ananya Sharma,Jaipur,False
6541,Vihaan Singh,Gurgaon,False
6542,Diya Patel,Chennai,False
6543,Diya Sharma,Noida,False
6544,Vihaan Gupta,Kolkata,False
6545,Advik Sharma,Pune,False
6546,Aarav Singh,Chennai,False
6547,Aarav Patel,Ahmedabad,False
6548,Aarav Singh,Kolkata,False
6549,Vihaan Verma,Pune,False
6550,Aarav Verma,Pune,False
6551,Diya Gupta,Pune,False
6552,Aarav Singh,Bangalore,False
6553,Ananya Singh,Chennai,False
6554,Advik Singh,Kolkata,False
6555,Advik Sharma,Bangalore,False
6556,Ananya Patel,Chennai,False
6557,Diya Verma,Noida,False
6558,Aarav Gupta,Jaipur,False
6559,Vihaan Patel,Noida,False
6560,Ananya Sharma,Lucknow,True
6561,Aarav Patel,Chennai,False
6562,Ananya Gupta,Gurgaon,False
6563,Ananya Verma,Delhi,False
6564,Ananya Verma,Chennai,False
6565,Advik Sharma,Mumbai,False
6566,Vihaan Singh,Ahmedabad,True
6567,Saanvi Singh,Mumbai,False
6568,Saanvi Singh,Jaipur,True
6569,Vihaan Singh,Ahmedabad,False
6570,Advik Gupta,Pune,False
6571,Aarav Singh,Jaipur,False
6572,Advik Singh,Lucknow,False
6573,Ananya Singh,Pune,False
6574,Diya Verma,Lucknow,False
6575,Vihaan Singh,Ahmedabad,False
6576,Aarav Gupta,Lucknow,False
6577,Saanvi Sharma,Ahmedabad,False
6578,Advik Patel,Kolkata,True
6579,Aarav Verma,Gurgaon,False
6580,Saanvi Verma,Kolkata,False
6581,Aarav Patel,Pune,False
6582,Saanvi Singh,Lucknow,False
6583,Advik Singh,Mumbai,False
6584,Vihaan Gupta,Noida,False
6585,Diya Sharma,Chennai,False
6586,Vihaan Verma,Gurgaon,False
6587,Diya Patel,Ahmedabad,False
6588,Aarav Singh,Gurgaon,False
6589,Saanvi Verma,Mumbai,False
6590,Diya Sharma,Ahmedabad,False
6591,Vihaan Verma,Noida,False
6592,Diya Patel,Lucknow,False
6593,Aarav Patel,Mumbai,False
6594,Diya Patel,Lucknow,False
6595,Ananya Verma,Ahmedabad,False
6596,Saanvi Patel,Mumbai,False
6597,Vihaan Patel,Noida,False
6598,Saanvi Verma,Jaipur,False
6599,Advik Patel,Gurgaon,False
6600,Aarav Gupta,Lucknow,False
6601,Aarav Gupta,Kolkata,False
6602,Aarav Singh,Mumbai,False
6603,Advik Singh,Jaipur,False
6604,Advik Singh,Lucknow,False
6605,Aarav Singh,Noida,False
6606,Aarav Sharma,Noida,False
6607,Advik Sharma,Gurgaon,False
6608,Advik Patel,Bangalore,False
6609,Advik Patel,Delhi,False
6610,Advik Patel,Bangalore,False
6611,Advik Verma,Noida,False
6612,Vihaan Verma,Gurgaon,True
6613,Saanvi Sharma,Ahmedabad,False
6614,Ananya Patel,Pune,False
6615,Advik Gupta,Bangalore,True
6616,Saanvi Patel,Ahmedabad,False
6617,Saanvi Verma,Delhi,False
6618,Vihaan Gupta,Pune,False
6619,Saanvi Patel,Jaipur,True
6620,Ananya Gupta,Kolkata,False
6621,Diya Singh,Mumbai,False
6622,Advik Verma,Delhi,False
6623,Advik Singh,Hyderabad,True
6624,Ananya Patel,Ahmedabad,False
6625,Ananya Verma,Ahmedabad,False
6626,Saanvi Gupta,Lucknow,False
6627,Aarav Verma,Jaipur,False
6628,Saanvi Sharma,Gurgaon,False
6629,Aarav Singh,Gurgaon,False
6630,Aarav Singh,Lucknow,False
6631,Saanvi Gupta,Lucknow,False
6632,Aarav Gupta,Lucknow,False
6633,Aarav Sharma,Noida,False
6634,Ananya Patel,Jaipur,False
6635,Saanvi Patel,Delhi,False
6636,Vihaan Singh,Mumbai,False
6637,Aarav Patel,Bangalore,False
6638,Ananya Sharma,Gurgaon,False
6639,Vihaan Sharma,Ahmedabad,False
6640,Aarav Patel,Lucknow,False
6641,Aarav Singh,Bangalore,False
6642,Advik Verma,Kolkata,False
6643,Advik Verma,Lucknow,False
6644,Ananya Gupta,Ahmedabad,False
6645,Aarav Sharma,Gurgaon,False
6646,Advik Patel,Chennai,False
6647,Vihaan Singh,Lucknow,False
6648,Aarav Singh,Ahmedabad,True
6649,Advik Sharma,Jaipur,False
6650,Diya Sharma,Bangalore,False
6651,Diya Singh,Bangalore,True
6652,Aarav Patel,Bangalore,False
6653,Vihaan Patel,Delhi,False
6654,Saanvi Verma,Noida,False
6655,Ananya Gupta,Pune,False
6656,Advik Singh,Lucknow,False
6657,Saanvi Gupta,Chennai,False
6658,Saanvi Singh,Mumbai,True
6659,Aarav Gupta,Lucknow,False
6660,Vihaan Gupta,Bangalore,False
6661,Ananya Verma,Noida,False
6662,Advik Sharma,Bangalore,False
6663,Diya Gupta,Hyderabad,True
6664,Advik Gupta,Kolkata,False
6665,Saanvi Sharma,Hyderabad,False
6666,Saanvi Singh,Mumbai,False
6667,Ananya Verma,Noida,False
6668,Saanvi Gupta,Mumbai,False
6669,Vihaan Singh,Pune,False
6670,Aarav Patel,Gurgaon,False
6671,Ananya Sharma,Hyderabad,False
6672,Saanvi Gupta,Ahmedabad,False
6673,Aarav Gupta,Jaipur,False
6674,Diya Verma,Ahmedabad,False
6675,Saanvi Singh,Noida,False
6676,Vihaan Verma,Hyderabad,False
6677,Diya Singh,Gurgaon,False
6678,Advik Patel,Noida,False
6679,Aarav Verma,Chennai,False
6680,Advik Singh,Lucknow,False
6681,Vihaan Sharma,Pune,False
6682,Advik Singh,Bangalore,False
6683,Diya Patel,Kolkata,False
6684,Diya Singh,Noida,True
6685,Diya Patel,Kolkata,False
6686,Vihaan Gupta,Noida,False
6687,Advik Patel,Lucknow,False
6688,Advik Patel,Jaipur,False
6689,Vihaan Gupta,Ahmedabad,False
6690,Diya Patel,Ahmedabad,False
6691,Diya Singh,Kolkata,False
6692,Diya Sharma,Pune,False
6693,Ananya Patel,Bangalore,True
6694,Ananya Patel,Hyderabad,True
6695,Vihaan Patel,Ahmedabad,False
6696,Advik Sharma,Bangalore,False
6697,Diya Sharma,Mumbai,True
6698,Aarav Gupta,Pune,True
6699,Saanvi Singh,Noida,False
6700,Advik Sharma,Pune,False
6701,Saanvi Verma,Mumbai,False
6702,Saanvi Patel,Delhi,False
6703,Aarav Sharma,Hyderabad,False
6704,Advik Singh,Chennai,False
6705,Saanvi Patel,Gurgaon,False
6706,Advik Patel,Ahmedabad,False
6707,Ananya Singh,Pune,False
6708,Saanvi Verma,Pune,False
6709,Ananya Patel,Jaipur,False
6710,Aarav Patel,Bangalore,False
6711,Vihaan Sharma,Kolkata,False
6712,Diya Singh,Kolkata,False
6713,Aarav Patel,Pune,False
6714,Advik Singh,Bangalore,False
6715,Advik Patel,Mumbai,False
6716,Ananya Singh,Ahmedabad,False
6717,Aarav Sharma,Gurgaon,False
6718,Vihaan Sharma,Gurgaon,False
6719,Diya Sharma,Ahmedabad,False
6720,Ananya Singh,Bangalore,False
6721,Saanvi Gupta,Mumbai,False
6722,Ananya Singh,Pune,False
6723,Vihaan Gupta,Hyderabad,False
6724,Saanvi Verma,Gurgaon,False
6725,Ananya Singh,Delhi,True
6726,Diya Singh,Gurgaon,False
6727,Vihaan Sharma,Gurgaon,False
6728,Ananya Sharma,Hyderabad,False
6729,Advik Verma,Mumbai,False
6730,Ananya Patel,Jaipur,False
6731,Advik Sharma,Kolkata,False
6732,Diya Verma,Hyderabad,False
6733,Vihaan Gupta,Jaipur,False
6734,Ananya Gupta,Pune,False
6735,Ananya Patel,Kolkata,True
6736,Ananya Singh,Noida,True
6737,Saanvi Patel,Noida,False
6738,Vihaan Gupta,Delhi,False
6739,Aarav Singh,Noida,False
6740,Advik Sharma,Gurgaon,False
6741,Saanvi Patel,Chennai,True
6742,Saanvi Verma,Lucknow,False
6743,Advik Patel,Chennai,True
6744,Ananya Singh,Hyderabad,False
6745,Aarav Patel,Delhi,False
6746,Ananya Patel,Mumbai,False
6747,Advik Sharma,Jaipur,False
6748,Aarav Gupta,Gurgaon,False
6749,Saanvi Patel,Noida,False
6750,Vihaan Patel,Lucknow,False
6751,Diya Sharma,Lucknow,False
6752,Diya Sharma,Mumbai,False
6753,Advik Verma,Mumbai,False
6754,Ananya Gupta,Delhi,False
6755,Aarav Verma,Kolkata,False
6756,Saanvi Patel,Bangalore,False
6757,Advik Sharma,Lucknow,False
6758,Diya Singh,Bangalore,False
6759,Saanvi Sharma,Hyderabad,False
6760,Advik Patel,Noida,False
6761,Ananya Sharma,Lucknow,False
6762,Advik Sharma,Bangalore,False
6763,Vihaan Patel,Jaipur,False
6764,Diya Gupta,Jaipur,False
6765,Advik Verma,Hyderabad,False
6766,Ananya Singh,Bangalore,False
6767,Vihaan Patel,Gurgaon,False
6768,Aarav Patel,Ahmedabad,False
6769,Diya Singh,Mumbai,False
6770,Advik Patel,Gurgaon,False
6771,Aarav Patel,Bangalore,True
6772,Saanvi Sharma,Kolkata,False
6773,Aarav Patel,Jaipur,False
6774,Saanvi Gupta,Hyderabad,True
6775,Vihaan Verma,Noida,False
6776,Aarav Gupta,Ahmedabad,False
6777,Ananya Patel,Mumbai,False
6778,Diya Verma,Bangalore,False
6779,Aarav Patel,Lucknow,False
6780,Ananya Singh,Lucknow,False
6781,Vihaan Verma,Mumbai,False
6782,Advik Singh,Lucknow,True
6783,Diya Gupta,Chennai,False
6784,Ananya Singh,Jaipur,False
6785,Aarav Patel,Lucknow,False
6786,Vihaan Verma,Delhi,False
6787,Aarav Gupta,Noida,False
6788,Advik Patel,Chennai,False
6789,Advik Gupta,Noida,False
6790,Diya Singh,Noida,False
6791,Diya Verma,Hyderabad,False
6792,Advik Singh,Mumbai,False
6793,Aarav Verma,Jaipur,False
6794,Saanvi Patel,Pune,True
6795,Ananya Singh,Ahmedabad,False
6796,Aarav Verma,Noida,False
6797,Aarav Gupta,Mumbai,False
6798,Aarav Singh,Noida,False
6799,Aarav Gupta,Mumbai,False
6800,Advik Sharma,Lucknow,False
6801,Ananya Sharma,Kolkata,False
6802,Aarav Sharma,Hyderabad,False
6803,Advik Sharma,Bangalore,True
6804,Saanvi Verma,Lucknow,True
6805,Ananya Verma,Mumbai,False
6806,Ananya Verma,Jaipur,False
6807,Diya Gupta,Kolkata,False
6808,Advik Gupta,Hyderabad,False
6809,Advik Verma,Noida,True
6810,Advik Patel,Noida,True
6811,Diya Gupta,Gurgaon,False
6812,Saanvi Gupta,Pune,False
6813,Saanvi Patel,Bangalore,True
6814,Ananya Patel,Kolkata,False
6815,Ananya Gupta,Hyderabad,False
6816,Aarav Patel,Mumbai,False
6817,Aarav Patel,Kolkata,False
6818,Saanvi Gupta,Ahmedabad,False
6819,Ananya Gupta,Noida,False
6820,Vihaan Verma,Kolkata,False
6821,Ananya Verma,Delhi,False
6822,Diya Sharma,Chennai,False
6823,Diya Sharma,Hyderabad,False
6824,Diya Sharma,Noida,False
6825,Ananya Patel,Noida,True
6826,Aarav Gupta,Gurgaon,False
6827,Vihaan Singh,Noida,True
6828,Vihaan Gupta,Delhi,False
6829,Ananya Sharma,Delhi,False
6830,Vihaan Sharma,Delhi,False
6831,Saanvi Sharma,Noida,False
6832,Aarav Gupta,Noida,True
6833,Advik Singh,Kolkata,True
6834,Vihaan Verma,Pune,False
6835,Vihaan Verma,Kolkata,False
6836,Diya Patel,Pune,True
6837,Diya Gupta,Jaipur,False
6838,Vihaan Sharma,Lucknow,False
6839,Saanvi Singh,Kolkata,True
6840,Saanvi Singh,Delhi,False
6841,Saanvi Sharma,Lucknow,False
6842,Saanvi Patel,Ahmedabad,False
6843,Saanvi Gupta,Jaipur,False
6844,Vihaan Singh,Chennai,False
6845,Aarav Patel,Hyderabad,False
6846,Ananya Patel,Gurgaon,False
6847,Saanvi Patel,Gurgaon,False
6848,Aarav Gupta,Lucknow,False
6849,Vihaan Verma,Jaipur,False
6850,Diya Sharma,Ahmedabad,False
6851,Aarav Sharma,Kolkata,False
6852,Aarav Patel,Chennai,False
6853,Vihaan Verma,Hyderabad,False
6854,Vihaan Patel,Jaipur,False
6855,Saanvi Verma,Hyderabad,False
6856,Diya Gupta,Pune,True
6857,Advik Verma,Chennai,False
6858,Vihaan Singh,Gurgaon,False
6859,Advik Verma,Pune,False
6860,Diya Verma,Kolkata,False
6861,Vihaan Verma,Jaipur,False
6862,Ananya Verma,Mumbai,False
6863,Saanvi Verma,Mumbai,False
6864,Ananya Sharma,Delhi,False
6865,Vihaan Verma,Bangalore,False
6866,Ananya Verma,Hyderabad,False
6867,Diya Sharma,Kolkata,False
6868,Vihaan Patel,Mumbai,False
6869,Diya Gupta,Chennai,False
6870,Ananya Gupta,Jaipur,False
6871,Diya Sharma,Gurgaon,False
6872,Advik Patel,Kolkata,True
6873,Advik Verma,Delhi,True
6874,Saanvi Singh,Pune,False
6875,Vihaan Verma,Bangalore,False
6876,Diya Verma,Bangalore,False
6877,Diya Singh,Hyderabad,False
6878,Aarav Singh,Jaipur,False
6879,Aarav Singh,Noida,False
6880,Saanvi Singh,Mumbai,False
6881,Diya Sharma,Hyderabad,False
6882,Aarav Verma,Noida,False
6883,Ananya Patel,Chennai,False
6884,Advik Gupta,Bangalore,False
6885,Aarav Sharma,Lucknow,False
6886,Saanvi Gupta,Jaipur,True
6887,Diya Gupta,Mumbai,False
6888,Diya Singh,Chennai,False
6889,Diya Singh,Noida,False
6890,Advik Sharma,Noida,False
6891,Aarav Sharma,Hyderabad,False
6892,Vihaan Patel,Lucknow,False
6893,Saanvi Singh,Pune,False
6894,Saanvi Sharma,Pune,False
6895,Ananya Gupta,Kolkata,False
6896,Advik Verma,Delhi,False
6897,Vihaan Patel,Jaipur,False
6898,Saanvi Singh,Jaipur,False
6899,Advik Gupta,Kolkata,False
6900,Ananya Patel,Jaipur,False
6901,Aarav Patel,Jaipur,False
6902,Ananya Gupta,Mumbai,False
6903,Advik Verma,Bangalore,False
6904,Diya Gupta,Hyderabad,False
6905,Saanvi Verma,Kolkata,False
6906,Diya Sharma,Bangalore,False
6907,Saanvi Patel,Kolkata,False
6908,Advik Sharma,Lucknow,False
6909,Aarav Gupta,Kolkata,False
6910,Ananya Verma,Pune,True
6911,Saanvi Sharma,Bangalore,False
6912,Diya Verma,Bangalore,False
6913,Advik Patel,Jaipur,False
6914,Diya Gupta,Bangalore,False
6915,Saanvi Verma,Chennai,False
6916,Diya Patel,Jaipur,False
6917,Advik Patel,Ahmedabad,False
6918,Vihaan Verma,Gurgaon,False
6919,Advik Singh,Mumbai,False
6920,Advik Gupta,Delhi,False
6921,Aarav Singh,Jaipur,True
6922,Saanvi Verma,Jaipur,False
6923,Advik Gupta,Noida,False
6924,Saanvi Patel,Kolkata,False
6925,Ananya Singh,Mumbai,False
6926,Ananya Patel,Noida,False
6927,Advik Gupta,Kolkata,False
6928,Diya Verma,Lucknow,False
6929,Aarav Patel,Gurgaon,False
6930,Diya Sharma,Mumbai,False
6931,Aarav Patel,Bangalore,False
6932,Diya Singh,Bangalore,True
6933,Diya Gupta,Chennai,False
6934,Saanvi Singh,Lucknow,False
6935,Ananya Gupta,Gurgaon,False
6936,Advik Singh,Chennai,False
6937,Ananya Singh,Chennai,True
6938,Vihaan Gupta,Gurgaon,False
6939,Aarav Sharma,Mumbai,False
6940,Diya Gupta,Ahmedabad,False
6941,Diya Patel,Bangalore,False
6942,Aarav Gupta,Delhi,False
6943,Ananya Gupta,Chennai,False
6944,Vihaan Gupta,Pune,False
6945,Advik Patel,Kolkata,False
6946,Ananya Sharma,Bangalore,False
6947,Vihaan Verma,Ahmedabad,False
6948,Advik Singh,Mumbai,False
6949,Vihaan Gupta,Gurgaon,False
6950,Saanvi Sharma,Gurgaon,True
6951,Vihaan Singh,Hyderabad,True
6952,Advik Gupta,Pune,False
6953,Vihaan Patel,Lucknow,False
6954,Vihaan Sharma,Jaipur,False
6955,Aarav Patel,Kolkata,False
6956,Vihaan Sharma,Kolkata,False
6957,Ananya Sharma,Hyderabad,False
6958,Advik Sharma,Kolkata,False
6959,Saanvi Sharma,Kolkata,False
6960,Diya Patel,Gurgaon,False
6961,Ananya Gupta,Bangalore,False
6962,Aarav Verma,Chennai,False
6963,Ananya Patel,Mumbai,False
6964,Aarav Singh,Hyderabad,False
6965,Diya Singh,Pune,False
6966,Aarav Patel,Chennai,False
6967,Saanvi Verma,Kolkata,False
6968,Aarav Gupta,Kolkata,False
6969,Advik Sharma,Bangalore,False
6970,Diya Sharma,Bangalore,False
6971,Ananya Gupta,Bangalore,False
6972,Aarav Verma,Delhi,False
6973,Advik Patel,Bangalore,False
6974,Ananya Patel,Mumbai,False
6975,Ananya Verma,Mumbai,False
6976,Advik Singh,Lucknow,False
6977,Ananya Patel,Noida,False
6978,Advik Gupta,Delhi,False
6979,Aarav Patel,Noida,False
6980,Saanvi Patel,Jaipur,False
6981,Aarav Patel,Ahmedabad,False
6982,Vihaan Patel,Chennai,False
6983,Advik Singh,Jaipur,False
6984,Ananya Sharma,Kolkata,False
6985,Vihaan Verma,Bangalore,False
6986,Diya Sharma,Jaipur,False
6987,Saanvi Patel,Noida,False
6988,Ananya Verma,Gurgaon,False
6989,Diya Gupta,Ahmedabad,False
6990,Diya Verma,Jaipur,True
6991,Diya Verma,Kolkata,False
6992,Saanvi Sharma,Chennai,True
6993,Advik Sharma,Gurgaon,False
6994,Vihaan Gupta,Bangalore,False
6995,Ananya Gupta,Kolkata,False
6996,Advik Patel,Kolkata,False
6997,Diya Verma,Hyderabad,False
6998,Saanvi Verma,Hyderabad,False
6999,Aarav Singh,Kolkata,False
7000,Advik Sharma,Bangalore,False
7001,Vihaan Singh,Lucknow,False
7002,Aarav Sharma,Jaipur,False
7003,Diya Gupta,Pune,False
7004,Saanvi Patel,Lucknow,False
7005,Aarav Patel,Pune,False
7006,Diya Patel,Chennai,False
7007,Aarav Singh,Noida,False
7008,Ananya Verma,Kolkata,False
7009,Advik Patel,Kolkata,False
7010,Diya Verma,Gurgaon,False
7011,Ananya Patel,Delhi,False
7012,Advik Sharma,Ahmedabad,False
7013,Ananya Patel,Kolkata,False
7014,Saanvi Singh,Bangalore,False
7015,Advik Verma,Ahmedabad,False
7016,Advik Singh,Noida,False
7017,Aarav Verma,Mumbai,False
7018,Diya Sharma,Bangalore,False
7019,Diya Sharma,Bangalore,False
7020,Saanvi Patel,Mumbai,False
7021,Ananya Sharma,Ahmedabad,False
7022,Advik Sharma,Bangalore,False
7023,Saanvi Patel,Ahmedabad,False
7024,Saanvi Sharma,Ahmedabad,False
7025,Aarav Singh,Mumbai,False
7026,Diya Patel,Mumbai,False
7027,Aarav Singh,Kolkata,False
7028,Diya Verma,Kolkata,False
7029,Diya Patel,Kolkata,False
7030,Vihaan Gupta,Jaipur,False
7031,Diya Gupta,Kolkata,False
7032,Aarav Verma,Jaipur,False
7033,Diya Singh,Chennai,False
7034,Advik Singh,Ahmedabad,False
7035,Vihaan Verma,Chennai,False
7036,Diya Sharma,Gurgaon,False
7037,Saanvi Sharma,Bangalore,False
7038,Saanvi Verma,Delhi,False
7039,Ananya Sharma,Lucknow,False
7040,Ananya Singh,Lucknow,False
7041,Ananya Verma,Lucknow,True
7042,Diya Patel,Kolkata,False
7043,Saanvi Verma,Ahmedabad,False
7044,Ananya Gupta,Mumbai,False
7045,Advik Patel,Hyderabad,False
7046,Aarav Gupta,Delhi,False
7047,Diya Sharma,Lucknow,False
7048,Aarav Verma,Hyderabad,False
7049,Ananya Sharma,Hyderabad,False
7050,Diya Sharma,Chennai,False
7051,Diya Patel,Kolkata,True
7052,Aarav Patel,Lucknow,False
7053,Diya Patel,Gurgaon,False
7054,Vihaan Verma,Lucknow,False
7055,Saanvi Gupta,Chennai,False
7056,Ananya Gupta,Noida,False
7057,Advik Gupta,Mumbai,False
7058,Vihaan Singh,Jaipur,False
7059,Ananya Sharma,Delhi,False
7060,Vihaan Patel,Chennai,False
7061,Diya Patel,Lucknow,False
7062,Aarav Gupta,Kolkata,False
7063,Ananya Singh,Jaipur,False
7064,Advik Verma,Lucknow,False
7065,Aarav Patel,Noida,False
7066,Saanvi Verma,Jaipur,True
7067,Advik Sharma,Chennai,False
7068,Saanvi Gupta,Lucknow,False
7069,Vihaan Verma,Bangalore,False
7070,Diya Gupta,Delhi,False
7071,Saanvi Gupta,Ahmedabad,False
7072,Diya Singh,Mumbai,False
7073,Vihaan Gupta,Pune,False
7074,Diya Gupta,Noida,False
7075,Aarav Gupta,Jaipur,False
7076,Ananya Patel,Pune,False
7077,Saanvi Singh,Pune,False
7078,Advik Sharma,Noida,True
7079,Aarav Gupta,Mumbai,False
7080,Vihaan Sharma,Ahmedabad,False
7081,Diya Patel,Ahmedabad,True
7082,Ananya Sharma,Hyderabad,False
7083,Ananya Gupta,Lucknow,False
7084,Saanvi Sharma,Jaipur,False
7085,Advik Verma,Jaipur,False
7086,Diya Gupta,Mumbai,False
7087,Vihaan Patel,Jaipur,False
7088,Advik Singh,Pune,False
7089,Vihaan Verma,Mumbai,False
7090,Diya Gupta,Jaipur,True
7091,Saanvi Patel,Noida,False
7092,Vihaan Sharma,Ahmedabad,False
7093,Diya Singh,Gurgaon,False
7094,Advik Singh,Noida,False
7095,Aarav Sharma,Bangalore,False
7096,Saanvi Singh,Hyderabad,False
7097,Aarav Verma,Bangalore,False
7098,Saanvi Verma,Pune,False
7099,Advik Sharma,Delhi,False
7100,Vihaan Singh,Noida,False
7101,Diya Singh,Chennai,False
7102,Aarav Sharma,Gurgaon,False
7103,Advik Sharma,Chennai,False
7104,Ananya Gupta,Noida,False
7105,Ananya Sharma,Kolkata,False
7106,Vihaan Gupta,Delhi,False
7107,Diya Gupta,Noida,False
7108,Vihaan Singh,Mumbai,False
7109,Diya Verma,Gurgaon,False
7110,Diya Verma,Delhi,False
7111,Ananya Singh,Kolkata,False
7112,Ananya Patel,Bangalore,False
7113,Diya Singh,Noida,False
7114,Ananya Sharma,Pune,False
7115,Aarav Verma,Ahmedabad,False
7116,Vihaan Gupta,Chennai,True
7117,Saanvi Verma,Pune,False
7118,Saanvi Gupta,Ahmedabad,False
7119,Vihaan Verma,Ahmedabad,False
7120,Vihaan Patel,Mumbai,False
7121,Vihaan Verma,Delhi,False
7122,Ananya Gupta,Noida,False
7123,Saanvi Sharma,Chennai,False
7124,Ananya Patel,Hyderabad,False
7125,Aarav Sharma,Pune,False
7126,Advik Singh,Ahmedabad,False
7127,Advik Gupta,Hyderabad,True
7128,Saanvi Sharma,Pune,True
7129,Ananya Gupta,Hyderabad,False
7130,Saanvi Singh,Noida,True
7131,Vihaan Sharma,Jaipur,False
7132,Ananya Patel,Mumbai,True
7133,Saanvi Patel,Gurgaon,False
7134,Aarav Gupta,Hyderabad,False
7135,Ananya Sharma,Delhi,False
7136,Diya Singh,Ahmedabad,False
7137,Saanvi Sharma,Mumbai,False
7138,Advik Sharma,Ahmedabad,False
7139,Aarav Patel,Lucknow,False
7140,Advik Gupta,Noida,False
7141,Ananya Singh,Mumbai,False
7142,Advik Sharma,Bangalore,False
7143,Advik Verma,Hyderabad,False
7144,Saanvi Sharma,Chennai,False
7145,Vihaan Verma,Mumbai,False
7146,Aarav Verma,Hyderabad,True
7147,Advik Singh,Chennai,False
7148,Saanvi Gupta,Jaipur,True
7149,Ananya Verma,Bangalore,False
7150,Aarav Sharma,Pune,False
7151,Aarav Singh,Noida,False
7152,Aarav Gupta,Delhi,False
7153,Saanvi Patel,Kolkata,False
7154,Aarav Singh,Noida,False
7155,Vihaan Patel,Bangalore,False
7156,Vihaan Gupta,Mumbai,True
7157,Ananya Verma,Kolkata,False
7158,Saanvi Verma,Mumbai,False
7159,Vihaan Sharma,Delhi,False
7160,Saanvi Patel,Mumbai,False
7161,Aarav Verma,Pune,False
7162,Vihaan Verma,Kolkata,False
7163,Vihaan Verma,Chennai,False
7164,Diya Sharma,Hyderabad,False
7165,Saanvi Patel,Pune,False
7166,Diya Gupta,Chennai,False
7167,Ananya Verma,Ahmedabad,False
7168,Ananya Patel,Gurgaon,False
7169,Aarav Verma,Pune,False
7170,Diya Singh,Hyderabad,False
7171,Saanvi Sharma,Jaipur,False
7172,Ananya Verma,Noida,False
7173,Saanvi Singh,Lucknow,False
7174,Vihaan Gupta,Lucknow,False
7175,Saanvi Gupta,Bangalore,False
7176,Vihaan Gupta,Noida,False
7177,Aarav Gupta,Jaipur,False
7178,Diya Singh,Chennai,False
7179,Advik Sharma,Pune,False
7180,Diya Verma,Chennai,False
7181,Saanvi Patel,Mumbai,False
7182,Diya Singh,Pune,False
7183,Diya Gupta,Hyderabad,False
7184,Advik Gupta,Bangalore,False
7185,Diya Gupta,Noida,False
7186,Ananya Verma,Chennai,False
7187,Advik Singh,Bangalore,False
7188,Advik Patel,Chennai,False
7189,Vihaan Gupta,Hyderabad,False
7190,Saanvi Singh,Gurgaon,False
7191,Vihaan Gupta,Delhi,False
7192,Aarav Verma,Lucknow,False
7193,Saanvi Singh,Hyderabad,False
7194,Advik Verma,Chennai,False
7195,Saanvi Gupta,Noida,False
7196,Advik Singh,Hyderabad,False
7197,Aarav Singh,Delhi,False
7198,Advik Verma,Pune,False
7199,Advik Verma,Kolkata,False
7200,Advik Sharma,Noida,True
7201,Vihaan Patel,Delhi,False
7202,Advik Verma,Jaipur,False
7203,Aarav Verma,Mumbai,False
7204,Vihaan Singh,Bangalore,False
7205,Diya Verma,Mumbai,False
7206,Ananya Patel,Kolkata,False
7207,Diya Patel,Jaipur,True
7208,Vihaan Singh,Jaipur,False
7209,Vihaan Sharma,Bangalore,False
7210,Ananya Singh,Hyderabad,False
7211,Ananya Singh,Noida,False
7212,Saanvi Gupta,Bangalore,False
7213,Saanvi Verma,Noida,False
7214,Ananya Gupta,Noida,False
7215,Vihaan Patel,Delhi,False
7216,Saanvi Patel,Kolkata,False
7217,Ananya Sharma,Hyderabad,False
7218,Advik Gupta,Ahmedabad,False
7219,Aarav Sharma,Bangalore,False
7220,Saanvi Singh,Jaipur,False
7221,Diya Sharma,Kolkata,False
7222,Saanvi Sharma,Noida,False
7223,Advik Verma,Hyderabad,False
7224,Advik Sharma,Mumbai,False
7225,Diya Sharma,Bangalore,False
7226,Advik Sharma,Delhi,False
7227,Saanvi Verma,Kolkata,False
7228,Saanvi Patel,Mumbai,False
7229,Aarav Verma,Hyderabad,False
7230,Ananya Verma,Gurgaon,False
7231,Diya Singh,Lucknow,False
7232,Saanvi Gupta,Ahmedabad,False
7233,Ananya Sharma,Kolkata,False
7234,Saanvi Gupta,Delhi,False
7235,Aarav Singh,Gurgaon,False
7236,Aarav Sharma,Pune,False
7237,Aarav Sharma,Noida,True
7238,Ananya Patel,Lucknow,False
7239,Saanvi Sharma,Mumbai,True
7240,Ananya Verma,Mumbai,False
7241,Advik Singh,Noida,False
7242,Diya Patel,Mumbai,False
7243,Aarav Patel,Kolkata,True
7244,Ananya Verma,Delhi,False
7245,Vihaan Gupta,Ahmedabad,False
7246,Ananya Gupta,Ahmedabad,False
7247,Vihaan Sharma,Hyderabad,False
7248,Aarav Singh,Mumbai,False
7249,Advik Sharma,Gurgaon,False
7250,Advik Sharma,Hyderabad,False
7251,Diya Sharma,Delhi,False
7252,Diya Sharma,Jaipur,False
7253,Diya Sharma,Hyderabad,False
7254,Saanvi Sharma,Kolkata,False
7255,Aarav Verma,Pune,False
7256,Saanvi Sharma,Bangalore,False
7257,Advik Patel,Lucknow,True
7258,Aarav Sharma,Bangalore,False
7259,Diya Gupta,Chennai,False
7260,Diya Sharma,Kolkata,False
7261,Diya Singh,Ahmedabad,False
7262,Diya Gupta,Noida,False
7263,Aarav Verma,Ahmedabad,False
7264,Aarav Sharma,Lucknow,False
7265,Advik Sharma,Lucknow,False
7266,Aarav Patel,Pune,False
7267,Saanvi Verma,Delhi,False
7268,Aarav Sharma,Jaipur,False
7269,Ananya Verma,Chennai,True
7270,Advik Singh,Lucknow,False
7271,Aarav Singh,Ahmedabad,False
7272,Ananya Gupta,Bangalore,False
7273,Vihaan Singh,Jaipur,False
7274,Aarav Sharma,Bangalore,False
7275,Ananya Singh,Jaipur,False
7276,Saanvi Singh,Kolkata,False
7277,Saanvi Patel,Pune,False
7278,Ananya Singh,Noida,False
7279,Advik Patel,Kolkata,False
7280,Aarav Sharma,Chennai,False
7281,Saanvi Gupta,Noida,False
7282,Saanvi Singh,Hyderabad,False
7283,Advik Gupta,Bangalore,False
7284,Vihaan Singh,Lucknow,False
7285,Diya Verma,Noida,False
7286,Saanvi Gupta,Noida,False
7287,Ananya Singh,Mumbai,False
7288,Saanvi Sharma,Delhi,False
7289,Saanvi Gupta,Delhi,False
7290,Aarav Singh,Ahmedabad,False
7291,Diya Verma,Pune,True
7292,Saanvi Patel,Gurgaon,False
7293,Aarav Sharma,Mumbai,False
7294,Diya Singh,Ahmedabad,False
7295,Saanvi Gupta,Delhi,False
7296,Advik Verma,Mumbai,False
7297,Vihaan Verma,Ahmedabad,False
7298,Aarav Gupta,Lucknow,False
7299,Vihaan Verma,Ahmedabad,False
7300,Vihaan Patel,Bangalore,False
7301,Advik Gupta,Gurgaon,False
7302,Vihaan Patel,Hyderabad,False
7303,Advik Patel,Kolkata,False
7304,Aarav Gupta,Delhi,True
7305,Advik Gupta,Gurgaon,False
7306,Aarav Verma,Chennai,False
7307,Aarav Sharma,Hyderabad,False
7308,Aarav Gupta,Hyderabad,False
7309,Diya Verma,Bangalore,False
7310,Advik Patel,Bangalore,False
7311,Aarav Singh,Pune,False
7312,Saanvi Gupta,Gurgaon,False
7313,Aarav Patel,Gurgaon,False
7314,Aarav Verma,Ahmedabad,True
7315,Aarav Sharma,Pune,False
7316,Ananya Gupta,Hyderabad,False
7317,Advik Gupta,Bangalore,False
7318,Advik Sharma,Lucknow,False
7319,Diya Patel,Noida,False
7320,Ananya Verma,Ahmedabad,True
7321,Aarav Patel,Lucknow,False
7322,Advik Verma,Mumbai,False
7323,Ananya Singh,Ahmedabad,False
7324,Aarav Verma,Gurgaon,False
7325,Aarav Verma,Delhi,False
7326,Saanvi Patel,Jaipur,False
7327,Diya Gupta,Hyderabad,False
7328,Diya Patel,Kolkata,True
7329,Ananya Patel,Chennai,False
7330,Diya Gupta,Kolkata,False
7331,Saanvi Sharma,Ahmedabad,False
7332,Vihaan Patel,Jaipur,True
7333,Diya Patel,Noida,False
7334,Aarav Gupta,Chennai,False
7335,Advik Patel,Ahmedabad,False
7336,Diya Sharma,Jaipur,True
7337,Ananya Singh,Gurgaon,False
7338,Diya Gupta,Chennai,False
7339,Aarav Sharma,Noida,False
7340,Diya Singh,Delhi,False
7341,Diya Patel,Delhi,False
7342,Advik Sharma,Bangalore,False
7343,Saanvi Sharma,Ahmedabad,False
7344,Diya Singh,Kolkata,False
7345,Saanvi Patel,Noida,False
7346,Ananya Singh,Gurgaon,False
7347,Vihaan Gupta,Mumbai,False
7348,Saanvi Verma,Hyderabad,False
7349,Ananya Verma,Hyderabad,False
7350,Aarav Sharma,Pune,True
7351,Saanvi Verma,Pune,False
7352,Ananya Gupta,Hyderabad,False
7353,Diya Patel,Delhi,False
7354,Ananya Gupta,Gurgaon,False
7355,Advik Sharma,Noida,False
7356,Diya Patel,Noida,True
7357,Ananya Verma,Chennai,False
7358,Vihaan Verma,Hyderabad,False
7359,Advik Gupta,Lucknow,False
7360,Ananya Verma,Hyderabad,False
7361,Ananya Patel,Bangalore,False
7362,Vihaan Sharma,Pune,True
7363,Vihaan Patel,Noida,False
7364,Saanvi Patel,Kolkata,True
7365,Vihaan Sharma,Gurgaon,False
7366,Vihaan Patel,Bangalore,False
7367,Aarav Gupta,Delhi,False
7368,Advik Verma,Delhi,False
7369,Vihaan Patel,Bangalore,False
7370,Diya Patel,Hyderabad,False
7371,Aarav Singh,Hyderabad,False
7372,Ananya Sharma,Hyderabad,False
7373,Vihaan Patel,Bangalore,False
7374,Ananya Patel,Chennai,True
7375,Vihaan Sharma,Noida,True
7376,Advik Sharma,Delhi,False
7377,Saanvi Verma,Hyderabad,False
7378,Vihaan Singh,Kolkata,False
7379,Advik Sharma,Mumbai,True
7380,Aarav Verma,Jaipur,False
7381,Ananya Singh,Delhi,False
7382,Vihaan Gupta,Noida,False
7383,Saanvi Gupta,Jaipur,False
7384,Advik Gupta,Chennai,False
7385,Ananya Sharma,Jaipur,False
7386,Advik Verma,Hyderabad,True
7387,Ananya Verma,Bangalore,False
7388,Aarav Singh,Lucknow,False
7389,Diya Patel,Delhi,False
7390,Diya Gupta,Gurgaon,False
7391,Vihaan Singh,Mumbai,False
7392,Aarav Patel,Pune,False
7393,Ananya Verma,Lucknow,False
7394,Aarav Sharma,Lucknow,False
7395,Diya Singh,Noida,False
7396,Ananya Sharma,Chennai,False
7397,Diya Singh,Delhi,False
7398,Advik Verma,Ahmedabad,True
7399,Saanvi Gupta,Gurgaon,False
7400,Diya Sharma,Jaipur,False
7401,Vihaan Verma,Hyderabad,True
7402,Aarav Singh,Gurgaon,False
7403,Saanvi Singh,Mumbai,False
7404,Diya Singh,Hyderabad,False
7405,Vihaan Verma,Hyderabad,False
7406,Aarav Patel,Chennai,False
7407,Aarav Verma,Noida,False
7408,Advik Gupta,Lucknow,False
7409,Diya Verma,Gurgaon,True
7410,Ananya Verma,Kolkata,False
7411,Aarav Sharma,Mumbai,False
7412,Vihaan Singh,Chennai,False
7413,Vihaan Patel,Ahmedabad,False
7414,Saanvi Verma,Hyderabad,False
7415,Aarav Verma,Bangalore,False
7416,Ananya Patel,Lucknow,False
7417,Diya Singh,Kolkata,False
7418,Diya Patel,Jaipur,False
7419,Diya Patel,Hyderabad,False
7420,Diya Singh,Chennai,False
7421,Ananya Verma,Ahmedabad,False
7422,Aarav Sharma,Pune,False
7423,Aarav Singh,Chennai,False
7424,Diya Singh,Pune,False
7425,Diya Verma,Chennai,True
7426,Vihaan Singh,Bangalore,False
7427,Ananya Gupta,Hyderabad,False
7428,Vihaan Singh,Chennai,False
7429,Ananya Singh,Kolkata,False
7430,Diya Gupta,Ahmedabad,False
7431,Ananya Patel,Noida,False
7432,Ananya Patel,Pune,False
7433,Aarav Sharma,Pune,False
7434,Vihaan Gupta,Mumbai,False
7435,Advik Verma,Kolkata,False
7436,Diya Patel,Chennai,False
7437,Vihaan Sharma,Noida,False
7438,Diya Singh,Jaipur,False
7439,Advik Verma,Jaipur,False
7440,Aarav Patel,Gurgaon,False
7441,Vihaan Gupta,Lucknow,False
7442,Vihaan Sharma,Bangalore,False
7443,Ananya Singh,Lucknow,False
7444,Aarav Verma,Bangalore,False
7445,Ananya Singh,Gurgaon,False
7446,Saanvi Sharma,Pune,False
7447,Diya Patel,Gurgaon,False
7448,Vihaan Gupta,Delhi,False
7449,Ananya Sharma,Gurgaon,True
7450,Vihaan Patel,Ahmedabad,False
7451,Ananya Singh,Ahmedabad,False
7452,Vihaan Verma,Hyderabad,False
7453,Saanvi Verma,Jaipur,True
7454,Advik Gupta,Chennai,True
7455,Diya Singh,Noida,False
7456,Diya Sharma,Noida,False
7457,Saanvi Verma,Lucknow,False
7458,Advik Singh,Hyderabad,True
7459,Aarav Verma,Bangalore,True
7460,Aarav Patel,Pune,False
7461,Ananya Verma,Noida,False
7462,Advik Verma,Hyderabad,False
7463,Vihaan Singh,Gurgaon,False
7464,Diya Sharma,Ahmedabad,False
7465,Saanvi Patel,Kolkata,False
7466,Saanvi Sharma,Jaipur,False
7467,Aarav Gupta,Lucknow,False
7468,Advik Gupta,Noida,False
7469,Advik Verma,Mumbai,False
7470,Ananya Singh,Pune,False
7471,Aarav Sharma,Hyderabad,False
7472,Advik Gupta,Delhi,False
7473,Vihaan Gupta,Mumbai,False
7474,Aarav Sharma,Delhi,False
7475,Ananya Singh,Delhi,False
7476,Advik Sharma,Ahmedabad,False
7477,Vihaan Patel,Jaipur,False
7478,Saanvi Sharma,Pune,False
7479,Aarav Sharma,Pune,True
7480,Vihaan Sharma,Chennai,False
7481,Advik Gupta,Delhi,False
7482,Ananya Verma,Ahmedabad,False
7483,Aarav Gupta,Ahmedabad,False
7484,Diya Gupta,Gurgaon,False
7485,Advik Sharma,Hyderabad,True
7486,Saanvi Sharma,Delhi,False
7487,Advik Gupta,Noida,False
7488,Aarav Singh,Gurgaon,False
7489,Aarav Sharma,Kolkata,True
7490,Diya Sharma,Noida,False
7491,Advik Patel,Lucknow,False
7492,Diya Sharma,Noida,True
7493,Ananya Patel,Noida,False
7494,Advik Singh,Delhi,True
7495,Advik Singh,Noida,False
7496,Advik Patel,Hyderabad,False
7497,Vihaan Singh,Delhi,False
7498,Aarav Gupta,Mumbai,False
7499,Advik Verma,Chennai,False
7500,Ananya Patel,Delhi,False
7501,Diya Gupta,Gurgaon,False
7502,Advik Gupta,Hyderabad,False
7503,Vihaan Verma,Kolkata,False
7504,Advik Verma,Pune,False
7505,Diya Verma,Delhi,False
7506,Saanvi Singh,Chennai,False
7507,Aarav Gupta,Ahmedabad,False
7508,Diya Singh,Ahmedabad,False
7509,Vihaan Sharma,Hyderabad,True
7510,Advik Gupta,Hyderabad,False
7511,Diya Verma,Gurgaon,False
7512,Diya Patel,Ahmedabad,False
7513,Vihaan Gupta,Chennai,True
7514,Ananya Sharma,Bangalore,False
7515,Advik Gupta,Pune,False
7516,Vihaan Sharma,Ahmedabad,False
7517,Vihaan Sharma,Ahmedabad,False
7518,Diya Verma,Jaipur,False
7519,Saanvi Singh,Hyderabad,False
7520,Saanvi Verma,Gurgaon,False
7521,Diya Singh,Jaipur,False
7522,Aarav Sharma,Ahmedabad,False
7523,Ananya Verma,Jaipur,False
7524,Saanvi Patel,Noida,False
7525,Advik Sharma,Mumbai,False
7526,Aarav Verma,Delhi,True
7527,Vihaan Gupta,Bangalore,False
7528,Saanvi Gupta,Gurgaon,False
7529,Saanvi Sharma,Chennai,False
7530,Diya Singh,Gurgaon,True
7531,Advik Singh,Delhi,False
7532,Advik Singh,Delhi,False
7533,Saanvi Patel,Noida,False
7534,Diya Singh,Gurgaon,False
7535,Aarav Patel,Kolkata,False
7536,Diya Patel,Hyderabad,False
7537,Ananya Sharma,Mumbai,False
7538,Ananya Verma,Bangalore,False
7539,Ananya Verma,Lucknow,False
7540,Saanvi Gupta,Hyderabad,False
7541,Advik Verma,Jaipur,False
7542,Aarav Patel,Delhi,False
7543,Vihaan Patel,Jaipur,True
7544,Aarav Gupta,Jaipur,False
7545,Saanvi Verma,Noida,True
7546,Aarav Gupta,Gurgaon,False
7547,Advik Sharma,Delhi,False
7548,Ananya Sharma,Jaipur,False
7549,Aarav Sharma,Noida,False
7550,Vihaan Singh,Mumbai,True
7551,Aarav Verma,Noida,False
7552,Advik Verma,Lucknow,False
7553,Diya Gupta,Kolkata,False
7554,Advik Verma,Hyderabad,False
7555,Advik Patel,Jaipur,False
7556,Diya Sharma,Kolkata,False
7557,Ananya Patel,Noida,False
7558,Aarav Gupta,Noida,False
7559,Saanvi Patel,Noida,False
7560,Diya Gupta,Lucknow,False
7561,Vihaan Sharma,Hyderabad,True
7562,Diya Verma,Lucknow,False
7563,Ananya Verma,Ahmedabad,False
7564,Diya Patel,Chennai,False
7565,Advik Verma,Jaipur,False
7566,Vihaan Gupta,Mumbai,True
7567,Aarav Verma,Mumbai,False
7568,Saanvi Sharma,Delhi,False
7569,Saanvi Singh,Mumbai,False
7570,Advik Sharma,Ahmedabad,False
7571,Ananya Verma,Bangalore,False
7572,Aarav Singh,Lucknow,False
7573,Aarav Verma,Hyderabad,False
7574,Diya Verma,Noida,False
7575,Vihaan Sharma,Delhi,False
7576,Aarav Sharma,Kolkata,True
7577,Advik Patel,Hyderabad,True
7578,Diya Patel,Delhi,False
7579,Ananya Patel,Mumbai,False
7580,Saanvi Verma,Chennai,False
7581,Ananya Sharma,Chennai,False
7582,Advik Verma,Kolkata,False
7583,Advik Verma,Mumbai,False
7584,Saanvi Verma,Lucknow,False
7585,Diya Sharma,Hyderabad,False
7586,Diya Verma,Ahmedabad,False
7587,Aarav Patel,Delhi,False
7588,Vihaan Singh,Ahmedabad,True
7589,Advik Gupta,Gurgaon,False
7590,Ananya Singh,Mumbai,False
7591,Saanvi Verma,Delhi,False
7592,Aarav Sharma,Chennai,False
7593,Vihaan Verma,Mumbai,False
7594,Diya Singh,Hyderabad,False
7595,Advik Patel,Pune,False
7596,Aarav Patel,Kolkata,False
7597,Saanvi Gupta,Bangalore,False
7598,Advik Verma,Gurgaon,False
7599,Saanvi Gupta,Lucknow,True
7600,Saanvi Sharma,Noida,False
7601,Diya Singh,Jaipur,False
7602,Advik Singh,Gurgaon,False
7603,Vihaan Patel,Ahmedabad,False
7604,Vihaan Singh,Hyderabad,False
7605,Advik Gupta,Mumbai,True
7606,Saanvi Singh,Lucknow,False
7607,Diya Verma,Kolkata,False
7608,Diya Singh,Noida,False
7609,Saanvi Patel,Mumbai,False
7610,Saanvi Verma,Gurgaon,False
7611,Aarav Singh,Chennai,False
7612,Advik Patel,Lucknow,False
7613,Advik Patel,Mumbai,False
7614,Advik Patel,Hyderabad,False
7615,Advik Patel,Delhi,False
7616,Ananya Patel,Gurgaon,False
7617,Vihaan Singh,Chennai,False
7618,Diya Singh,Pune,True
7619,Vihaan Patel,Chennai,False
7620,Advik Sharma,Chennai,True
7621,Aarav Gupta,Delhi,False
7622,Aarav Singh,Chennai,False
7623,Advik Verma,Kolkata,True
7624,Vihaan Patel,Chennai,False
7625,Ananya Sharma,Ahmedabad,False
7626,Aarav Sharma,Pune,False
7627,Aarav Sharma,Lucknow,False
7628,Aarav Sharma,Jaipur,False
7629,Ananya Gupta,Kolkata,False
7630,Vihaan Patel,Gurgaon,False
7631,Diya Gupta,Lucknow,False
7632,Aarav Verma,Lucknow,True
7633,Vihaan Patel,Hyderabad,True
7634,Aarav Verma,Chennai,False
7635,Aarav Patel,Noida,False
7636,Aarav Singh,Pune,False
7637,Aarav Singh,Lucknow,False
7638,Ananya Verma,Bangalore,False
7639,Vihaan Singh,Kolkata,False
7640,Aarav Patel,Mumbai,False
7641,Aarav Sharma,Gurgaon,False
7642,Aarav Verma,Pune,False
7643,Diya Singh,Bangalore,False
7644,Advik Singh,Chennai,False
7645,Saanvi Gupta,Mumbai,False
7646,Ananya Singh,Jaipur,True
7647,Saanvi Gupta,Pune,False
7648,Saanvi Patel,Chennai,False
7649,Saanvi Singh,Pune,True
7650,Diya Patel,Gurgaon,False
7651,Ananya Gupta,Pune,False
7652,Vihaan Gupta,Chennai,False
7653,Ananya Singh,Lucknow,False
7654,Advik Patel,Lucknow,False
7655,Ananya Patel,Hyderabad,False
7656,Ananya Patel,Hyderabad,False
7657,Advik Verma,Lucknow,False
7658,Ananya Patel,Noida,False
7659,Diya Singh,Hyderabad,False
7660,Diya Gupta,Ahmedabad,False
7661,Vihaan Sharma,Lucknow,False
7662,Diya Gupta,Ahmedabad,False
7663,Advik Patel,Pune,False
7664,Saanvi Singh,Kolkata,False
7665,Saanvi Gupta,Pune,False
7666,Saanvi Singh,Kolkata,False
7667,Advik Sharma,Chennai,True
7668,Saanvi Gupta,Chennai,False
7669,Ananya Sharma,Kolkata,False
7670,Ananya Singh,Gurgaon,False
7671,Aarav Sharma,Gurgaon,False
7672,Vihaan Patel,Hyderabad,False
7673,Saanvi Singh,Gurgaon,False
7674,Saanvi Singh,Bangalore,False
7675,Advik Gupta,Pune,False
7676,Ananya Sharma,Hyderabad,False
7677,Aarav Sharma,Noida,False
7678,Advik Gupta,Delhi,False
7679,Saanvi Verma,Jaipur,False
7680,Aarav Gupta,Chennai,True
7681,Vihaan Patel,Delhi,False
7682,Ananya Verma,Delhi,False
7683,Diya Patel,Pune,False
7684,Saanvi Verma,Hyderabad,False
7685,Advik Gupta,Hyderabad,True
7686,Saanvi Sharma,Delhi,False
7687,Saanvi Gupta,Kolkata,True
7688,Vihaan Singh,Chennai,False
7689,Diya Gupta,Bangalore,False
7690,Saanvi Singh,Bangalore,False
7691,Ananya Sharma,Jaipur,True
7692,Ananya Singh,Hyderabad,False
7693,Advik Gupta,Chennai,False
7694,Aarav Gupta,Lucknow,False
7695,Aarav Patel,Lucknow,True
7696,Vihaan Gupta,Delhi,True
7697,Saanvi Gupta,Chennai,False
7698,Ananya Verma,Jaipur,False
7699,Aarav Singh,Bangalore,False
7700,Advik Sharma,Noida,False
7701,Vihaan Singh,Pune,False
7702,Vihaan Sharma,Lucknow,False
7703,Diya Gupta,Noida,False
7704,Saanvi Verma,Noida,False
7705,Aarav Verma,Noida,True
7706,Ananya Patel,Delhi,False
7707,Saanvi Singh,Noida,False
7708,Advik Patel,Mumbai,False
7709,Vihaan Sharma,Kolkata,False
7710,Vihaan Sharma,Hyderabad,False
7711,Advik Gupta,Delhi,False
7712,Diya Sharma,Pune,False
7713,Saanvi Gupta,Jaipur,False
7714,Advik Patel,Bangalore,False
7715,Vihaan Singh,Gurgaon,False
7716,Aarav Verma,Hyderabad,False
7717,Vihaan Patel,Ahmedabad,False
7718,Aarav Gupta,Ahmedabad,False
7719,Aarav Gupta,Lucknow,False
7720,Vihaan Gupta,Kolkata,False
7721,Diya Gupta,Chennai,True
7722,Saanvi Verma,Ahmedabad,False
7723,Saanvi Verma,Delhi,False
7724,Vihaan Singh,Chennai,False
7725,Diya Singh,Gurgaon,False
7726,Advik Sharma,Delhi,False
7727,Ananya Patel,Mumbai,False
7728,Saanvi Gupta,Hyderabad,False
7729,Advik Verma,Lucknow,False
7730,Diya Patel,Chennai,False
7731,Aarav Sharma,Lucknow,False
7732,Vihaan Patel,Gurgaon,False
7733,Saanvi Sharma,Chennai,True
7734,Vihaan Patel,Delhi,False
7735,Diya Patel,Bangalore,False
7736,Ananya Sharma,Gurgaon,False
7737,Vihaan Patel,Delhi,False
7738,Vihaan Patel,Delhi,False
7739,Saanvi Patel,Gurgaon,False
7740,Advik Verma,Bangalore,True
7741,Advik Verma,Noida,False
7742,Aarav Gupta,Gurgaon,False
7743,Diya Singh,Gurgaon,False
7744,Aarav Gupta,Bangalore,False
7745,Saanvi Singh,Gurgaon,True
7746,Saanvi Gupta,Chennai,False
7747,Saanvi Patel,Jaipur,True
7748,Vihaan Sharma,Pune,False
7749,Aarav Sharma,Bangalore,True
7750,Saanvi Singh,Jaipur,False
7751,Vihaan Patel,Gurgaon,False
7752,Aarav Verma,Jaipur,False
7753,Saanvi Gupta,Mumbai,False
7754,Ananya Patel,Noida,False
7755,Diya Sharma,Hyderabad,False
7756,Aarav Gupta,Mumbai,False
7757,Saanvi Verma,Pune,False
7758,Saanvi Singh,Lucknow,False
7759,Saanvi Sharma,Ahmedabad,False
7760,Vihaan Verma,Noida,False
7761,Aarav Sharma,Delhi,False
7762,Advik Verma,Gurgaon,False
7763,Aarav Gupta,Delhi,False
7764,Ananya Singh,Mumbai,False
7765,Ananya Verma,Bangalore,True
7766,Vihaan Patel,Lucknow,False
7767,Ananya Verma,Bangalore,True
7768,Advik Verma,Lucknow,False
7769,Saanvi Singh,Ahmedabad,False
7770,Saanvi Singh,Hyderabad,False
7771,Aarav Verma,Ahmedabad,False
7772,Saanvi Sharma,Lucknow,False
7773,Diya Verma,Jaipur,False
7774,Aarav Singh,Jaipur,False
7775,Saanvi Gupta,Lucknow,False
7776,Diya Verma,Mumbai,True
7777,Ananya Verma,Delhi,False
7778,Saanvi Sharma,Mumbai,False
7779,Aarav Singh,Delhi,False
7780,Ananya Patel,Chennai,False
7781,Aarav Patel,Kolkata,False
7782,Vihaan Verma,Gurgaon,True
7783,Ananya Sharma,Delhi,False
7784,Advik Sharma,Kolkata,False
7785,Saanvi Gupta,Chennai,False
7786,Ananya Singh,Kolkata,False
7787,Advik Singh,Chennai,False
7788,Aarav Patel,Bangalore,False
7789,Diya Sharma,Hyderabad,False
7790,Saanvi Sharma,Jaipur,False
7791,Advik Patel,Noida,False
7792,Diya Verma,Kolkata,False
7793,Aarav Verma,Jaipur,False
7794,Diya Singh,Ahmedabad,False
7795,Aarav Gupta,Chennai,False
7796,Diya Sharma,Hyderabad,False
7797,Advik Singh,Jaipur,False
7798,Aarav Verma,Jaipur,False
7799,Saanvi Gupta,Lucknow,False
7800,Aarav Gupta,Pune,False
7801,Diya Verma,Gurgaon,False
7802,Saanvi Verma,Mumbai,False
7803,Saanvi Sharma,Delhi,False
7804,Diya Sharma,Lucknow,False
7805,Saanvi Sharma,Chennai,False
7806,Advik Verma,Delhi,False
7807,Advik Singh,Hyderabad,False
7808,Diya Gupta,Gurgaon,True
7809,Ananya Singh,Chennai,False
7810,Advik Singh,Kolkata,False
7811,Diya Sharma,Hyderabad,False
7812,Advik Verma,Mumbai,True
7813,Advik Verma,Gurgaon,False
7814,Saanvi Verma,Noida,False
7815,Saanvi Sharma,Chennai,False
7816,Vihaan Verma,Jaipur,False
7817,Advik Sharma,Lucknow,False
7818,Diya Sharma,Noida,False
7819,Vihaan Gupta,Delhi,True
7820,Ananya Sharma,Noida,False
7821,Saanvi Verma,Kolkata,True
7822,Advik Singh,Bangalore,False
7823,Vihaan Gupta,Gurgaon,False
7824,Vihaan Sharma,Delhi,False
7825,Diya Patel,Noida,False
7826,Diya Gupta,Lucknow,False
7827,Advik Patel,Lucknow,False
7828,Advik Singh,Pune,False
7829,Diya Patel,Kolkata,True
7830,Vihaan Verma,Delhi,False
7831,Aarav Gupta,Ahmedabad,False
7832,Ananya Singh,Chennai,False
7833,Aarav Patel,Kolkata,False
7834,Aarav Sharma,Noida,True
7835,Vihaan Gupta,Noida,False
7836,Aarav Singh,Hyderabad,False
7837,Vihaan Patel,Gurgaon,False
7838,Ananya Gupta,Gurgaon,False
7839,Saanvi Singh,Delhi,False
7840,Ananya Patel,Noida,False
7841,Advik Patel,Delhi,True
7842,Vihaan Patel,Jaipur,False
7843,Saanvi Patel,Kolkata,True
7844,Advik Verma,Jaipur,True
7845,Vihaan Sharma,Gurgaon,True
7846,Diya Gupta,Hyderabad,False
7847,Saanvi Verma,Delhi,False
7848,Saanvi Verma,Noida,False
7849,Vihaan Sharma,Gurgaon,False
7850,Advik Gupta,Pune,False
7851,Aarav Gupta,Jaipur,False
7852,Aarav Verma,Gurgaon,False
7853,Advik Gupta,Jaipur,False
7854,Advik Gupta,Ahmedabad,False
7855,Saanvi Singh,Hyderabad,False
7856,Advik Patel,Delhi,False
7857,Ananya Verma,Kolkata,False
7858,Vihaan Gupta,Chennai,False
7859,Ananya Sharma,Kolkata,False
7860,Vihaan Gupta,Ahmedabad,False
7861,Aarav Gupta,Gurgaon,False
7862,Vihaan Sharma,Jaipur,False
7863,Saanvi Verma,Noida,False
7864,Aarav Patel,Noida,False
7865,Advik Gupta,Chennai,False
7866,Vihaan Patel,Pune,False
7867,Aarav Gupta,Noida,False
7868,Aarav Patel,Hyderabad,True
7869,Diya Patel,Noida,False
7870,Saanvi Gupta,Kolkata,True
7871,Advik Singh,Jaipur,False
7872,Ananya Patel,Ahmedabad,False
7873,Saanvi Gupta,Jaipur,True
7874,Saanvi Patel,Kolkata,False
7875,Saanvi Sharma,Gurgaon,False
7876,Vihaan Gupta,Lucknow,False
7877,Aarav Singh,Noida,False
7878,Aarav Verma,Hyderabad,False
7879,Diya Verma,Noida,False
7880,Diya Verma,Delhi,False
7881,Vihaan Gupta,Mumbai,False
7882,Vihaan Gupta,Bangalore,False
7883,Saanvi Verma,Jaipur,False
7884,Ananya Sharma,Jaipur,False
7885,Saanvi Verma,Mumbai,False
7886,Vihaan Verma,Jaipur,False
7887,Ananya Gupta,Mumbai,True
7888,Advik Sharma,Lucknow,False
7889,Ananya Gupta,Bangalore,False
7890,Advik Gupta,Bangalore,False
7891,Saanvi Sharma,Bangalore,False
7892,Vihaan Gupta,Mumbai,False
7893,Ananya Singh,Noida,False
7894,Aarav Sharma,Lucknow,False
7895,Diya Sharma,Chennai,False
7896,Ananya Sharma,Kolkata,False
7897,Ananya Sharma,Pune,False
7898,Vihaan Patel,Ahmedabad,False
7899,Aarav Verma,Gurgaon,True
7900,Ananya Verma,Pune,False
7901,Aarav Patel,Mumbai,False
7902,Vihaan Singh,Delhi,False
7903,Aarav Sharma,Lucknow,False
7904,Diya Gupta,Kolkata,False
7905,Saanvi Patel,Kolkata,False
7906,Aarav Verma,Hyderabad,False
7907,Saanvi Singh,Noida,False
7908,Diya Patel,Bangalore,False
7909,Advik Gupta,Hyderabad,False
7910,Diya Sharma,Kolkata,False
7911,Aarav Patel,Hyderabad,False
7912,Aarav Patel,Hyderabad,False
7913,Ananya Verma,Pune,False
7914,Vihaan Gupta,Mumbai,False
7915,Saanvi Verma,Ahmedabad,False
7916,Ananya Singh,Hyderabad,False
7917,Ananya Patel,Ahmedabad,False
7918,Vihaan Gupta,Hyderabad,False
7919,Aarav Patel,Noida,False
7920,Advik Gupta,Jaipur,True
7921,Diya Gupta,Pune,False
7922,Vihaan Patel,Bangalore,False
7923,Advik Verma,Ahmedabad,False
7924,Aarav Singh,Pune,False
7925,Aarav Patel,Chennai,False
7926,Advik Patel,Kolkata,False
7927,Advik Gupta,Gurgaon,False
7928,Aarav Verma,Kolkata,False
7929,Advik Singh,Pune,False
7930,Ananya Patel,Delhi,False
7931,Diya Singh,Chennai,True
7932,Diya Sharma,Ahmedabad,False
7933,Aarav Sharma,Kolkata,False
7934,Ananya Gupta,Bangalore,False
7935,Diya Verma,Pune,False
7936,Saanvi Patel,Lucknow,False
7937,Diya Patel,Noida,False
7938,Advik Patel,Kolkata,False
7939,Diya Sharma,Noida,False
7940,Diya Sharma,Noida,False
7941,Aarav Gupta,Kolkata,False
7942,Aarav Sharma,Mumbai,False
7943,Vihaan Patel,Pune,False
7944,Saanvi Singh,Delhi,False
7945,Diya Gupta,Noida,False
7946,Ananya Sharma,Lucknow,False
7947,Advik Patel,Noida,False
7948,Saanvi Sharma,Noida,False
7949,Ananya Gupta,Kolkata,False
7950,Saanvi Verma,Hyderabad,False
7951,Vihaan Gupta,Kolkata,False
7952,Diya Patel,Ahmedabad,False
7953,Ananya Gupta,Mumbai,False
7954,Diya Singh,Jaipur,False
7955,Vihaan Singh,Chennai,False
7956,Vihaan Gupta,Bangalore,False
7957,Diya Sharma,Gurgaon,False
7958,Advik Patel,Bangalore,False
7959,Diya Sharma,Pune,False
7960,Vihaan Gupta,Mumbai,False
7961,Saanvi Verma,Ahmedabad,False
7962,Saanvi Singh,Noida,False
7963,Diya Gupta,Ahmedabad,False
7964,Aarav Singh,Hyderabad,False
7965,Ananya Patel,Hyderabad,False
7966,Diya Patel,Mumbai,False
7967,Vihaan Gupta,Ahmedabad,False
7968,Aarav Sharma,Mumbai,False
7969,Vihaan Singh,Ahmedabad,False
7970,Advik Gupta,Delhi,False
7971,Advik Verma,Mumbai,False
7972,Saanvi Patel,Chennai,False
7973,Saanvi Singh,Gurgaon,False
7974,Diya Singh,Mumbai,False
7975,Diya Gupta,Noida,False
7976,Vihaan Singh,Hyderabad,False
7977,Saanvi Gupta,Hyderabad,False
7978,Ananya Singh,Ahmedabad,False
7979,Diya Verma,Hyderabad,False
7980,Aarav Verma,Hyderabad,False
7981,Diya Singh,Delhi,False
7982,Saanvi Sharma,Gurgaon,False
7983,Aarav Singh,Pune,False
7984,Ananya Singh,Gurgaon,False
7985,Vihaan Singh,Bangalore,False
7986,Diya Singh,Ahmedabad,False
7987,Aarav Patel,Kolkata,False
7988,Advik Patel,Gurgaon,False
7989,Ananya Singh,Chennai,False
7990,Saanvi Gupta,Lucknow,False
7991,Ananya Patel,Jaipur,False
7992,Advik Gupta,Hyderabad,False
7993,Diya Gupta,Mumbai,False
7994,Vihaan Singh,Noida,False
7995,Advik Singh,Pune,True
7996,Vihaan Sharma,Gurgaon,False
7997,Ananya Sharma,Pune,False
7998,Ananya Verma,Pune,True
7999,Ananya Singh,Hyderabad,False
8000,Vihaan Sharma,Kolkata,False
8001,Aarav Sharma,Kolkata,False
8002,Saanvi Sharma,Noida,False
8003,Ananya Patel,Bangalore,False
8004,Ananya Gupta,Chennai,False
8005,Ananya Singh,Chennai,False
8006,Vihaan Verma,Lucknow,False
8007,Diya Singh,Mumbai,False
8008,Saanvi Sharma,Mumbai,False
8009,Aarav Patel,Jaipur,True
8010,Aarav Verma,Pune,False
8011,Saanvi Gupta,Noida,True
8012,Advik Patel,Ahmedabad,False
8013,Saanvi Singh,Chennai,False
8014,Aarav Patel,Delhi,False
8015,Ananya Patel,Hyderabad,False
8016,Diya Gupta,Noida,False
8017,Ananya Gupta,Gurgaon,False
8018,Aarav Patel,Lucknow,False
8019,Diya Patel,Gurgaon,False
8020,Ananya Singh,Jaipur,False
8021,Diya Singh,Ahmedabad,False
8022,Saanvi Patel,Mumbai,False
8023,Saanvi Verma,Chennai,False
8024,Advik Patel,Chennai,True
8025,Saanvi Patel,Delhi,False
8026,Vihaan Verma,Jaipur,False
8027,Saanvi Verma,Kolkata,False
8028,Diya Singh,Pune,False
8029,Ananya Gupta,Gurgaon,False
8030,Advik Patel,Noida,False
8031,Vihaan Sharma,Pune,True
8032,Aarav Verma,Delhi,False
8033,Diya Sharma,Pune,False
8034,Diya Verma,Hyderabad,False
8035,Aarav Gupta,Gurgaon,False
8036,Advik Gupta,Bangalore,False
8037,Ananya Gupta,Bangalore,True
8038,Ananya Patel,Pune,False
8039,Aarav Verma,Jaipur,False
8040,Advik Singh,Lucknow,False
8041,Ananya Sharma,Ahmedabad,False
8042,Saanvi Singh,Noida,False
8043,Diya Singh,Pune,True
8044,Aarav Verma,Chennai,True
8045,Saanvi Verma,Mumbai,False
8046,Advik Gupta,Hyderabad,False
8047,Diya Gupta,Ahmedabad,False
8048,Ananya Verma,Kolkata,False
8049,Advik Gupta,Lucknow,False
8050,Aarav Singh,Ahmedabad,False
8051,Ananya Patel,Kolkata,True
8052,Advik Patel,Pune,False
8053,Saanvi Sharma,Bangalore,False
8054,Advik Singh,Chennai,False
8055,Advik Sharma,Noida,False
8056,Advik Verma,Hyderabad,False
8057,Aarav Patel,Hyderabad,False
8058,Advik Sharma,Ahmedabad,False
8059,Aarav Sharma,Hyderabad,False
8060,Aarav Gupta,Noida,False
8061,Vihaan Patel,Bangalore,False
8062,Vihaan Sharma,Jaipur,False
8063,Ananya Patel,Gurgaon,False
8064,Vihaan Sharma,Kolkata,False
8065,Aarav Verma,Delhi,False
8066,Vihaan Singh,Hyderabad,False
8067,Aarav Gupta,Jaipur,False
8068,Vihaan Verma,Delhi,False
8069,Saanvi Gupta,Chennai,False
8070,Aarav Sharma,Chennai,False
8071,Vihaan Sharma,Pune,False
8072,Diya Singh,Ahmedabad,True
8073,Saanvi Sharma,Mumbai,False
8074,Saanvi Singh,Chennai,False
8075,Ananya Gupta,Chennai,False
8076,Saanvi Singh,Hyderabad,False
8077,Ananya Gupta,Pune,False
8078,Advik Verma,Kolkata,False
8079,Vihaan Singh,Kolkata,False
8080,Advik Gupta,Chennai,False
8081,Diya Gupta,Lucknow,True
8082,Advik Sharma,Mumbai,False
8083,Aarav Singh,Lucknow,False
8084,Advik Sharma,Mumbai,True
8085,Saanvi Patel,Lucknow,False
8086,Saanvi Gupta,Bangalore,False
8087,Aarav Singh,Ahmedabad,False
8088,Advik Verma,Bangalore,False
8089,Saanvi Singh,Chennai,False
8090,Diya Verma,Lucknow,False
8091,Advik Patel,Noida,False
8092,Aarav Patel,Hyderabad,False
8093,Diya Patel,Jaipur,True
8094,Aarav Sharma,Chennai,False
8095,Vihaan Gupta,Gurgaon,False
8096,Vihaan Patel,Lucknow,False
8097,Saanvi Verma,Bangalore,False
8098,Aarav Singh,Pune,False
8099,Advik Singh,Jaipur,False
8100,Vihaan Patel,Gurgaon,False
8101,Vihaan Patel,Chennai,True
8102,Ananya Verma,Jaipur,False
8103,Ananya Patel,Lucknow,True
8104,Vihaan Patel,Noida,True
8105,Diya Sharma,Pune,False
8106,Vihaan Verma,Pune,True
8107,Ananya Gupta,Gurgaon,False
8108,Diya Patel,Chennai,True
8109,Advik Sharma,Pune,False
8110,Saanvi Patel,Jaipur,False
8111,Ananya Singh,Noida,False
8112,Ananya Verma,Mumbai,True
8113,Diya Gupta,Lucknow,False
8114,Diya Verma,Hyderabad,False
8115,Diya Patel,Ahmedabad,False
8116,Diya Singh,Chennai,False
8117,Advik Patel,Hyderabad,True
8118,Diya Sharma,Noida,False
8119,Vihaan Patel,Mumbai,False
8120,Aarav Verma,Ahmedabad,False
8121,Ananya Singh,Kolkata,False
8122,Diya Sharma,Kolkata,False
8123,Vihaan Patel,Mumbai,False
8124,Aarav Gupta,Ahmedabad,False
8125,Ananya Verma,Ahmedabad,False
8126,Saanvi Patel,Pune,False
8127,Advik Sharma,Pune,False
8128,Advik Sharma,Chennai,False
8129,Diya Verma,Ahmedabad,False
8130,Ananya Sharma,Jaipur,False
8131,Vihaan Sharma,Kolkata,False
8132,Vihaan Verma,Lucknow,False
8133,Diya Sharma,Ahmedabad,False
8134,Advik Patel,Noida,False
8135,Advik Singh,Chennai,False
8136,Saanvi Verma,Kolkata,False
8137,Ananya Patel,Lucknow,False
8138,Vihaan Patel,Bangalore,False
8139,Aarav Sharma,Ahmedabad,False
8140,Vihaan Gupta,Hyderabad,True
8141,Advik Patel,Chennai,False
8142,Saanvi Gupta,Lucknow,False
8143,Diya Singh,Noida,False
8144,Advik Sharma,Kolkata,False
8145,Ananya Gupta,Ahmedabad,False
8146,Ananya Gupta,Kolkata,False
8147,Advik Singh,Chennai,False
8148,Vihaan Gupta,Lucknow,False
8149,Diya Gupta,Chennai,False
8150,Saanvi Gupta,Kolkata,False
8151,Advik Patel,Gurgaon,False
8152,Saanvi Singh,Pune,True
8153,Saanvi Sharma,Jaipur,False
8154,Advik Singh,Lucknow,False
8155,Vihaan Singh,Gurgaon,False
8156,Aarav Sharma,Kolkata,False
8157,Diya Gupta,Chennai,False
8158,Advik Singh,Chennai,False
8159,Aarav Gupta,Lucknow,False
8160,Aarav Patel,Noida,False
8161,Advik Singh,Hyderabad,False
8162,Aarav Sharma,Kolkata,False
8163,Ananya Patel,Bangalore,True
8164,Aarav Singh,Hyderabad,False
8165,Aarav Gupta,Kolkata,False
8166,Saanvi Verma,Bangalore,False
8167,Vihaan Verma,Ahmedabad,False
8168,Advik Verma,Pune,False
8169,Advik Verma,Gurgaon,False
8170,Advik Sharma,Kolkata,False
8171,Ananya Singh,Lucknow,False
8172,Aarav Patel,Mumbai,False
8173,Vihaan Verma,Pune,False
8174,Aarav Gupta,Hyderabad,False
8175,Vihaan Gupta,Ahmedabad,False
8176,Saanvi Singh,Delhi,False
8177,Ananya Gupta,Pune,False
8178,Aarav Gupta,Hyderabad,False
8179,Diya Sharma,Kolkata,False
8180,Diya Gupta,Jaipur,False
8181,Diya Verma,Gurgaon,False
8182,Saanvi Gupta,Jaipur,False
8183,Saanvi Gupta,Kolkata,False
8184,Aarav Patel,Jaipur,False
8185,Advik Gupta,Noida,False
8186,Saanvi Verma,Ahmedabad,False
8187,Aarav Verma,Delhi,False
8188,Ananya Gupta,Jaipur,False
8189,Saanvi Verma,Ahmedabad,False
8190,Aarav Singh,Gurgaon,False
8191,Ananya Patel,Bangalore,True
8192,Vihaan Singh,Bangalore,False
8193,Vihaan Patel,Chennai,False
8194,Saanvi Patel,Pune,False
8195,Diya Sharma,Gurgaon,False
8196,Aarav Singh,Chennai,True
8197,Advik Patel,Delhi,False
8198,Aarav Singh,Gurgaon,False
8199,Aarav Verma,Kolkata,False
8200,Ananya Gupta,Delhi,False
8201,Advik Verma,Chennai,False
8202,Aarav Singh,Pune,False
8203,Vihaan Patel,Lucknow,False
8204,Advik Gupta,Lucknow,False
8205,Ananya Singh,Gurgaon,False
8206,Diya Gupta,Kolkata,False
8207,Diya Sharma,Chennai,False
8208,Saanvi Patel,Pune,False
8209,Saanvi Verma,Lucknow,False
8210,Vihaan Singh,Ahmedabad,False
8211,Diya Sharma,Chennai,False
8212,Advik Verma,Bangalore,False
8213,Advik Gupta,Kolkata,False
8214,Aarav Singh,Noida,False
8215,Saanvi Verma,Pune,False
8216,Ananya Verma,Chennai,False
8217,Diya Sharma,Mumbai,False
8218,Aarav Sharma,Chennai,False
8219,Diya Singh,Hyderabad,False
8220,Advik Gupta,Hyderabad,False
8221,Saanvi Gupta,Jaipur,False
8222,Vihaan Verma,Chennai,False
8223,Diya Patel,Chennai,False
8224,Aarav Verma,Chennai,False
8225,Saanvi Singh,Pune,True
8226,Advik Gupta,Lucknow,False
8227,Vihaan Patel,Lucknow,False
8228,Vihaan Verma,Ahmedabad,False
8229,Ananya Gupta,Ahmedabad,True
8230,Saanvi Patel,Chennai,False
8231,Advik Gupta,Gurgaon,False
8232,Advik Sharma,Lucknow,False
8233,Aarav Verma,Ahmedabad,False
8234,Ananya Sharma,Hyderabad,False
8235,Vihaan Verma,Jaipur,False
8236,Saanvi Gupta,Gurgaon,True
8237,Aarav Singh,Delhi,False
8238,Advik Singh,Lucknow,False
8239,Ananya Singh,Lucknow,False
8240,Saanvi Verma,Pune,False
8241,Ananya Gupta,Kolkata,False
8242,Aarav Patel,Jaipur,False
8243,Ananya Gupta,Jaipur,False
8244,Aarav Sharma,Gurgaon,True
8245,Advik Singh,Delhi,True
8246,Diya Gupta,Kolkata,False
8247,Saanvi Sharma,Delhi,False
8248,Aarav Singh,Gurgaon,False
8249,Saanvi Gupta,Kolkata,True
8250,Advik Singh,Jaipur,False
8251,Advik Gupta,Chennai,False
8252,Diya Verma,Delhi,False
8253,Ananya Patel,Hyderabad,False
8254,Advik Singh,Gurgaon,False
8255,Vihaan Gupta,Hyderabad,False
8256,Diya Verma,Chennai,False
8257,Ananya Patel,Kolkata,False
8258,Diya Sharma,Gurgaon,False
8259,Advik Patel,Hyderabad,False
8260,Aarav Verma,Hyderabad,False
8261,Aarav Verma,Kolkata,True
8262,Ananya Verma,Mumbai,False
8263,Ananya Verma,Gurgaon,False
8264,Advik Verma,Noida,False
8265,Saanvi Verma,Chennai,False
8266,Saanvi Patel,Noida,False
8267,Aarav Gupta,Ahmedabad,False
8268,Vihaan Sharma,Lucknow,True
8269,Diya Verma,Chennai,False
8270,Diya Gupta,Ahmedabad,False
8271,Diya Sharma,Ahmedabad,False
8272,Ananya Verma,Lucknow,False
8273,Saanvi Singh,Kolkata,False
8274,Saanvi Sharma,Bangalore,False
8275,Advik Singh,Noida,False
8276,Aarav Sharma,Bangalore,False
8277,Vihaan Verma,Delhi,False
8278,Saanvi Verma,Chennai,False
8279,Diya Sharma,Delhi,False
8280,Saanvi Patel,Kolkata,False
8281,Vihaan Gupta,Kolkata,False
8282,Diya Gupta,Gurgaon,False
8283,Saanvi Gupta,Noida,False
8284,Saanvi Verma,Bangalore,False
8285,Ananya Gupta,Pune,False
8286,Aarav Patel,Delhi,False
8287,Saanvi Patel,Lucknow,False
8288,Saanvi Gupta,Delhi,False
8289,Diya Verma,Ahmedabad,False
8290,Saanvi Gupta,Bangalore,True
8291,Advik Patel,Delhi,False
8292,Vihaan Singh,Jaipur,False
8293,Ananya Sharma,Ahmedabad,False
8294,Ananya Singh,Delhi,False
8295,Saanvi Verma,Bangalore,True
8296,Aarav Gupta,Lucknow,False
8297,Vihaan Verma,Chennai,False
8298,Aarav Sharma,Delhi,False
8299,Vihaan Patel,Hyderabad,False
8300,Aarav Verma,Mumbai,False
8301,Diya Gupta,Gurgaon,False
8302,Aarav Patel,Mumbai,False
8303,Saanvi Singh,Noida,False
8304,Advik Verma,Gurgaon,False
8305,Saanvi Patel,Chennai,True
8306,Diya Singh,Jaipur,False
8307,Saanvi Singh,Bangalore,False
8308,Diya Verma,Mumbai,False
8309,Advik Patel,Noida,False
8310,Saanvi Gupta,Delhi,False
8311,Advik Verma,Mumbai,False
8312,Saanvi Verma,Noida,False
8313,Saanvi Gupta,Noida,False
8314,Diya Singh,Pune,False
8315,Advik Sharma,Noida,True
8316,Saanvi Verma,Kolkata,False
8317,Diya Gupta,Kolkata,True
8318,Advik Singh,Lucknow,True
8319,Ananya Verma,Chennai,False
8320,Aarav Patel,Gurgaon,False
8321,Aarav Patel,Delhi,False
8322,Ananya Patel,Kolkata,True
8323,Diya Patel,Bangalore,False
8324,Diya Sharma,Gurgaon,False
8325,Aarav Gupta,Hyderabad,True
8326,Vihaan Singh,Jaipur,False
8327,Ananya Verma,Noida,False
8328,Vihaan Verma,Delhi,False
8329,Saanvi Sharma,Ahmedabad,False
8330,Diya Gupta,Pune,False
8331,Vihaan Patel,Hyderabad,False
8332,Ananya Patel,Hyderabad,False
8333,Ananya Verma,Lucknow,False
8334,Saanvi Sharma,Mumbai,False
8335,Diya Verma,Chennai,False
8336,Diya Gupta,Chennai,False
8337,Diya Patel,Hyderabad,False
8338,Saanvi Gupta,Delhi,True
8339,Vihaan Sharma,Pune,True
8340,Aarav Verma,Ahmedabad,False
8341,Aarav Patel,Chennai,False
8342,Saanvi Patel,Jaipur,False
8343,Advik Sharma,Hyderabad,False
8344,Advik Singh,Delhi,False
8345,Diya Sharma,Gurgaon,False
8346,Vihaan Sharma,Chennai,False
8347,Diya Sharma,Kolkata,False
8348,Vihaan Gupta,Jaipur,False
8349,Ananya Sharma,Noida,False
8350,Vihaan Patel,Kolkata,False
8351,Vihaan Singh,Noida,False
8352,Aarav Patel,Gurgaon,False
8353,Diya Singh,Gurgaon,False
8354,Diya Sharma,Mumbai,False
8355,Vihaan Gupta,Chennai,False
8356,Saanvi Patel,Jaipur,False
8357,Saanvi Verma,Delhi,False
8358,Diya Verma,Mumbai,False
8359,Vihaan Gupta,Kolkata,False
8360,Saanvi Singh,Chennai,False
8361,Diya Gupta,Chennai,False
8362,Aarav Gupta,Ahmedabad,False
8363,Advik Sharma,Kolkata,False
8364,Diya Verma,Delhi,False
8365,Ananya Singh,Mumbai,False
8366,Ananya Verma,Gurgaon,True
8367,Advik Patel,Chennai,False
8368,Saanvi Gupta,Gurgaon,False
8369,Aarav Sharma,Delhi,True
8370,Advik Singh,Noida,False
8371,Diya Gupta,Pune,False
8372,Ananya Singh,Chennai,False
8373,Advik Patel,Gurgaon,False
8374,Diya Patel,Hyderabad,False
8375,Ananya Gupta,Lucknow,True
8376,Vihaan Patel,Mumbai,False
8377,Ananya Singh,Ahmedabad,False
8378,Saanvi Singh,Mumbai,False
8379,Diya Patel,Jaipur,False
8380,Saanvi Singh,Delhi,False
8381,Vihaan Singh,Ahmedabad,False
8382,Advik Singh,Gurgaon,False
8383,Diya Patel,Chennai,False
8384,Saanvi Verma,Kolkata,False
8385,Diya Verma,Noida,False
8386,Diya Patel,Bangalore,False
8387,Diya Sharma,Lucknow,False
8388,Aarav Singh,Hyderabad,False
8389,Aarav Verma,Ahmedabad,False
8390,Vihaan Verma,Lucknow,False
8391,Diya Patel,Lucknow,False
8392,Ananya Verma,Bangalore,False
8393,Saanvi Verma,Mumbai,False
8394,Vihaan Patel,Kolkata,False
8395,Ananya Gupta,Noida,True
8396,Diya Sharma,Noida,False
8397,Ananya Verma,Lucknow,False
8398,Diya Patel,Chennai,False
8399,Vihaan Gupta,Gurgaon,False
8400,Diya Gupta,Bangalore,False
8401,Aarav Verma,Ahmedabad,False
8402,Diya Sharma,Mumbai,False
8403,Ananya Gupta,Ahmedabad,False
8404,Advik Gupta,Pune,False
8405,Ananya Verma,Delhi,False
8406,Advik Patel,Mumbai,False
8407,Ananya Gupta,Pune,False
8408,Advik Sharma,Chennai,False
8409,Diya Singh,Pune,False
8410,Ananya Gupta,Mumbai,False
8411,Diya Patel,Ahmedabad,False
8412,Diya Patel,Noida,True
8413,Vihaan Sharma,Hyderabad,False
8414,Vihaan Verma,Delhi,False
8415,Aarav Singh,Mumbai,False
8416,Aarav Patel,Jaipur,False
8417,Advik Singh,Noida,False
8418,Advik Patel,Lucknow,False
8419,Diya Patel,Ahmedabad,False
8420,Vihaan Patel,Gurgaon,False
8421,Saanvi Sharma,Pune,False
8422,Ananya Patel,Chennai,False
8423,Vihaan Patel,Delhi,False
8424,Saanvi Patel,Noida,False
8425,Aarav Singh,Mumbai,False
8426,Vihaan Patel,Ahmedabad,False
8427,Diya Sharma,Mumbai,False
8428,Saanvi Sharma,Bangalore,False
8429,Ananya Gupta,Lucknow,True
8430,Aarav Verma,Lucknow,False
8431,Saanvi Sharma,Delhi,False
8432,Diya Gupta,Pune,False
8433,Ananya Sharma,Noida,False
8434,Diya Patel,Bangalore,False
8435,Saanvi Sharma,Mumbai,False
8436,Ananya Singh,Noida,False
8437,Diya Gupta,Lucknow,False
8438,Aarav Gupta,Bangalore,False
8439,Saanvi Patel,Gurgaon,False
8440,Vihaan Sharma,Hyderabad,False
8441,Diya Sharma,Gurgaon,False
8442,Ananya Gupta,Jaipur,False
8443,Vihaan Verma,Mumbai,False
8444,Ananya Patel,Gurgaon,False
8445,Vihaan Patel,Hyderabad,False
8446,Saanvi Sharma,Noida,True
8447,Aarav Gupta,Chennai,False
8448,Advik Verma,Hyderabad,False
8449,Diya Sharma,Pune,False
8450,Advik Gupta,Ahmedabad,False
8451,Advik Singh,Mumbai,True
8452,Aarav Sharma,Kolkata,False
8453,Advik Singh,Lucknow,False
8454,Advik Verma,Chennai,True
8455,Vihaan Sharma,Delhi,False
8456,Vihaan Patel,Jaipur,False
8457,Vihaan Verma,Hyderabad,False
8458,Advik Singh,Mumbai,False
8459,Advik Verma,Gurgaon,False
8460,Advik Verma,Kolkata,False
8461,Ananya Patel,Lucknow,False
8462,Ananya Sharma,Delhi,False
8463,Vihaan Patel,Lucknow,False
8464,Ananya Patel,Bangalore,False
8465,Diya Gupta,Gurgaon,False
8466,Aarav Gupta,Bangalore,False
8467,Diya Verma,Kolkata,False
8468,Diya Verma,Chennai,False
8469,Advik Patel,Hyderabad,False
8470,Vihaan Gupta,Lucknow,False
8471,Diya Singh,Hyderabad,False
8472,Saanvi Singh,Jaipur,False
8473,Diya Verma,Pune,False
8474,Saanvi Gupta,Hyderabad,False
8475,Ananya Gupta,Kolkata,False
8476,Advik Singh,Bangalore,False
8477,Diya Gupta,Gurgaon,False
8478,Diya Gupta,Hyderabad,False
8479,Saanvi Sharma,Bangalore,False
8480,Advik Sharma,Hyderabad,False
8481,Advik Sharma,Lucknow,False
8482,Ananya Singh,Kolkata,False
8483,Aarav Sharma,Jaipur,True
8484,Ananya Sharma,Kolkata,True
8485,Saanvi Gupta,Gurgaon,False
8486,Diya Verma,Pune,False
8487,Diya Singh,Jaipur,False
8488,Saanvi Verma,Bangalore,False
8489,Advik Verma,Mumbai,False
8490,Advik Verma,Mumbai,False
8491,Aarav Gupta,Lucknow,False
8492,Aarav Gupta,Bangalore,False
8493,Aarav Sharma,Gurgaon,False
8494,Vihaan Singh,Pune,False
8495,Ananya Singh,Chennai,False
8496,Aarav Sharma,Lucknow,True
8497,Ananya Verma,Kolkata,False
8498,Vihaan Gupta,Kolkata,False
8499,Saanvi Gupta,Gurgaon,False
8500,Vihaan Verma,Kolkata,False
8501,Vihaan Gupta,Kolkata,False
8502,Diya Singh,Gurgaon,False
8503,Aarav Gupta,Hyderabad,False
8504,Aarav Verma,Bangalore,False
8505,Vihaan Gupta,Gurgaon,False
8506,Vihaan Singh,Chennai,True
8507,Saanvi Verma,Bangalore,False
8508,Aarav Patel,Mumbai,False
8509,Saanvi Sharma,Noida,False
8510,Diya Singh,Delhi,False
8511,Saanvi Gupta,Pune,False
8512,Advik Singh,Hyderabad,False
8513,Saanvi Gupta,Chennai,False
8514,Aarav Gupta,Bangalore,False
8515,Aarav Singh,Kolkata,False
8516,Vihaan Sharma,Jaipur,False
8517,Ananya Gupta,Kolkata,False
8518,Vihaan Gupta,Hyderabad,False
8519,Diya Patel,Mumbai,False
8520,Vihaan Patel,Bangalore,False
8521,Saanvi Gupta,Bangalore,False
8522,Advik Verma,Chennai,False
8523,Vihaan Patel,Delhi,False
8524,Vihaan Sharma,Gurgaon,False
8525,Ananya Verma,Lucknow,False
8526,Saanvi Verma,Mumbai,False
8527,Vihaan Singh,Pune,False
8528,Vihaan Verma,Pune,False
8529,Ananya Sharma,Lucknow,False
8530,Ananya Verma,Jaipur,False
8531,Vihaan Sharma,Hyderabad,False
8532,Aarav Gupta,Delhi,False
8533,Vihaan Verma,Bangalore,False
8534,Aarav Singh,Jaipur,True
8535,Ananya Gupta,Ahmedabad,False
8536,Aarav Patel,Pune,False
8537,Saanvi Sharma,Pune,False
8538,Saanvi Gupta,Chennai,False
8539,Aarav Sharma,Kolkata,False
8540,Ananya Gupta,Delhi,False
8541,Vihaan Patel,Mumbai,False
8542,Advik Sharma,Kolkata,True
8543,Vihaan Gupta,Mumbai,False
8544,Saanvi Verma,Jaipur,False
8545,Advik Gupta,Delhi,False
8546,Diya Sharma,Chennai,False
8547,Ananya Gupta,Gurgaon,False
8548,Diya Singh,Hyderabad,False
8549,Advik Verma,Pune,False
8550,Aarav Singh,Delhi,False
8551,Vihaan Sharma,Lucknow,False
8552,Advik Gupta,Jaipur,False
8553,Ananya Verma,Mumbai,False
8554,Aarav Singh,Noida,False
8555,Ananya Sharma,Pune,False
8556,Ananya Patel,Ahmedabad,False
8557,Advik Gupta,Lucknow,False
8558,Advik Singh,Gurgaon,False
8559,Ananya Verma,Lucknow,False
8560,Diya Sharma,Ahmedabad,True
8561,Advik Sharma,Delhi,True
8562,Ananya Singh,Jaipur,True
8563,Aarav Verma,Kolkata,False
8564,Advik Patel,Ahmedabad,False
8565,Advik Patel,Hyderabad,True
8566,Diya Sharma,Noida,False
8567,Advik Patel,Delhi,False
8568,Advik Singh,Jaipur,False
8569,Ananya Sharma,Ahmedabad,False
8570,Ananya Singh,Kolkata,True
8571,Ananya Sharma,Lucknow,False
8572,Ananya Singh,Ahmedabad,False
8573,Vihaan Singh,Gurgaon,False
8574,Aarav Sharma,Gurgaon,False
8575,Saanvi Singh,Bangalore,False
8576,Saanvi Patel,Delhi,False
8577,Ananya Singh,Bangalore,False
8578,Diya Verma,Chennai,False
8579,Aarav Singh,Ahmedabad,False
8580,Saanvi Sharma,Ahmedabad,False
8581,Diya Patel,Gurgaon,False
8582,Advik Patel,Kolkata,False
8583,Advik Gupta,Delhi,False
8584,Ananya Gupta,Kolkata,False
8585,Diya Singh,Delhi,False
8586,Diya Gupta,Kolkata,True
8587,Diya Singh,Ahmedabad,False
8588,Diya Singh,Chennai,True
8589,Advik Gupta,Gurgaon,False
8590,Aarav Singh,Pune,False
8591,Aarav Gupta,Lucknow,False
8592,Ananya Singh,Hyderabad,False
8593,Vihaan Sharma,Ahmedabad,True
8594,Saanvi Singh,Hyderabad,False
8595,Vihaan Sharma,Jaipur,True
8596,Ananya Patel,Chennai,False
8597,Vihaan Verma,Gurgaon,False
8598,Diya Verma,Mumbai,False
8599,Aarav Singh,Gurgaon,False
8600,Diya Sharma,Kolkata,False
8601,Diya Sharma,Chennai,False
8602,Diya Verma,Mumbai,False
8603,Vihaan Gupta,Lucknow,True
8604,Ananya Gupta,Chennai,False
8605,Saanvi Sharma,Chennai,False
8606,Aarav Patel,Jaipur,False
8607,Saanvi Patel,Kolkata,False
8608,Vihaan Patel,Gurgaon,False
8609,Diya Verma,Ahmedabad,False
8610,Vihaan Gupta,Noida,True
8611,Vihaan Sharma,Hyderabad,False
8612,Ananya Verma,Ahmedabad,False
8613,Saanvi Sharma,Mumbai,True
8614,Aarav Gupta,Hyderabad,False
8615,Advik Gupta,Kolkata,False
8616,Aarav Singh,Jaipur,False
8617,Ananya Sharma,Gurgaon,False
8618,Advik Singh,Chennai,False
8619,Diya Singh,Bangalore,False
8620,Diya Verma,Chennai,True
8621,Advik Singh,Bangalore,False
8622,Vihaan Singh,Chennai,False
8623,Aarav Sharma,Bangalore,False
8624,Aarav Verma,Hyderabad,False
8625,Ananya Sharma,Chennai,False
8626,Diya Singh,Delhi,False
8627,Aarav Gupta,Ahmedabad,False
8628,Aarav Gupta,Delhi,False
8629,Saanvi Verma,Ahmedabad,False
8630,Aarav Gupta,Delhi,False
8631,Diya Sharma,Jaipur,False
8632,Aarav Verma,Hyderabad,False
8633,Diya Patel,Ahmedabad,False
8634,Ananya Singh,Lucknow,False
8635,Advik Patel,Noida,False
8636,Diya Sharma,Chennai,False
8637,Diya Patel,Chennai,False
8638,Ananya Gupta,Pune,False
8639,Vihaan Verma,Pune,False
8640,Vihaan Gupta,Ahmedabad,False
8641,Diya Verma,Jaipur,True
8642,Diya Verma,Gurgaon,True
8643,Ananya Sharma,Hyderabad,False
8644,Aarav Patel,Mumbai,False
8645,Diya Singh,Lucknow,False
8646,Aarav Gupta,Delhi,False
8647,Vihaan Patel,Noida,True
8648,Aarav Sharma,Pune,False
8649,Aarav Patel,Kolkata,False
8650,Aarav Sharma,Kolkata,False
8651,Advik Verma,Jaipur,False
8652,Diya Patel,Bangalore,False
8653,Saanvi Singh,Noida,False
8654,Saanvi Verma,Pune,True
8655,Aarav Verma,Pune,True
8656,Aarav Verma,Delhi,False
8657,Aarav Patel,Lucknow,False
8658,Aarav Gupta,Delhi,False
8659,Vihaan Verma,Chennai,False
8660,Diya Patel,Lucknow,True
8661,Ananya Singh,Mumbai,False
8662,Diya Sharma,Kolkata,False
8663,Aarav Singh,Gurgaon,False
8664,Saanvi Patel,Gurgaon,False
8665,Aarav Sharma,Hyderabad,False
8666,Ananya Singh,Pune,False
8667,Vihaan Verma,Gurgaon,False
8668,Diya Patel,Pune,False
8669,Diya Gupta,Mumbai,False
8670,Diya Gupta,Pune,False
8671,Advik Patel,Ahmedabad,False
8672,Advik Verma,Hyderabad,False
8673,Saanvi Verma,Noida,False
8674,Advik Gupta,Delhi,False
8675,Saanvi Singh,Pune,True
8676,Diya Sharma,Hyderabad,False
8677,Diya Gupta,Hyderabad,False
8678,Saanvi Patel,Mumbai,False
8679,Diya Verma,Delhi,False
8680,Aarav Sharma,Mumbai,False
8681,Advik Singh,Lucknow,False
8682,Diya Sharma,Bangalore,False
8683,Diya Sharma,Noida,False
8684,Aarav Sharma,Pune,False
8685,Advik Singh,Gurgaon,False
8686,Advik Singh,Lucknow,False
8687,Advik Patel,Pune,False
8688,Advik Sharma,Gurgaon,True
8689,Saanvi Verma,Noida,False
8690,Aarav Sharma,Gurgaon,False
8691,Aarav Sharma,Gurgaon,False
8692,Vihaan Singh,Chennai,False
8693,Ananya Patel,Hyderabad,False
8694,Aarav Singh,Ahmedabad,False
8695,Aarav Singh,Delhi,False
8696,Diya Sharma,Mumbai,False
8697,Aarav Verma,Delhi,False
8698,Ananya Sharma,Chennai,False
8699,Advik Singh,Gurgaon,False
8700,Vihaan Verma,Lucknow,False
8701,Ananya Patel,Jaipur,False
8702,Saanvi Gupta,Chennai,False
8703,Vihaan Patel,Delhi,False
8704,Saanvi Sharma,Hyderabad,False
8705,Ananya Verma,Mumbai,False
8706,Aarav Gupta,Kolkata,False
8707,Advik Patel,Bangalore,False
8708,Diya Gupta,Hyderabad,False
8709,Saanvi Sharma,Jaipur,False
8710,Saanvi Singh,Hyderabad,False
8711,Diya Verma,Kolkata,False
8712,Diya Verma,Pune,False
8713,Saanvi Verma,Hyderabad,False
8714,Advik Gupta,Ahmedabad,False
8715,Ananya Verma,Kolkata,False
8716,Diya Singh,Ahmedabad,False
8717,Aarav Gupta,Jaipur,True
8718,Vihaan Gupta,Kolkata,False
8719,Aarav Singh,Kolkata,False
8720,Aarav Singh,Mumbai,False
8721,Advik Sharma,Gurgaon,False
8722,Ananya Singh,Kolkata,False
8723,Saanvi Sharma,Noida,False
8724,Aarav Singh,Jaipur,False
8725,Advik Patel,Hyderabad,False
8726,Ananya Gupta,Noida,False
8727,Vihaan Patel,Ahmedabad,False
8728,Diya Sharma,Delhi,False
8729,Saanvi Gupta,Chennai,False
8730,Vihaan Patel,Jaipur,False
8731,Saanvi Verma,Gurgaon,False
8732,Aarav Patel,Noida,False
8733,Saanvi Patel,Bangalore,False
8734,Vihaan Patel,Lucknow,True
8735,Aarav Patel,Bangalore,False
8736,Aarav Sharma,Mumbai,False
8737,Aarav Sharma,Delhi,False
8738,Diya Sharma,Noida,True
8739,Advik Singh,Hyderabad,False
8740,Ananya Patel,Lucknow,False
8741,Vihaan Sharma,Hyderabad,True
8742,Saanvi Patel,Ahmedabad,False
8743,Vihaan Patel,Pune,False
8744,Diya Patel,Kolkata,True
8745,Saanvi Patel,Noida,False
8746,Vihaan Verma,Delhi,True
8747,Saanvi Gupta,Ahmedabad,False
8748,Saanvi Singh,Lucknow,False
8749,Diya Gupta,Chennai,False
8750,Aarav Patel,Bangalore,False
8751,Aarav Patel,Ahmedabad,False
8752,Vihaan Sharma,Noida,False
8753,Aarav Patel,Jaipur,False
8754,Ananya Sharma,Gurgaon,False
8755,Saanvi Verma,Mumbai,False
8756,Diya Gupta,Delhi,False
8757,Diya Patel,Hyderabad,False
8758,Vihaan Gupta,Lucknow,False
8759,Aarav Singh,Gurgaon,False
8760,Aarav Verma,Bangalore,False
8761,Advik Sharma,Jaipur,False
8762,Vihaan Verma,Chennai,False
8763,Advik Verma,Lucknow,False
8764,Diya Sharma,Bangalore,False
8765,Advik Verma,Gurgaon,False
8766,Advik Patel,Kolkata,False
8767,Vihaan Verma,Chennai,False
8768,Advik Singh,Pune,False
8769,Saanvi Patel,Pune,False
8770,Vihaan Singh,Jaipur,False
8771,Diya Patel,Delhi,False
8772,Aarav Sharma,Pune,False
8773,Vihaan Verma,Mumbai,False
8774,Aarav Patel,Jaipur,False
8775,Ananya Patel,Gurgaon,False
8776,Ananya Gupta,Jaipur,False
8777,Saanvi Sharma,Lucknow,False
8778,Saanvi Verma,Gurgaon,False
8779,Advik Sharma,Bangalore,False
8780,Advik Sharma,Jaipur,False
8781,Saanvi Gupta,Noida,False
8782,Diya Verma,Delhi,False
8783,Saanvi Singh,Noida,False
8784,Vihaan Verma,Hyderabad,False
8785,Ananya Sharma,Ahmedabad,False
8786,Vihaan Patel,Chennai,False
8787,Advik Patel,Kolkata,False
8788,Diya Verma,Jaipur,False
8789,Advik Verma,Kolkata,False
8790,Diya Patel,Chennai,False
8791,Aarav Patel,Lucknow,False
8792,Ananya Singh,Pune,False
8793,Aarav Sharma,Gurgaon,False
8794,Diya Singh,Mumbai,False
8795,Advik Singh,Bangalore,False
8796,Diya Singh,Noida,False
8797,Vihaan Gupta,Ahmedabad,False
8798,Vihaan Verma,Hyderabad,True
8799,Aarav Patel,Mumbai,False
8800,Vihaan Sharma,Jaipur,False
8801,Saanvi Verma,Kolkata,False
8802,Saanvi Gupta,Lucknow,False
8803,Advik Singh,Hyderabad,False
8804,Vihaan Sharma,Mumbai,False
8805,Saanvi Patel,Ahmedabad,False
8806,Vihaan Singh,Hyderabad,False
8807,Ananya Gupta,Ahmedabad,False
8808,Vihaan Sharma,Gurgaon,False
8809,Aarav Patel,Gurgaon,False
8810,Advik Gupta,Bangalore,False
8811,Ananya Sharma,Noida,False
8812,Vihaan Singh,Kolkata,False
8813,Vihaan Singh,Chennai,True
8814,Advik Gupta,Chennai,False
8815,Saanvi Sharma,Mumbai,False
8816,Aarav Sharma,Ahmedabad,False
8817,Ananya Patel,Pune,False
8818,Vihaan Singh,Bangalore,False
8819,Aarav Sharma,Hyderabad,False
8820,Diya Verma,Bangalore,False
8821,Aarav Verma,Jaipur,False
8822,Vihaan Sharma,Jaipur,False
8823,Saanvi Gupta,Lucknow,False
8824,Saanvi Gupta,Hyderabad,False
8825,Ananya Verma,Kolkata,False
8826,Diya Patel,Bangalore,False
8827,Advik Sharma,Kolkata,False
8828,Diya Singh,Hyderabad,False
8829,Diya Patel,Noida,False
8830,Diya Gupta,Mumbai,False
8831,Aarav Gupta,Chennai,False
8832,Ananya Sharma,Mumbai,False
8833,Diya Singh,Pune,False
8834,Aarav Sharma,Lucknow,False
8835,Ananya Gupta,Ahmedabad,True
8836,Ananya Sharma,Gurgaon,False
8837,Vihaan Patel,Noida,False
8838,Vihaan Patel,Mumbai,False
8839,Ananya Sharma,Delhi,False
8840,Ananya Sharma,Lucknow,False
8841,Diya Patel,Kolkata,False
8842,Diya Sharma,Jaipur,False
8843,Vihaan Sharma,Chennai,False
8844,Saanvi Gupta,Chennai,False
8845,Vihaan Verma,Bangalore,False
8846,Advik Sharma,Chennai,False
8847,Advik Verma,Gurgaon,False
8848,Saanvi Gupta,Hyderabad,False
8849,Ananya Sharma,Jaipur,False
8850,Ananya Singh,Noida,False
8851,Ananya Verma,Kolkata,False
8852,Aarav Sharma,Delhi,False
8853,Vihaan Gupta,Chennai,False
8854,Diya Verma,Gurgaon,False
8855,Advik Patel,Ahmedabad,False
8856,Aarav Verma,Delhi,False
8857,Ananya Patel,Kolkata,True
8858,Vihaan Sharma,Pune,False
8859,Ananya Patel,Ahmedabad,True
8860,Advik Singh,Delhi,False
8861,Diya Sharma,Pune,False
8862,Vihaan Verma,Kolkata,False
8863,Vihaan Gupta,Jaipur,False
8864,Saanvi Gupta,Lucknow,False
8865,Advik Verma,Mumbai,False
8866,Ananya Patel,Noida,False
8867,Diya Singh,Kolkata,False
8868,Aarav Sharma,Lucknow,False
8869,Diya Patel,Ahmedabad,False
8870,Saanvi Gupta,Chennai,False
8871,Vihaan Singh,Pune,False
8872,Saanvi Sharma,Delhi,False
8873,Aarav Patel,Kolkata,False
8874,Ananya Patel,Kolkata,False
8875,Aarav Sharma,Chennai,False
8876,Vihaan Verma,Delhi,False
8877,Vihaan Singh,Jaipur,False
8878,Diya Sharma,Mumbai,False
8879,Vihaan Gupta,Gurgaon,False
8880,Saanvi Sharma,Bangalore,False
8881,Saanvi Patel,Ahmedabad,False
8882,Saanvi Verma,Mumbai,False
8883,Diya Gupta,Noida,False
8884,Saanvi Sharma,Jaipur,False
8885,Advik Patel,Lucknow,False
8886,Advik Verma,Gurgaon,False
8887,Ananya Singh,Mumbai,False
8888,Vihaan Verma,Ahmedabad,False
8889,Saanvi Patel,Ahmedabad,False
8890,Vihaan Patel,Chennai,False
8891,Advik Patel,Ahmedabad,False
8892,Saanvi Sharma,Ahmedabad,False
8893,Ananya Verma,Kolkata,False
8894,Saanvi Verma,Mumbai,False
8895,Advik Sharma,Lucknow,True
8896,Vihaan Singh,Kolkata,False
8897,Advik Patel,Jaipur,False
8898,Ananya Gupta,Chennai,False
8899,Saanvi Gupta,Pune,False
8900,Aarav Singh,Noida,False
8901,Vihaan Singh,Bangalore,False
8902,Ananya Gupta,Lucknow,False
8903,Diya Gupta,Kolkata,False
8904,Diya Sharma,Jaipur,False
8905,Ananya Patel,Lucknow,False
8906,Vihaan Patel,Ahmedabad,False
8907,Saanvi Patel,Jaipur,True
8908,Advik Patel,Noida,False
8909,Ananya Singh,Ahmedabad,False
8910,Saanvi Singh,Chennai,False
8911,Advik Sharma,Noida,False
8912,Ananya Verma,Pune,False
8913,Diya Verma,Mumbai,False
8914,Saanvi Sharma,Lucknow,False
8915,Diya Singh,Delhi,False
8916,Saanvi Verma,Chennai,False
8917,Saanvi Sharma,Gurgaon,False
8918,Vihaan Singh,Kolkata,False
8919,Vihaan Verma,Jaipur,False
8920,Ananya Gupta,Mumbai,False
8921,Vihaan Singh,Kolkata,False
8922,Ananya Verma,Ahmedabad,False
8923,Aarav Verma,Hyderabad,True
8924,Vihaan Singh,Chennai,False
8925,Diya Verma,Chennai,False
8926,Saanvi Gupta,Delhi,False
8927,Diya Verma,Pune,False
8928,Aarav Verma,Bangalore,False
8929,Vihaan Gupta,Gurgaon,False
8930,Ananya Singh,Kolkata,False
8931,Aarav Patel,Hyderabad,False
8932,Ananya Gupta,Chennai,False
8933,Aarav Verma,Mumbai,True
8934,Aarav Singh,Pune,True
8935,Diya Gupta,Pune,False
8936,Ananya Patel,Pune,False
8937,Diya Sharma,Bangalore,False
8938,Advik Verma,Lucknow,False
8939,Saanvi Verma,Gurgaon,False
8940,Aarav Singh,Chennai,True
8941,Saanvi Singh,Delhi,False
8942,Vihaan Verma,Ahmedabad,False
8943,Saanvi Sharma,Chennai,False
8944,Ananya Singh,Ahmedabad,False
8945,Vihaan Sharma,Pune,False
8946,Ananya Gupta,Kolkata,False
8947,Vihaan Singh,Hyderabad,False
8948,Diya Sharma,Gurgaon,False
8949,Advik Patel,Lucknow,False
8950,Vihaan Verma,Lucknow,False
8951,Diya Verma,Kolkata,False
8952,Aarav Gupta,Lucknow,False
8953,Aarav Sharma,Ahmedabad,False
8954,Saanvi Verma,Noida,False
8955,Saanvi Verma,Noida,False
8956,Advik Sharma,Bangalore,False
8957,Vihaan Verma,Mumbai,False
8958,Ananya Gupta,Lucknow,True
8959,Aarav Singh,Kolkata,True
8960,Saanvi Singh,Mumbai,False
8961,Aarav Gupta,Lucknow,False
8962,Aarav Sharma,Hyderabad,False
8963,Vihaan Gupta,Pune,False
8964,Diya Singh,Kolkata,False
8965,Vihaan Sharma,Noida,False
8966,Aarav Patel,Lucknow,False
8967,Vihaan Verma,Kolkata,False
8968,Aarav Patel,Bangalore,False
8969,Diya Patel,Bangalore,False
8970,Ananya Verma,Mumbai,False
8971,Vihaan Verma,Noida,True
8972,Aarav Patel,Bangalore,False
8973,Advik Verma,Lucknow,False
8974,Saanvi Gupta,Bangalore,False
8975,Aarav Gupta,Pune,False
8976,Ananya Singh,Jaipur,False
8977,Diya Verma,Ahmedabad,False
8978,Aarav Singh,Hyderabad,False
8979,Saanvi Patel,Jaipur,False
8980,Aarav Sharma,Bangalore,False
8981,Advik Patel,Mumbai,False
8982,Ananya Singh,Jaipur,False
8983,Advik Patel,Chennai,False
8984,Ananya Singh,Noida,True
8985,Advik Singh,Jaipur,False
8986,Saanvi Singh,Pune,False
8987,Saanvi Gupta,Chennai,False
8988,Diya Verma,Gurgaon,False
8989,Saanvi Gupta,Gurgaon,False
8990,Advik Gupta,Mumbai,False
8991,Saanvi Patel,Pune,False
8992,Diya Singh,Gurgaon,False
8993,Aarav Singh,Delhi,False
8994,Advik Patel,Ahmedabad,False
8995,Vihaan Patel,Pune,False
8996,Advik Sharma,Kolkata,False
8997,Vihaan Singh,Lucknow,False
8998,Saanvi Singh,Pune,False
8999,Aarav Sharma,Chennai,False
9000,Diya Sharma,Lucknow,False
9001,Diya Sharma,Chennai,False
9002,Saanvi Singh,Ahmedabad,False
9003,Vihaan Sharma,Jaipur,False
9004,Saanvi Singh,Noida,False
9005,Diya Patel,Chennai,False
9006,Vihaan Singh,Kolkata,False
9007,Aarav Verma,Pune,False
9008,Saanvi Gupta,Hyderabad,False
9009,Saanvi Gupta,Delhi,False
9010,Aarav Sharma,Kolkata,False
9011,Advik Patel,Lucknow,False
9012,Aarav Patel,Gurgaon,True
9013,Saanvi Sharma,Gurgaon,True
9014,Advik Singh,Gurgaon,False
9015,Aarav Gupta,Bangalore,True
9016,Diya Sharma,Jaipur,False
9017,Diya Gupta,Mumbai,False
9018,Vihaan Singh,Ahmedabad,False
9019,Saanvi Singh,Kolkata,False
9020,Saanvi Verma,Lucknow,False
9021,Diya Sharma,Lucknow,True
9022,Aarav Sharma,Mumbai,False
9023,Advik Sharma,Mumbai,False
9024,Aarav Sharma,Gurgaon,False
9025,Ananya Sharma,Jaipur,False
9026,Ananya Sharma,Bangalore,False
9027,Ananya Patel,Gurgaon,False
9028,Saanvi Verma,Jaipur,False
9029,Vihaan Sharma,Delhi,True
9030,Saanvi Verma,Kolkata,False
9031,Diya Gupta,Kolkata,False
9032,Diya Gupta,Lucknow,False
9033,Saanvi Gupta,Lucknow,False
9034,Advik Singh,Chennai,False
9035,Saanvi Singh,Jaipur,False
9036,Vihaan Gupta,Bangalore,False
9037,Saanvi Patel,Jaipur,False
9038,Saanvi Verma,Mumbai,False
9039,Diya Gupta,Delhi,False
9040,Saanvi Verma,Gurgaon,False
9041,Saanvi Gupta,Delhi,False
9042,Vihaan Verma,Gurgaon,False
9043,Advik Verma,Gurgaon,False
9044,Diya Patel,Lucknow,False
9045,Diya Patel,Delhi,False
9046,Diya Sharma,Ahmedabad,False
9047,Diya Sharma,Gurgaon,False
9048,Saanvi Sharma,Chennai,False
9049,Advik Singh,Ahmedabad,False
9050,Ananya Gupta,Kolkata,False
9051,Advik Sharma,Hyderabad,False
9052,Ananya Patel,Noida,False
9053,Saanvi Sharma,Lucknow,False
9054,Ananya Gupta,Chennai,True
9055,Advik Patel,Ahmedabad,False
9056,Vihaan Gupta,Chennai,False
9057,Ananya Verma,Gurgaon,False
9058,Aarav Sharma,Delhi,True
9059,Aarav Patel,Chennai,False
9060,Aarav Patel,Pune,False
9061,Diya Patel,Kolkata,False
9062,Saanvi Gupta,Kolkata,False
9063,Vihaan Sharma,Hyderabad,False
9064,Advik Singh,Delhi,False
9065,Vihaan Sharma,Lucknow,False
9066,Saanvi Verma,Lucknow,False
9067,Advik Sharma,Mumbai,False
9068,Vihaan Singh,Pune,False
9069,Advik Singh,Lucknow,False
9070,Aarav Gupta,Chennai,False
9071,Vihaan Patel,Ahmedabad,False
9072,Diya Patel,Delhi,False
9073,Vihaan Sharma,Pune,False
9074,Saanvi Gupta,Kolkata,False
9075,Ananya Singh,Pune,False
9076,Ananya Verma,Kolkata,False
9077,Diya Sharma,Gurgaon,False
9078,Ananya Singh,Bangalore,True
9079,Diya Sharma,Gurgaon,False
9080,Ananya Patel,Mumbai,False
9081,Ananya Verma,Kolkata,False
9082,Vihaan Singh,Gurgaon,False
9083,Diya Patel,Ahmedabad,False
9084,Advik Singh,Kolkata,False
9085,Advik Singh,Gurgaon,False
9086,Ananya Gupta,Ahmedabad,False
9087,Diya Gupta,Delhi,False
9088,Aarav Sharma,Kolkata,False
9089,Vihaan Patel,Jaipur,False
9090,Diya Sharma,Jaipur,False
9091,Advik Singh,Bangalore,False
9092,Ananya Sharma,Jaipur,False
9093,Ananya Singh,Hyderabad,False
9094,Aarav Sharma,Bangalore,False
9095,Advik Gupta,Pune,False
9096,Vihaan Singh,Jaipur,False
9097,Ananya Singh,Delhi,False
9098,Aarav Gupta,Noida,False
9099,Diya Verma,Jaipur,False
9100,Vihaan Sharma,Gurgaon,True
9101,Diya Gupta,Kolkata,False
9102,Aarav Gupta,Hyderabad,False
9103,Aarav Verma,Jaipur,False
9104,Saanvi Gupta,Hyderabad,False
9105,Vihaan Singh,Lucknow,False
9106,Saanvi Singh,Delhi,False
9107,Saanvi Verma,Pune,False
9108,Ananya Singh,Hyderabad,False
9109,Aarav Verma,Lucknow,True
9110,Advik Sharma,Gurgaon,False
9111,Vihaan Patel,Gurgaon,False
9112,Aarav Singh,Noida,True
9113,Saanvi Gupta,Chennai,False
9114,Advik Gupta,Ahmedabad,False
9115,Vihaan Gupta,Noida,False
9116,Ananya Sharma,Ahmedabad,False
9117,Vihaan Patel,Lucknow,False
9118,Ananya Verma,Delhi,False
9119,Saanvi Patel,Jaipur,False
9120,Diya Patel,Mumbai,False
9121,Ananya Patel,Pune,False
9122,Saanvi Patel,Ahmedabad,False
9123,Vihaan Patel,Ahmedabad,False
9124,Saanvi Patel,Pune,False
9125,Aarav Gupta,Bangalore,True
9126,Aarav Verma,Lucknow,False
9127,Advik Patel,Ahmedabad,False
9128,Diya Sharma,Jaipur,False
9129,Vihaan Verma,Jaipur,False
9130,Aarav Verma,Noida,False
9131,Advik Singh,Pune,False
9132,Diya Singh,Ahmedabad,False
9133,Diya Patel,Jaipur,False
9134,Ananya Verma,Gurgaon,False
9135,Diya Singh,Mumbai,False
9136,Vihaan Sharma,Ahmedabad,False
9137,Diya Singh,Ahmedabad,False
9138,Ananya Singh,Delhi,False
9139,Aarav Singh,Bangalore,False
9140,Vihaan Verma,Pune,False
9141,Ananya Gupta,Gurgaon,False
9142,Diya Verma,Hyderabad,False
9143,Vihaan Singh,Gurgaon,False
9144,Aarav Sharma,Pune,False
9145,Ananya Patel,Chennai,False
9146,Diya Verma,Mumbai,False
9147,Diya Verma,Jaipur,False
9148,Vihaan Verma,Ahmedabad,False
9149,Diya Sharma,Pune,False
9150,Ananya Sharma,Jaipur,False
9151,Ananya Gupta,Chennai,False
9152,Diya Patel,Kolkata,False
9153,Saanvi Verma,Kolkata,False
9154,Diya Sharma,Pune,False
9155,Diya Singh,Ahmedabad,False
9156,Aarav Gupta,Kolkata,False
9157,Ananya Singh,Lucknow,False
9158,Advik Singh,Chennai,False
9159,Aarav Gupta,Pune,False
9160,Ananya Singh,Gurgaon,False
9161,Vihaan Verma,Jaipur,False
9162,Aarav Verma,Pune,False
9163,Ananya Gupta,Ahmedabad,False
9164,Saanvi Singh,Mumbai,True
9165,Diya Verma,Hyderabad,False
9166,Ananya Gupta,Kolkata,False
9167,Saanvi Gupta,Bangalore,False
9168,Aarav Singh,Noida,True
9169,Advik Patel,Chennai,False
9170,Aarav Verma,Jaipur,True
9171,Vihaan Patel,Ahmedabad,True
9172,Aarav Verma,Jaipur,False
9173,Diya Sharma,Noida,False
9174,Vihaan Verma,Chennai,False
9175,Advik Sharma,Chennai,False
9176,Advik Sharma,Mumbai,False
9177,Aarav Sharma,Chennai,False
9178,Vihaan Singh,Pune,False
9179,Vihaan Gupta,Noida,False
9180,Vihaan Singh,Gurgaon,False
9181,Diya Sharma,Chennai,False
9182,Ananya Patel,Noida,False
9183,Ananya Singh,Jaipur,False
9184,Saanvi Gupta,Chennai,False
9185,Ananya Patel,Chennai,False
9186,Ananya Gupta,Mumbai,False
9187,Ananya Verma,Jaipur,False
9188,Vihaan Patel,Jaipur,False
9189,Diya Sharma,Pune,False
9190,Ananya Sharma,Ahmedabad,False
9191,Ananya Verma,Jaipur,False
9192,Saanvi Gupta,Bangalore,False
9193,Aarav Singh,Lucknow,False
9194,Saanvi Patel,Bangalore,False
9195,Aarav Singh,Lucknow,False
9196,Aarav Patel,Lucknow,False
9197,Aarav Gupta,Chennai,False
9198,Saanvi Gupta,Chennai,False
9199,Vihaan Sharma,Lucknow,False
9200,Saanvi Singh,Kolkata,False
9201,Diya Verma,Mumbai,False
9202,Advik Verma,Pune,False
9203,Vihaan Gupta,Lucknow,False
9204,Vihaan Sharma,Bangalore,False
9205,Ananya Gupta,Mumbai,False
9206,Vihaan Patel,Hyderabad,False
9207,Diya Verma,Pune,False
9208,Aarav Patel,Pune,True
9209,Saanvi Sharma,Ahmedabad,False
9210,Ananya Verma,Chennai,False
9211,Ananya Patel,Kolkata,True
9212,Aarav Gupta,Gurgaon,False
9213,Ananya Sharma,Bangalore,False
9214,Saanvi Verma,Bangalore,False
9215,Diya Sharma,Delhi,False
9216,Advik Sharma,Delhi,False
9217,Ananya Verma,Pune,False
9218,Saanvi Gupta,Gurgaon,True
9219,Vihaan Patel,Lucknow,False
9220,Saanvi Verma,Gurgaon,False
9221,Diya Sharma,Bangalore,False
9222,Ananya Verma,Delhi,False
9223,Vihaan Sharma,Bangalore,False
9224,Saanvi Verma,Ahmedabad,True
9225,Vihaan Sharma,Delhi,False
9226,Ananya Patel,Mumbai,False
9227,Advik Patel,Mumbai,False
9228,Saanvi Patel,Jaipur,True
9229,Diya Singh,Pune,False
9230,Vihaan Verma,Delhi,False
9231,Aarav Patel,Kolkata,True
9232,Vihaan Sharma,Lucknow,False
9233,Ananya Singh,Ahmedabad,False
9234,Saanvi Verma,Delhi,False
9235,Vihaan Verma,Noida,False
9236,Saanvi Singh,Gurgaon,True
9237,Ananya Sharma,Gurgaon,True
9238,Saanvi Verma,Jaipur,False
9239,Advik Sharma,Kolkata,False
9240,Advik Singh,Pune,True
9241,Aarav Sharma,Hyderabad,False
9242,Vihaan Sharma,Hyderabad,False
9243,Ananya Patel,Chennai,False
9244,Diya Sharma,Pune,False
9245,Diya Singh,Chennai,True
9246,Saanvi Singh,Gurgaon,False
9247,Saanvi Verma,Chennai,False
9248,Saanvi Singh,Bangalore,False
9249,Diya Verma,Delhi,False
9250,Vihaan Singh,Lucknow,False
9251,Aarav Sharma,Lucknow,False
9252,Saanvi Sharma,Chennai,False
9253,Saanvi Singh,Mumbai,False
9254,Advik Patel,Noida,False
9255,Vihaan Sharma,Noida,False
9256,Diya Sharma,Mumbai,False
9257,Advik Gupta,Noida,False
9258,Diya Singh,Lucknow,False
9259,Saanvi Verma,Hyderabad,False
9260,Diya Sharma,Mumbai,False
9261,Saanvi Gupta,Ahmedabad,False
9262,Aarav Patel,Gurgaon,False
9263,Aarav Gupta,Lucknow,True
9264,Diya Verma,Hyderabad,False
9265,Ananya Verma,Mumbai,False
9266,Diya Gupta,Ahmedabad,False
9267,Ananya Gupta,Jaipur,False
9268,Advik Patel,Hyderabad,False
9269,Saanvi Verma,Hyderabad,False
9270,Advik Sharma,Kolkata,False
9271,Vihaan Patel,Chennai,False
9272,Saanvi Verma,Lucknow,False
9273,Ananya Gupta,Chennai,False
9274,Aarav Verma,Kolkata,False
9275,Advik Singh,Mumbai,False
9276,Ananya Patel,Bangalore,False
9277,Vihaan Singh,Gurgaon,False
9278,Vihaan Patel,Jaipur,False
9279,Diya Patel,Lucknow,False
9280,Vihaan Patel,Mumbai,True
9281,Saanvi Verma,Noida,False
9282,Ananya Patel,Pune,False
9283,Ananya Patel,Noida,False
9284,Saanvi Gupta,Delhi,False
9285,Diya Sharma,Bangalore,True
9286,Vihaan Sharma,Gurgaon,False
9287,Vihaan Patel,Gurgaon,False
9288,Aarav Sharma,Pune,False
9289,Ananya Sharma,Ahmedabad,False
9290,Saanvi Gupta,Pune,False
9291,Ananya Singh,Bangalore,False
9292,Saanvi Gupta,Jaipur,False
9293,Diya Sharma,Delhi,False
9294,Diya Sharma,Delhi,False
9295,Aarav Verma,Noida,True
9296,Advik Patel,Bangalore,False
9297,Saanvi Sharma,Chennai,False
9298,Saanvi Gupta,Noida,False
9299,Ananya Verma,Jaipur,False
9300,Vihaan Singh,Ahmedabad,False
9301,Vihaan Singh,Gurgaon,True
9302,Ananya Sharma,Hyderabad,False
9303,Saanvi Gupta,Lucknow,False
9304,Ananya Gupta,Kolkata,False
9305,Diya Singh,Mumbai,True
9306,Aarav Sharma,Delhi,False
9307,Diya Verma,Bangalore,False
9308,Vihaan Verma,Ahmedabad,False
9309,Advik Singh,Pune,False
9310,Saanvi Sharma,Lucknow,False
9311,Diya Verma,Noida,False
9312,Vihaan Patel,Chennai,False
9313,Aarav Patel,Chennai,False
9314,Saanvi Singh,Mumbai,False
9315,Advik Verma,Pune,True
9316,Saanvi Patel,Kolkata,True
9317,Saanvi Gupta,Mumbai,False
9318,Aarav Verma,Noida,False
9319,Ananya Sharma,Hyderabad,False
9320,Advik Gupta,Ahmedabad,False
9321,Saanvi Singh,Gurgaon,True
9322,Saanvi Singh,Bangalore,False
9323,Advik Gupta,Jaipur,False
9324,Ananya Sharma,Pune,False
9325,Advik Gupta,Pune,False
9326,Saanvi Singh,Noida,False
9327,Ananya Verma,Delhi,False
9328,Saanvi Singh,Jaipur,False
9329,Ananya Singh,Bangalore,False
9330,Vihaan Patel,Mumbai,False
9331,Aarav Singh,Jaipur,False
9332,Saanvi Sharma,Lucknow,False
9333,Vihaan Gupta,Pune,False
9334,Saanvi Gupta,Jaipur,False
9335,Advik Verma,Hyderabad,False
9336,Aarav Singh,Jaipur,False
9337,Vihaan Verma,Noida,False
9338,Saanvi Patel,Kolkata,False
9339,Aarav Sharma,Mumbai,True
9340,Aarav Singh,Ahmedabad,False
9341,Aarav Verma,Lucknow,False
9342,Ananya Gupta,Gurgaon,False
9343,Aarav Verma,Mumbai,False
9344,Advik Gupta,Ahmedabad,False
9345,Saanvi Gupta,Bangalore,False
9346,Saanvi Verma,Chennai,False
9347,Vihaan Patel,Hyderabad,False
9348,Diya Verma,Lucknow,False
9349,Diya Gupta,Noida,False
9350,Advik Patel,Delhi,False
9351,Aarav Verma,Noida,False
9352,Diya Gupta,Lucknow,False
9353,Saanvi Singh,Delhi,False
9354,Ananya Patel,Ahmedabad,False
9355,Saanvi Sharma,Ahmedabad,False
9356,Diya Sharma,Lucknow,False
9357,Advik Gupta,Delhi,False
9358,Aarav Singh,Jaipur,False
9359,Aarav Singh,Delhi,True
9360,Diya Gupta,Pune,False
9361,Saanvi Sharma,Delhi,False
9362,Advik Verma,Mumbai,False
9363,Diya Gupta,Pune,False
9364,Ananya Singh,Hyderabad,False
9365,Saanvi Patel,Ahmedabad,False
9366,Ananya Verma,Hyderabad,False
9367,Saanvi Singh,Pune,False
9368,Saanvi Singh,Gurgaon,True
9369,Diya Patel,Ahmedabad,False
9370,Saanvi Verma,Chennai,False
9371,Ananya Sharma,Bangalore,True
9372,Saanvi Patel,Mumbai,False
9373,Vihaan Verma,Noida,False
9374,Advik Sharma,Kolkata,False
9375,Diya Singh,Jaipur,True
9376,Advik Singh,Chennai,False
9377,Vihaan Patel,Hyderabad,False
9378,Saanvi Gupta,Gurgaon,True
9379,Ananya Singh,Lucknow,False
9380,Aarav Sharma,Mumbai,False
9381,Saanvi Singh,Mumbai,False
9382,Saanvi Patel,Mumbai,False
9383,Vihaan Singh,Ahmedabad,False
9384,Advik Patel,Jaipur,False
9385,Saanvi Singh,Kolkata,False
9386,Aarav Singh,Jaipur,True
9387,Advik Verma,Pune,False
9388,Advik Verma,Lucknow,False
9389,Diya Singh,Jaipur,False
9390,Diya Singh,Lucknow,False
9391,Diya Gupta,Mumbai,False
9392,Ananya Gupta,Chennai,False
9393,Diya Verma,Noida,False
9394,Ananya Gupta,Delhi,False
9395,Advik Verma,Ahmedabad,False
9396,Advik Gupta,Gurgaon,False
9397,Ananya Sharma,Mumbai,False
9398,Ananya Verma,Bangalore,True
9399,Diya Verma,Noida,False
9400,Vihaan Sharma,Hyderabad,False
9401,Saanvi Singh,Lucknow,False
9402,Ananya Gupta,Bangalore,False
9403,Ananya Singh,Hyderabad,False
9404,Advik Sharma,Gurgaon,False
9405,Ananya Sharma,Jaipur,False
9406,Ananya Sharma,Noida,False
9407,Vihaan Verma,Pune,False
9408,Saanvi Singh,Chennai,False
9409,Ananya Patel,Hyderabad,False
9410,Saanvi Patel,Kolkata,False
9411,Aarav Gupta,Hyderabad,False
9412,Diya Patel,Hyderabad,False
9413,Diya Singh,Hyderabad,False
9414,Ananya Verma,Bangalore,False
9415,Ananya Singh,Bangalore,False
9416,Advik Verma,Gurgaon,False
9417,Vihaan Singh,Lucknow,False
9418,Ananya Patel,Hyderabad,False
9419,Vihaan Verma,Jaipur,False
9420,Saanvi Sharma,Mumbai,False
9421,Advik Gupta,Bangalore,False
9422,Ananya Sharma,Hyderabad,False
9423,Aarav Gupta,Hyderabad,False
9424,Vihaan Sharma,Lucknow,False
9425,Advik Verma,Ahmedabad,False
9426,Diya Sharma,Bangalore,False
9427,Diya Patel,Lucknow,False
9428,Ananya Singh,Hyderabad,False
9429,Advik Patel,Jaipur,False
9430,Ananya Sharma,Gurgaon,False
9431,Advik Singh,Ahmedabad,True
9432,Saanvi Singh,Pune,False
9433,Saanvi Gupta,Pune,False
9434,Saanvi Verma,Delhi,False
9435,Saanvi Patel,Hyderabad,False
9436,Saanvi Verma,Noida,False
9437,Ananya Verma,Jaipur,False
9438,Diya Verma,Lucknow,False
9439,Advik Singh,Ahmedabad,False
9440,Advik Verma,Pune,False
9441,Vihaan Patel,Ahmedabad,False
9442,Advik Sharma,Hyderabad,False
9443,Advik Patel,Gurgaon,False
9444,Saanvi Patel,Hyderabad,False
9445,Aarav Gupta,Mumbai,False
9446,Aarav Patel,Ahmedabad,False
9447,Advik Singh,Chennai,False
9448,Aarav Sharma,Bangalore,False
9449,Diya Singh,Noida,False
9450,Saanvi Patel,Noida,False
9451,Aarav Singh,Lucknow,False
9452,Ananya Singh,Noida,False
9453,Ananya Patel,Kolkata,False
9454,Diya Verma,Bangalore,False
9455,Ananya Patel,Delhi,False
9456,Aarav Verma,Ahmedabad,False
9457,Ananya Verma,Gurgaon,False
9458,Vihaan Sharma,Chennai,False
9459,Diya Verma,Lucknow,False
9460,Vihaan Patel,Lucknow,False
9461,Vihaan Patel,Kolkata,False
9462,Ananya Patel,Pune,True
9463,Advik Patel,Chennai,False
9464,Saanvi Gupta,Noida,False
9465,Saanvi Gupta,Hyderabad,True
9466,Aarav Patel,Gurgaon,False
9467,Aarav Verma,Jaipur,False
9468,Aarav Verma,Jaipur,False
9469,Diya Verma,Noida,False
9470,Vihaan Verma,Chennai,False
9471,Saanvi Singh,Hyderabad,False
9472,Vihaan Verma,Jaipur,False
9473,Advik Singh,Pune,False
9474,Advik Sharma,Noida,False
9475,Aarav Sharma,Kolkata,False
9476,Advik Sharma,Pune,False
9477,Diya Singh,Jaipur,False
9478,Aarav Singh,Hyderabad,False
9479,Saanvi Verma,Noida,False
9480,Diya Patel,Kolkata,False
9481,Vihaan Singh,Ahmedabad,False
9482,Ananya Gupta,Delhi,False
9483,Diya Sharma,Kolkata,False
9484,Advik Verma,Gurgaon,True
9485,Diya Gupta,Jaipur,False
9486,Ananya Patel,Delhi,True
9487,Ananya Singh,Hyderabad,False
9488,Diya Singh,Kolkata,False
9489,Ananya Singh,Hyderabad,False
9490,Vihaan Patel,Gurgaon,False
9491,Aarav Gupta,Bangalore,False
9492,Advik Sharma,Lucknow,False
9493,Diya Gupta,Delhi,False
9494,Diya Patel,Pune,False
9495,Diya Sharma,Kolkata,False
9496,Advik Patel,Hyderabad,False
9497,Ananya Verma,Pune,False
9498,Advik Singh,Ahmedabad,False
9499,Vihaan Patel,Mumbai,False
9500,Saanvi Gupta,Mumbai,False
9501,Aarav Patel,Kolkata,False
9502,Saanvi Singh,Pune,False
9503,Advik Verma,Pune,False
9504,Ananya Verma,Chennai,False
9505,Diya Patel,Chennai,False
9506,Aarav Verma,Delhi,False
9507,Diya Sharma,Hyderabad,False
9508,Aarav Sharma,Ahmedabad,False
9509,Vihaan Gupta,Pune,False
9510,Ananya Singh,Noida,True
9511,Ananya Patel,Mumbai,False
9512,Diya Gupta,Gurgaon,False
9513,Diya Patel,Delhi,False
9514,Aarav Singh,Delhi,False
9515,Aarav Gupta,Mumbai,False
9516,Vihaan Patel,Lucknow,False
9517,Ananya Gupta,Ahmedabad,False
9518,Saanvi Patel,Jaipur,False
9519,Aarav Patel,Lucknow,True
9520,Ananya Sharma,Chennai,False
9521,Vihaan Verma,Hyderabad,False
9522,Advik Singh,Jaipur,False
9523,Diya Sharma,Delhi,False
9524,Advik Gupta,Chennai,False
9525,Aarav Verma,Kolkata,False
9526,Diya Verma,Ahmedabad,True
9527,Aarav Sharma,Bangalore,False
9528,Ananya Singh,Delhi,False
9529,Aarav Gupta,Ahmedabad,True
9530,Saanvi Sharma,Kolkata,False
9531,Advik Patel,Delhi,False
9532,Diya Gupta,Mumbai,False
9533,Ananya Sharma,Kolkata,True
9534,Saanvi Patel,Hyderabad,False
9535,Advik Singh,Ahmedabad,False
9536,Advik Singh,Lucknow,False
9537,Diya Sharma,Ahmedabad,True
9538,Ananya Patel,Bangalore,False
9539,Vihaan Verma,Ahmedabad,False
9540,Ananya Sharma,Gurgaon,False
9541,Saanvi Sharma,Kolkata,False
9542,Vihaan Patel,Hyderabad,False
9543,Vihaan Sharma,Hyderabad,False
9544,Ananya Verma,Bangalore,True
9545,Ananya Sharma,Lucknow,True
9546,Vihaan Singh,Lucknow,True
9547,Diya Singh,Chennai,False
9548,Ananya Singh,Bangalore,False
9549,Ananya Patel,Mumbai,False
9550,Aarav Sharma,Jaipur,False
9551,Vihaan Singh,Jaipur,False
9552,Aarav Verma,Mumbai,False
9553,Advik Gupta,Delhi,False
9554,Diya Sharma,Bangalore,False
9555,Advik Singh,Mumbai,False
9556,Aarav Patel,Delhi,False
9557,Saanvi Verma,Lucknow,False
9558,Vihaan Patel,Kolkata,False
9559,Vihaan Sharma,Bangalore,False
9560,Advik Patel,Gurgaon,False
9561,Vihaan Sharma,Noida,False
9562,Vihaan Sharma,Pune,False
9563,Ananya Patel,Noida,False
9564,Saanvi Patel,Jaipur,False
9565,Aarav Sharma,Kolkata,False
9566,Saanvi Sharma,Kolkata,False
9567,Advik Sharma,Pune,False
9568,Ananya Verma,Delhi,True
9569,Aarav Verma,Noida,True
9570,Aarav Singh,Pune,False
9571,Saanvi Patel,Mumbai,False
9572,Saanvi Singh,Mumbai,False
9573,Saanvi Sharma,Jaipur,False
9574,Aarav Gupta,Mumbai,False
9575,Advik Verma,Pune,False
9576,Ananya Gupta,Pune,False
9577,Ananya Sharma,Noida,True
9578,Saanvi Gupta,Ahmedabad,True
9579,Vihaan Singh,Pune,False
9580,Diya Patel,Ahmedabad,False
9581,Advik Patel,Chennai,False
9582,Aarav Singh,Pune,False
9583,Ananya Sharma,Pune,False
9584,Advik Sharma,Pune,False
9585,Diya Singh,Noida,False
9586,Vihaan Patel,Pune,False
9587,Diya Patel,Delhi,False
9588,Ananya Verma,Mumbai,True
9589,Ananya Singh,Bangalore,False
9590,Saanvi Singh,Delhi,False
9591,Ananya Singh,Ahmedabad,False
9592,Aarav Verma,Lucknow,False
9593,Advik Singh,Noida,True
9594,Diya Singh,Bangalore,False
9595,Advik Singh,Noida,True
9596,Vihaan Gupta,Kolkata,False
9597,Ananya Singh,Ahmedabad,False
9598,Saanvi Singh,Gurgaon,False
9599,Aarav Singh,Chennai,False
9600,Diya Singh,Lucknow,False
9601,Vihaan Sharma,Chennai,False
9602,Diya Verma,Hyderabad,True
9603,Vihaan Gupta,Bangalore,False
9604,Vihaan Gupta,Bangalore,False
9605,Saanvi Singh,Mumbai,True
9606,Ananya Patel,Kolkata,False
9607,Diya Sharma,Gurgaon,False
9608,Ananya Sharma,Chennai,False
9609,Aarav Gupta,Jaipur,False
9610,Ananya Verma,Delhi,False
9611,Aarav Patel,Pune,False
9612,Diya Sharma,Chennai,False
9613,Advik Verma,Pune,False
9614,Vihaan Verma,Bangalore,False
9615,Saanvi Sharma,Mumbai,False
9616,Vihaan Patel,Pune,False
9617,Saanvi Verma,Jaipur,False
9618,Ananya Sharma,Pune,False
9619,Advik Singh,Ahmedabad,False
9620,Saanvi Verma,Lucknow,False
9621,Diya Singh,Kolkata,False
9622,Vihaan Gupta,Mumbai,False
9623,Aarav Sharma,Noida,False
9624,Vihaan Verma,Delhi,False
9625,Advik Patel,Lucknow,False
9626,Advik Sharma,Ahmedabad,False
9627,Aarav Sharma,Lucknow,False
9628,Vihaan Gupta,Bangalore,False
9629,Ananya Singh,Ahmedabad,False
9630,Diya Verma,Lucknow,False
9631,Advik Singh,Gurgaon,False
9632,Ananya Verma,Noida,False
9633,Saanvi Gupta,Ahmedabad,False
9634,Advik Verma,Hyderabad,False
9635,Diya Verma,Chennai,False
9636,Saanvi Verma,Bangalore,False
9637,Vihaan Gupta,Delhi,True
9638,Diya Patel,Lucknow,False
9639,Vihaan Patel,Mumbai,False
9640,Vihaan Gupta,Chennai,False
9641,Advik Patel,Bangalore,False
9642,Diya Verma,Mumbai,False
9643,Diya Singh,Gurgaon,False
9644,Diya Sharma,Ahmedabad,False
9645,Advik Singh,Pune,False
9646,Saanvi Patel,Gurgaon,True
9647,Saanvi Verma,Mumbai,False
9648,Ananya Verma,Delhi,False
9649,Vihaan Singh,Ahmedabad,False
9650,Vihaan Sharma,Chennai,False
9651,Saanvi Verma,Noida,False
9652,Saanvi Sharma,Gurgaon,False
9653,Saanvi Sharma,Pune,False
9654,Ananya Verma,Mumbai,False
9655,Aarav Sharma,Noida,True
9656,Ananya Gupta,Bangalore,False
9657,Advik Singh,Pune,False
9658,Diya Gupta,Pune,False
9659,Vihaan Sharma,Kolkata,False
9660,Diya Sharma,Delhi,False
9661,Ananya Verma,Hyderabad,False
9662,Ananya Patel,Gurgaon,False
9663,Diya Patel,Gurgaon,True
9664,Aarav Sharma,Jaipur,False
9665,Saanvi Gupta,Hyderabad,False
9666,Advik Patel,Gurgaon,False
9667,Saanvi Patel,Jaipur,False
9668,Advik Singh,Lucknow,True
9669,Advik Patel,Ahmedabad,True
9670,Diya Patel,Noida,True
9671,Saanvi Verma,Delhi,False
9672,Advik Verma,Gurgaon,False
9673,Vihaan Singh,Noida,False
9674,Vihaan Patel,Bangalore,False
9675,Ananya Patel,Mumbai,False
9676,Vihaan Verma,Delhi,False
9677,Vihaan Verma,Kolkata,False
9678,Advik Sharma,Gurgaon,True
9679,Diya Verma,Lucknow,False
9680,Ananya Patel,Hyderabad,False
9681,Advik Singh,Pune,False
9682,Saanvi Singh,Pune,True
9683,Aarav Verma,Noida,False
9684,Ananya Singh,Mumbai,True
9685,Diya Singh,Jaipur,False
9686,Advik Verma,Delhi,False
9687,Vihaan Patel,Bangalore,False
9688,Vihaan Patel,Noida,False
9689,Advik Verma,Gurgaon,False
9690,Ananya Singh,Bangalore,False
9691,Saanvi Verma,Kolkata,False
9692,Aarav Gupta,Jaipur,False
9693,Saanvi Patel,Noida,False
9694,Saanvi Sharma,Noida,False
9695,Diya Sharma,Pune,False
9696,Vihaan Sharma,Bangalore,False
9697,Saanvi Gupta,Hyderabad,False
9698,Advik Gupta,Kolkata,False
9699,Advik Sharma,Delhi,False
9700,Saanvi Gupta,Noida,False
9701,Vihaan Gupta,Bangalore,False
9702,Diya Verma,Gurgaon,False
9703,Aarav Singh,Jaipur,True
9704,Advik Verma,Noida,False
9705,Advik Sharma,Delhi,False
9706,Saanvi Gupta,Kolkata,False
9707,Ananya Patel,Lucknow,False
9708,Advik Gupta,Bangalore,True
9709,Vihaan Singh,Kolkata,False
9710,Aarav Verma,Noida,False
9711,Saanvi Singh,Chennai,False
9712,Vihaan Singh,Noida,False
9713,Advik Singh,Gurgaon,False
9714,Advik Verma,Chennai,False
9715,Diya Sharma,Hyderabad,False
9716,Ananya Sharma,Gurgaon,False
9717,Advik Sharma,Kolkata,False
9718,Advik Sharma,Ahmedabad,False
9719,Ananya Verma,Noida,False
9720,Vihaan Verma,Hyderabad,False
9721,Aarav Singh,Noida,False
9722,Aarav Sharma,Delhi,True
9723,Vihaan Patel,Delhi,False
9724,Advik Sharma,Pune,False
9725,Saanvi Verma,Noida,False
9726,Diya Patel,Bangalore,False
9727,Ananya Patel,Kolkata,True
9728,Aarav Patel,Noida,True
9729,Diya Gupta,Gurgaon,False
9730,Aarav Gupta,Lucknow,False
9731,Saanvi Patel,Kolkata,False
9732,Ananya Singh,Hyderabad,False
9733,Aarav Singh,Gurgaon,False
9734,Advik Singh,Gurgaon,False
9735,Diya Singh,Bangalore,False
9736,Advik Singh,Delhi,True
9737,Vihaan Verma,Gurgaon,False
9738,Ananya Verma,Lucknow,False
9739,Ananya Patel,Noida,False
9740,Diya Verma,Pune,False
9741,Advik Singh,Delhi,False
9742,Saanvi Gupta,Chennai,False
9743,Diya Patel,Hyderabad,False
9744,Diya Singh,Mumbai,False
9745,Saanvi Gupta,Pune,False
9746,Aarav Singh,Lucknow,False
9747,Saanvi Verma,Jaipur,False
9748,Diya Sharma,Kolkata,False
9749,Ananya Singh,Ahmedabad,False
9750,Advik Patel,Noida,False
9751,Aarav Patel,Chennai,False
9752,Diya Verma,Chennai,False
9753,Diya Patel,Pune,False
9754,Saanvi Verma,Noida,False
9755,Diya Sharma,Bangalore,False
9756,Vihaan Singh,Noida,False
9757,Saanvi Singh,Chennai,False
9758,Ananya Gupta,Ahmedabad,False
9759,Saanvi Singh,Noida,False
9760,Advik Gupta,Gurgaon,False
9761,Ananya Gupta,Lucknow,False
9762,Vihaan Gupta,Gurgaon,False
9763,Ananya Sharma,Jaipur,False
9764,Ananya Sharma,Chennai,False
9765,Diya Verma,Kolkata,False
9766,Advik Gupta,Lucknow,False
9767,Advik Patel,Noida,False
9768,Vihaan Patel,Pune,False
9769,Aarav Verma,Gurgaon,False
9770,Ananya Gupta,Ahmedabad,False
9771,Aarav Singh,Ahmedabad,True
9772,Vihaan Patel,Hyderabad,False
9773,Advik Gupta,Noida,False
9774,Vihaan Patel,Delhi,False
9775,Advik Singh,Pune,False
9776,Advik Sharma,Jaipur,False
9777,Aarav Singh,Hyderabad,False
9778,Aarav Gupta,Delhi,False
9779,Saanvi Singh,Hyderabad,False
9780,Saanvi Gupta,Mumbai,False
9781,Aarav Verma,Noida,False
9782,Vihaan Patel,Gurgaon,False
9783,Diya Verma,Hyderabad,False
9784,Diya Singh,Pune,False
9785,Ananya Singh,Noida,False
9786,Vihaan Verma,Bangalore,False
9787,Vihaan Patel,Kolkata,False
9788,Aarav Gupta,Kolkata,False
9789,Aarav Patel,Pune,False
9790,Aarav Sharma,Delhi,True
9791,Saanvi Singh,Noida,True
9792,Advik Sharma,Lucknow,False
9793,Ananya Sharma,Noida,False
9794,Advik Gupta,Kolkata,False
9795,Diya Patel,Lucknow,False
9796,Advik Verma,Hyderabad,False
9797,Aarav Singh,Delhi,False
9798,Vihaan Gupta,Gurgaon,False
9799,Ananya Gupta,Jaipur,False
9800,Advik Patel,Hyderabad,False
9801,Aarav Gupta,Lucknow,False
9802,Saanvi Verma,Noida,True
9803,Diya Sharma,Jaipur,False
9804,Advik Singh,Chennai,False
9805,Diya Sharma,Gurgaon,True
9806,Saanvi Patel,Lucknow,False
9807,Vihaan Patel,Bangalore,False
9808,Saanvi Singh,Delhi,False
9809,Advik Sharma,Bangalore,False
9810,Diya Gupta,Chennai,False
9811,Advik Patel,Pune,False
9812,Aarav Verma,Hyderabad,False
9813,Advik Singh,Mumbai,False
9814,Saanvi Patel,Mumbai,False
9815,Aarav Sharma,Lucknow,False
9816,Diya Gupta,Delhi,False
9817,Diya Gupta,Mumbai,False
9818,Diya Patel,Hyderabad,False
9819,Saanvi Gupta,Gurgaon,False
9820,Ananya Patel,Hyderabad,False
9821,Vihaan Gupta,Ahmedabad,False
9822,Ananya Singh,Hyderabad,False
9823,Ananya Gupta,Jaipur,False
9824,Ananya Gupta,Kolkata,False
9825,Vihaan Patel,Mumbai,False
9826,Vihaan Sharma,Gurgaon,False
9827,Advik Verma,Lucknow,False
9828,Ananya Verma,Jaipur,False
9829,Diya Singh,Jaipur,False
9830,Saanvi Patel,Ahmedabad,False
9831,Ananya Gupta,Mumbai,False
9832,Saanvi Patel,Chennai,False
9833,Advik Verma,Mumbai,False
9834,Vihaan Sharma,Gurgaon,False
9835,Ananya Singh,Mumbai,False
9836,Ananya Verma,Noida,False
9837,Aarav Sharma,Jaipur,False
9838,Vihaan Sharma,Bangalore,False
9839,Advik Patel,Noida,False
9840,Vihaan Sharma,Kolkata,False
9841,Vihaan Verma,Chennai,False
9842,Diya Gupta,Pune,False
9843,Vihaan Sharma,Gurgaon,False
9844,Advik Sharma,Chennai,False
9845,Aarav Verma,Lucknow,False
9846,Vihaan Sharma,Delhi,False
9847,Saanvi Patel,Chennai,False
9848,Advik Gupta,Mumbai,True
9849,Vihaan Verma,Delhi,False
9850,Advik Verma,Jaipur,True
9851,Saanvi Singh,Ahmedabad,False
9852,Aarav Gupta,Ahmedabad,False
9853,Saanvi Sharma,Kolkata,False
9854,Aarav Gupta,Pune,False
9855,Saanvi Singh,Hyderabad,False
9856,Ananya Singh,Gurgaon,False
9857,Vihaan Patel,Ahmedabad,False
9858,Vihaan Gupta,Jaipur,False
9859,Saanvi Gupta,Hyderabad,False
9860,Aarav Gupta,Delhi,False
9861,Diya Verma,Lucknow,False
9862,Advik Verma,Noida,False
9863,Vihaan Patel,Chennai,False
9864,Aarav Patel,Chennai,False
9865,Ananya Gupta,Lucknow,False
9866,Diya Patel,Ahmedabad,False
9867,Aarav Gupta,Chennai,False
9868,Vihaan Sharma,Ahmedabad,False
9869,Diya Patel,Chennai,False
9870,Ananya Patel,Gurgaon,False
9871,Saanvi Gupta,Mumbai,False
9872,Ananya Patel,Ahmedabad,False
9873,Saanvi Sharma,Jaipur,False
9874,Saanvi Sharma,Ahmedabad,False
9875,Saanvi Gupta,Pune,False
9876,Ananya Sharma,Hyderabad,False
9877,Aarav Singh,Noida,False
9878,Ananya Gupta,Chennai,False
9879,Vihaan Gupta,Chennai,False
9880,Aarav Sharma,Ahmedabad,False
9881,Vihaan Verma,Gurgaon,False
9882,Ananya Gupta,Gurgaon,False
9883,Diya Singh,Gurgaon,False
9884,Advik Verma,Chennai,False
9885,Saanvi Sharma,Bangalore,False
9886,Diya Verma,Pune,False
9887,Vihaan Singh,Kolkata,False
9888,Aarav Sharma,Gurgaon,True
9889,Ananya Gupta,Chennai,False
9890,Ananya Patel,Pune,False
9891,Saanvi Singh,Gurgaon,False
9892,Saanvi Sharma,Noida,False
9893,Vihaan Patel,Chennai,False
9894,Saanvi Singh,Delhi,False
9895,Ananya Patel,Hyderabad,False
9896,Aarav Verma,Gurgaon,False
9897,Ananya Patel,Jaipur,False
9898,Diya Gupta,Delhi,False
9899,Vihaan Singh,Bangalore,False
9900,Diya Gupta,Hyderabad,False
9901,Ananya Gupta,Delhi,False
9902,Vihaan Gupta,Delhi,False
9903,Saanvi Sharma,Mumbai,False
9904,Ananya Gupta,Ahmedabad,False
9905,Ananya Gupta,Chennai,False
9906,Ananya Gupta,Noida,False
9907,Aarav Singh,Ahmedabad,False
9908,Saanvi Verma,Hyderabad,False
9909,Saanvi Singh,Jaipur,False
9910,Diya Singh,Ahmedabad,True
9911,Advik Gupta,Mumbai,False
9912,Saanvi Patel,Delhi,True
9913,Diya Sharma,Pune,False
9914,Diya Sharma,Chennai,False
9915,Saanvi Singh,Ahmedabad,False
9916,Vihaan Sharma,Lucknow,False
9917,Diya Patel,Hyderabad,False
9918,Advik Singh,Mumbai,False
9919,Advik Verma,Delhi,False
9920,Diya Sharma,Ahmedabad,False
9921,Advik Patel,Ahmedabad,False
9922,Saanvi Sharma,Delhi,True
9923,Ananya Patel,Hyderabad,False
9924,Aarav Sharma,Chennai,False
9925,Vihaan Sharma,Bangalore,False
9926,Aarav Sharma,Kolkata,False
9927,Saanvi Verma,Jaipur,False
9928,Advik Singh,Hyderabad,False
9929,Aarav Verma,Mumbai,False
9930,Vihaan Patel,Ahmedabad,False
9931,Advik Verma,Lucknow,False
9932,Aarav Patel,Ahmedabad,False
9933,Advik Gupta,Pune,False
9934,Diya Patel,Delhi,False
9935,Diya Singh,Noida,False
9936,Saanvi Gupta,Bangalore,False
9937,Advik Verma,Pune,False
9938,Aarav Verma,Pune,False
9939,Diya Singh,Pune,False
9940,Vihaan Singh,Pune,False
9941,Aarav Gupta,Gurgaon,False
9942,Vihaan Verma,Gurgaon,False
9943,Diya Singh,Hyderabad,False
9944,Saanvi Gupta,Ahmedabad,True
9945,Saanvi Patel,Gurgaon,False
9946,Ananya Gupta,Kolkata,False
9947,Ananya Singh,Ahmedabad,False
9948,Aarav Gupta,Pune,False
9949,Advik Verma,Kolkata,False
9950,Ananya Verma,Delhi,False
9951,Ananya Singh,Noida,False
9952,Vihaan Verma,Kolkata,False
9953,Vihaan Singh,Kolkata,False
9954,Advik Patel,Noida,False
9955,Advik Singh,Noida,False
9956,Advik Sharma,Delhi,False
9957,Advik Verma,Bangalore,False
9958,Vihaan Verma,Lucknow,False
9959,Saanvi Verma,Pune,False
9960,Diya Verma,Bangalore,False
9961,Vihaan Singh,Hyderabad,False
9962,Saanvi Patel,Pune,True
9963,Diya Sharma,Hyderabad,False
9964,Diya Gupta,Jaipur,False
9965,Advik Gupta,Gurgaon,False
9966,Aarav Gupta,Chennai,False
9967,Diya Gupta,Lucknow,False
9968,Saanvi Singh,Lucknow,False
9969,Ananya Singh,Ahmedabad,False
9970,Saanvi Sharma,Mumbai,False
9971,Ananya Sharma,Jaipur,False
9972,Diya Singh,Lucknow,False
9973,Saanvi Gupta,Kolkata,False
9974,Diya Verma,Bangalore,False
9975,Ananya Singh,Delhi,False
9976,Diya Gupta,Hyderabad,False
9977,Ananya Verma,Mumbai,True
9978,Vihaan Sharma,Lucknow,False
9979,Diya Gupta,Gurgaon,False
9980,Ananya Verma,Mumbai,False
9981,Aarav Patel,Delhi,False
9982,Advik Gupta,Lucknow,False
9983,Aarav Gupta,Noida,False
9984,Aarav Verma,Hyderabad,False
9985,Advik Gupta,Mumbai,False
9986,Saanvi Gupta,Hyderabad,False
9987,Vihaan Patel,Ahmedabad,False
9988,Diya Singh,Noida,False
9989,Vihaan Verma,Gurgaon,False
9990,Saanvi Sharma,Pune,False
9991,Vihaan Patel,Delhi,True
9992,Aarav Patel,Kolkata,False
9993,Saanvi Singh,Mumbai,True
9994,Vihaan Verma,Kolkata,True
9995,Ananya Gupta,Gurgaon,False
9996,Saanvi Gupta,Kolkata,False
9997,Diya Gupta,Kolkata,False
9998,Ananya Verma,Gurgaon,True
9999,Vihaan Gupta,Kolkata,False
10000,Aarav Sharma,Pune,False
